title,link,date,views,shares,question,answer,sources,month_name,month,year,day,date_new,parsing_date,days_passed,hijri_month
Можно ли мусульманке выйти замуж за атеиста?,https://islam.kz/ru/questions/semya/nikyah/mojno-li-musulmanke-vyiti-zamuj-za-ateista-320/,"22 декабря 2025 г., 15:09",481,0,А что если я выйду замуж за атеиста? Считается ли такой брак действительным?,"Бисмилляхир-рахманир-рахим

Согласно исламскому шариату, мусульманская женщина может выходить замуж только за мусульманина. Выходить замуж за немусульманина ей запрещено. В Коране об этом говорится так:

«Мусульманки не дозволены им (неверующим), и они не дозволены мусульманкам» (сура «аль-Мумтахина», аят 10).

Под мусульманином понимается человек, который верит в единственность Аллаха и признаёт пророка Мухаммада ﷺ Посланником Аллаха.

Атеист, поскольку он не верит в основы веры (иман), мусульманином не считается. Поэтому создание семьи мусульманки с мужчиной-атеистом с точки зрения Ислама является тяжким грехом и запретным (харам) деянием. Даже если такой брак будет заключён, с точки зрения шариата он не считается действительным, а отношения между ними расцениваются как прелюбодеяние (зина).

Столпы веры (иман):вера в Аллаха;вера в Его ангелов;вера в ниспосланные Им Писания;вера в Его пророков;вера в Судный день;вера в предопределение — что и добро, и зло исходят от Аллаха.

Доказательства

Положение о том, что мусульманская женщина может выходить замуж только за мусульманина, основывается на следующих аятах Корана:

«Не выдавайте верующих женщин замуж за многобожников, пока они не уверуют. Поистине, верующий раб лучше многобожника, даже если тот вам нравится. Они призывают к Огню, а Аллах призывает, по Своему дозволению, к прощению и Раю. Он разъясняет Свои знамения людям — быть может, они задумаются»¹.

«Если вы узнали, что они являются верующими, то не возвращайте их неверующим. Мусульманки не дозволены им, и они не дозволены мусульманкам»².","¹ Священный Коран, сура «аль-Бакара», аят 221.
² Священный Коран, сура «аль-Мумтахина», аят 10.",December,12,2025,22,2025-12-22,2026-01-08,17,Rajab
«Можно ли носить часы на левой руке? Не противоречит ли это сунне?»,https://islam.kz/ru/questions/raznoe/mojno-li-nosit-chasy-na-levoi-ruke-ne-protivorechit-li-eto-sunne-319/,"11 ноября 2025 г., 15:57",743,0,"Нурлыбек Сабыргалиев: Ассаляму алейкум, устаз! Можно ли носить наручные часы на левой руке? Некоторые говорят: «Нужно носить на правой, потому что Посланник Аллаха ﷺ любил всё, что связано с правой стороной». Но, как мне кажется, этот хадис не имеет отношения к ношению часов. Или я ошибаюсь и поступаю не по сунне?","Бисмилляхир-рахманир-рахим. Ва алейкум ассалям ва рахматуллахи ва баракатух!

Мусульманину разрешается носить часы как на правой, так и на левой руке — в зависимости от удобства. С религиозной точки зрения в этом нет ничего предосудительного. Из достоверных преданий мы узнаём, что Пророк Мухаммад (мир ему и благословение Аллаха) иногда носил перстень на правой руке, а иногда — на левой(1). Поэтому по мазхабу Имам Абу Ханафи считается предпочтительным носить перстень на левой руке, хотя ношение на правой тоже не является порицаемым(2).

Следовательно, человек может носить часы на той руке, на которой ему удобнее — будь то правая или левая. Это не противоречит сунне.

Альхамдулилляхи раббиль алямин!

Абдусамат Касым","1) Сподвижник Анаc (да будет доволен им Аллах) сказал:
«Перстень Посланника Аллаха ﷺ был на этом пальце», — показав на мизинец левой руки.
(Имам Муслим, Сахих Муслим).
2) Ибн Абидин, Радд аль-Мухтар.",November,11,2025,11,2025-11-11,2026-01-08,58,Jumada al-Awwal
Разрешено ли в исламе праздновать Хэллоуин?,https://islam.kz/ru/questions/veroubejdenie/razresheno-li-v-islame-prazdnovat-hellouin-318/,"31 октября 2025 г., 20:11",1019,0,Каково исламское отношение к празднованию Хэллоуина?,"«Хэллоуин»— это праздник, берущий свое начало от древнего кельтского торжества«Самхейн» (Самайн), которое отмечали народы, населявшие территорию древней Британии и Ирландии. По сути, это своего рода «фестиваль язычников». Кельты праздновали Самхейн1 ноября, считая этот день началом нового года: осень завершалась, и начиналась зима — то есть «сезон тьмы». Согласно их представлениям, год делился на две части —время светаивремя тьмы.

Кроме того, кельты верили, что между миром живых и миром мёртвых существует некая преграда. В ночь на Самхейн, то есть31 октября, эта преграда якобы временно исчезает. Души умерших за прошедший год в эту ночь переходят в иной мир, а души, умершие ранее, временно возвращаются в мир живых, чтобы навестить своих родственников. По этой причине кельты оставляли двери домов открытыми и ставили за столом пустые стулья для духов предков.

Так как в эту ночь могли являться и злые духи, кельты разжигаликостры на вершинах холмов, чтобы отпугнуть их, а также надевалимаски, чтобы злые духи не узнали их.

Позднее земли, населённые кельтами, были завоёваныримлянами, которые принесли с собой свои праздники — день поминовения умерших и праздник в честьбогини плодов и урожая Помоны. Со временем эти традиции слились с кельтскими, в результате чего возникли обычаи наряжаться в маскарадные костюмы и украшать овощи (в частности, тыквы) как символ связи между духами, привидениями и миром мёртвых.

В этом контексте традиция надевать страшные костюмы на Хэллоуин объясняется как способотпугнуть злых духов.

Согласно шариату,празднование Хэллоуина в Исламе является «харам» — запретным делом. Это грех. В достоверном хадисе сказано:«Кто уподобляется какому-либо народу — тот из них».Следовательно, мусульманин, отмечающий Хэллоуин, подражает языческому народу (ведь кельты были многобожниками).

Во-первых, ложные верования, лежащие в основе Хэллоуина, противоречат основам исламской веры. Если мусульманин празднует Хэллоуин, он тем самымпропагандирует неверные, неисламские убеждения, что является грехом.

Во-вторых, сам Хэллоуин противоречитнравственности и воспитанию— это дело, исходящее от шайтана. Поэтому для всех мусульманотмечать Хэллоуин — запрещено (харам)и противоречит религии. (перевод с казахского оригинала).",,October,10,2025,31,2025-10-31,2026-01-08,69,Jumada al-Awwal
"«Раньше часто проклинал родственников, теперь раскаиваюсь. Как быть?»",https://islam.kz/ru/questions/raznoe/ranshe-chasto-proklinal-rodstvennikov-teper-raskaivayus-kak-byt-317/,"28 октября 2025 г., 14:37",502,0,"Ассаламу алейкум!Раньше у меня были конфликты с родственниками, и я в гневе произносил(а) в их адрес проклятия. Иногда это повторялось. Сейчас я сильно сожалею об этом и чувствую страх. Что мне делать? Если я раскаюсь и буду читать аяты из Корана, уйдёт ли это? Анонимно.","Бисмилляхир-рахманир-рахим

Уа алейкум ассалям ва рахматуллахи ва баракатух!

Произнесение проклятий (қарғыс) в нашей религии не одобряется. Пророк Мухаммад (мир ему и благословение Аллаха) сказал:

«Не проклинайте друг друга!»¹В другом хадисе он сказал:«Воистину, часто проклинающие не будут ни свидетелями, ни заступниками в День воскресения»².

Безосновательные проклятия могут рассматриваться как посягательство на права других людей.

Поэтому вам следует отказаться от этой привычки и искренне покаяться. Аллах прощает тех, кто исправляется. Также желательно после молитвы делать дуа за тех, кого вы когда-то проклинали, желая им добра — это и будет своего рода искуплением. В Коране сказано:

«Воистину, добрые дела устраняют плохие»³.","¹ Хадис: «Не проклинайте друг друга проклятием Аллаха, Его гневом и адом!» (ат-Тирмизи).
² Хадис: «Я слышал, как Посланник Аллаха (мир ему) сказал: “Воистину, у тех, кто часто проклинает, не будет ни заступников, ни свидетелей в День воскресения”» (Сахих Муслим).
³ Священный Коран, сура «Худ», аят 114.",October,10,2025,28,2025-10-28,2026-01-08,72,Jumada al-Awwal
"Проверка на инфекционные заболевания перед браком: Допустимо ли с точки зрения религии, или это считается противоречием судьбе?",https://islam.kz/ru/questions/semya/nikyah/proverka-na-infektsionnye-zabolevaniya-pered-brakom-dopustimo-li-s-tochki-zreniya-religii-ili-eto-schitaetsya-protivorechiem-sud-316/,"25 октября 2025 г., 17:16",521,0,"Здравствуйте! Прошу прощения, я хотела бы выяснить: вправе ли девушка потребовать от парня, за которого собирается выйти замуж, пройти обследование с целью выявления инфекционных заболеваний? Просто в наше время мы читаем и слышим о множестве разных ситуаций. Чтобы не пострадать в будущем, как расценивается такой шаг с точки зрения религии? Не является ли это противостоянием судьбе? Анонимно.","Во имя Аллаха, Милостивого, Милосердного (Бисмилляхир-Рахманир-Рахим)

Как девушка, так и парень, вправе потребовать от своего будущего спутника жизни пройти до брака медицинское обследование для выявления инфекционных или наследственных заболеваний. Это дело добровольное и не считается проявлением недовольства судьбой.

Однако, если у одного из них будет выявлено инфекционное заболевание, скрывать это – харам, то есть тяжкий грех. Если по причине этого сокрытия вторая сторона заразится или скончается, то сторона, скрывшая болезнь, будет нести полную ответственность за все последствия (наказания и компенсации) в соответствии с установлениями Шариата.

Также, если будет доказано, что один из них страдает инфекционным или наследственным заболеванием, которое негативно сказывается на целях брака, вторая сторона вправе отказаться от этого брака¹.

Тем не менее, не следует выставлять на всеобщее обозрение и позорить сторону, у которой обнаружилась болезнь; будет правильнее, если это останется тайной между ними. Лучше подбодрить [этого человека], сказав слова, дающие надежду на то, что он(а) сможет вылечиться и в будущем создать семью.

Аллаху ведомо лучше! (Истину знает лишь Аллах!)

(перевод с казахского оригинала)","¹ «Европейский Совет по Фетвам и Исследованиям» – 14-я сессия. Дублин, 14-18 Раджаб 1426 г.х. / 23-27 августа 2005 г. Доктор Али Карадаги, «аль-Кадая ат-Тыббия аль-Муасыра».",October,10,2025,25,2025-10-25,2026-01-08,75,Jumada al-Awwal
"Становится ли неверующим тот, кто считает курение халялным?",https://islam.kz/ru/questions/veroubejdenie/stanovitsya-li-neveruyushim-tot-kto-schitaet-kurenie-halyalnym-315/,"20 октября 2025 г., 19:10",653,0,"Уа алейкум ассалам!Разрешите добавить к этому вопросу: сигареты (электронные или обычные) — это халал, полностью харам или что-то среднее между ними? Если это харам, то насколько тяжким будет грех, если человек курит, считая это дозволенным? И если ему скажут, что это харам, но он не примет это, выходит ли он из Ислама? Ерасыл","Бисмилляхир-рахманир-рахим

Уа алейкум ассалам ва рахматуллахи ва баракатух!

В наши дни большинство учёных ислама пришли к выводу, что курение являетсяхарамом. Ранее были учёные, которые считали курениемакрухом(нежелательным), некоторые даже говорили, что ономубах(дозволено), но и тех, кто называл егохарамом, тоже было достаточно¹. Сегодня уже не секрет, что вред табака для человечества научно доказан. Учитывая, что это вредная привычка, приводящая к смерти, исламские учёные вынесли решение о её запретности (харамности). В Коране говорится:

«Он разрешает им хорошее и запрещает им скверное»².

Всё человечество признаёт, что курение не относится к числу хороших вещей.

Однако если мусульманин считает курениехалаломи говорит, что курить можно, —он не выходит из Ислама, и не становится муртаддом. Потому что это относится к разрядуиджтихадийных вопросов, то есть таких, по которым нет прямого, однозначного указания в Коране или хадисах, а решение по ним выведено позже.

Действительно, существует правило:«Тот, кто называет харам — халалом, выходит из религии».Однако это правило касается только тех запретов, которые установленыясными и недвусмысленными (катъи) доказательствамииз Корана, хадисов и единогласного мнения учёных.Примеры таких запретов:употребление свинины, вина, воровство, зина и т.п.Если мусульманин назовёт такие вещи халалом — он выходит из религии.

А если речь идёт о вещах, харамность которых не имеет прямого и категорического подтверждения в Коране и сунне,но выведена учёными на основе общих принципов шариата(или по которым существует разногласие ученых), — человек, считающий их дозволенными,не становится неверующим.

Таким образом, харамность курения относится именно киджтихадийным вопросам. Поэтому если мусульманин отрицает его запрет и считает курение дозволенным, онне выходит из Ислама, но при этомнесёт грех, ведь, считая допустимым вредное, он тем самым склоняет других к вреду. Этого самого уже достаточно как тяжкого бремени.

В этом контексте уместно привести словаимама ан-Навави (рахимахуллах):

Итак, постановление о харамности курения —иджтихадийное. А «иджтихадийное» означает —вопрос, по которому нет ясного и категорического доказательства в аятах и хадисах.Отрицание такого решенияне делает человека неверующим, однако он берёт на себя грех, поскольку отвергает мнение всех учёных, основанное на принципах шариата.

В Исламе есть строгие условия и критерии для того, чтобы назвать кого-либо муртаддом (вероотступник).Такое обвинение допускается только при наличии точных и недвусмысленных (катъи) доказательств. Но даже если какое-то запретное действие не выводит человека из религии — это не значит, что его можно совершать.

Аллаху аълям! Поистине, Аллах знает лучше!

Как говорил Ибн Мас‘уд (радияллаху анху):«Еслито что я сказал правдивы, то это от Аллаха, а если ошибочны — то от меня и от Шайтана».

Абдусамат Касым, islam.kz(Перевод выполнен с казахского оригинала)","¹ Подробнее об этом:
«Что говорили учёные ранних времён о курении?»
² Коран, сура «А‘раф», 157 аят.
³ Имам ан-Навави, «Раудат ат-Талибин».",October,10,2025,20,2025-10-20,2026-01-08,80,Rabi al-Thani
Мнение исламских учёных прошлых веков о курении,https://islam.kz/ru/questions/raznoe/mnenie-islamskih-uchenyh-proshlyh-vekov-o-kurenii-314/,"14 октября 2025 г., 18:37",504,0,"Ассаляму алейкум! Можно ли курить?В Коране и Сунне прямого указания на это нет, и учёные разделились во мнениях. Значит, человек может выбрать сам? — Салман.","Уа алейкум ассалам, уважаемый Салман!

Вы правы: во времена Пророка Мухаммада (мир ему и благословение) табака ещё не существовало, поэтому в Коране и хадисах не приводится его конкретный шариатский статус. По этой причине до XX века, то есть до того, как учёные доказали вред табака, исламские богословы придерживались трёх различных мнений:

1. Мнение тех, кто считал курение дозволенным (мубах):Чтобы объявить что-либо запретным (харам) или нежелательным (макрух), необходимо иметь прямое шариатское основание. В отношении табака такого доказательства не было. Кроме того, тогда ещё не было известно, что табак вредит организму, вызывает зависимость или влияет на разум. Поэтому, согласно общему шариатскому принципу«основное положение всех вещей — дозволенность»(аль-аслу фил-ашья’ аль-ибаха), они относили курение к разрешённым действиям.

2. Мнение тех, кто относил курение к макруху:Пророк (мир ему и благословение) сказал, что человеку, съевшему чеснок, нежелательно приходить в мечеть — из-за неприятного запаха. Аналогично, от курильщика исходит неприятный запах, мешающий окружающим, поэтому такое поведение признано макрух — нежелательным.

3. Мнение тех, кто объявил курение харамом:Хотя табак не вызывает опьянения, он ослабляет человека, расслабляет его тело и суставы. В хадисе, переданном имамом Ахмадом ибн Ханбалем, говорится:«Посланник Аллаха запретил всё, что опьяняет и ослабляет тело».Исходя из этого, часть учёных пришла к выводу, что курение следует считать харамом — запретным.[1]

Один из ханафитских учёных прошлого времени подвёл итог следующим образом:

«Чтобы определить, является ли табак халяль или харам, нужно опираться на два принципа:Первый — всё полезное дозволено;Второй — всё вредное запрещено.Следовательно, если будет установлено, что табак вреден и не несёт пользы, — он считается харамом. Если же вред не доказан, — остаётся дозволенным.»[2]

Вывод:Сегодня научно подтверждено, что курение наносит огромный вред здоровью человека. Это признают все специалисты в области медицины. Поэтому современные исламские учёные единодушно постановили, что курение является харамом — запретным.А истину лучше всех знает Аллах.

Абдусамат Касым, islam.kz(Перевод выполнен с казахского оригинала)","[1] Ибн Абидин. Радд аль-Мухтар, т.10, с.43.
[2]
Аль-Фатауа аль-Хамидия — Масāилун ва фаваидун шатта — шурб ад-духан.",October,10,2025,14,2025-10-14,2026-01-08,86,Rabi al-Thani
«Разрешается ли женщине во время месячных читать Коран про себя с телефона?»,https://islam.kz/ru/questions/dlya-jenshin/razreshaetsya-li-jenshine-vo-vremya-mesyachnyh-chitat-koran-pro-sebya-s-telefona-313/,"12 сентября 2025 г., 17:06",1474,0,,"Уа алейкум ассалам ва рахматуллахи ва баракатух!

В книгах фетв ханафитских учёных сказано, что во время менструации, послеродового кровотечения или состояния джанаба разрешается смотреть в Коран[1]. Когда учёные говорят «смотреть в Коран», это означает – можно читать его про себя, не беря мусхаф в руки. Шафиитский учёный Имам ан-Навави (р.а.) также упоминал, что по этому вопросу нет разногласий среди учёных. В одном из своих трудов он (р.а.) пишет:

Следовательно, во время менструации можно мысленно читать аяты или суры Корана с телефона или компьютера, не двигая губами и не произнося их. Но в это время (так же как и при джанабе) запрещается даже шёпотом читать Коран вслух, прикасаться напрямую к самому мусхафу и входить в мечеть.

Возникает вопрос: что делать учительницам Корана и девушкам-ученицам, которые постоянно заучивают аяты? На эту тему у нас есть отдельная статья«Заучивание Корана во время хайза… », с которой можно ознакомиться на сайте.

Абдусамат Касымislam.kz","[1] «Фатава аль-Хиндия», 1/43.
[2] «аль-Маджмуъ шарх аль-Мухаззаб».",September,9,2025,12,2025-09-12,2026-01-08,118,Rabi al-Awwal
«Истимна» рукой супруги: мнение ученых,https://islam.kz/ru/questions/semya/istimna-rukoi-suprugi-mnenie-uchenyh-312/,"27 августа 2025 г., 18:39",1534,0,Могут ли супруги доставлять друг другу удовлетворение рукой (совершать взаимную мастурбацию)? Дозволено ли им прикасаться к половым органам друг друга с этой целью?,"Прежде всего отметим: большинство ученых-богословов считают «истимна» (мастурбацию)запрещенным(харамом) или жемакрухом, близким к хараму. Однако, если существует реальная опасность впасть в прелюбодеяние (зина), тогда, как исключение, допускается прибегнуть кистимнадля удержания себя от большего греха. Конечно же, лучший путь обуздания страстей – это брак или соблюдение поста.

Что касается того, чтобы мужу удовлетворяться рукой своей жены, то в этом ученые усматривают дозволенность. Так, шафиитский ученый Закария аль-Ансари (1420–1520 гг.) сказал:«Мужчина может удовлетворять себя рукой своей жены или своей невольницы…»(Надо пояснить: во времена упомянутого ученого рабство существовало во всем мире, поэтому в старинных трудах нередко упоминаются отношения между хозяином и невольницей. Сегодня же рабство полностью упразднено).

Ханафитский ученый Алауддин аль-‘Аскяфи (1616–1677 гг.) пишет:«Если мужчина позволит своей жене или невольнице играть с его половым органом, и в результате произойдет семяизвержение, это считается макрухом, но никакого наказания (тазир) за это не полагается».

Комментируя эти слова, Ибн Абидин поясняет:«Как ясно видно, здесь под словом “макрух” подразумевается легкая форма макруха…»– и далее добавляет:«В разделе о нарушении поста мы приводили из книги “Ми‘радж” такие слова: “Допускается совершать истимна рукой своей жены или невольницы”».

Исходя из всего этого, можно сделать вывод: если мужчина удовлетворяется рукой своей законной супруги, в этом нет греха – это дозволенное действие.

Истинное знание принадлежит лишь Аллаху.Хвала Аллаху, Господу миров!(перевод с казахского оригинала)",,August,8,2025,27,2025-08-27,2026-01-08,134,Rabi al-Awwal
Можно ли работать в страховых компаниях с точки зрения религии?,https://islam.kz/ru/questions/torgovlya/mojno-li-rabotat-v-strahovyh-kompaniyah-s-tochki-zreniya-religii-311/,"23 августа 2025 г., 21:01",795,0,Можно ли работать в страховых компаниях с точки зрения религии?,"Бисмилляхир-Рахманир-Рахим

Поскольку система страховых компаний основана на «гараре» (неопределённости, вероятности), в Исламе она считается запретной (харам). В решении Международного совета по фикху говорится:

Исходя из этого, работа в современных, не основанных на исламских принципах страховых компаниях, недопустима. Ведь они включают в себя элементы ростовщичества и «гарара». Однако некоторые учёные считают, что если человек не имеет другой возможности для заработка, он может временно работать там по необходимости. Ведь Всевышний сказал: *«А если вы вынуждены, то это другое»*².

Всё же истинное знание принадлежит одному Аллаху.Хвала Аллаху, Господу миров!(перевод с казахского оригинала)","¹ Международный совет по фикху, декабрь 1985 г., Джидда.
² Священный Коран, сура «Аль-Ан’ам», 119 аят.",August,8,2025,23,2025-08-23,2026-01-08,138,Safar
"Сколько разводов засчитывается, если было произнесено три «таляк» одновременно?",https://islam.kz/ru/questions/semya/talak-razvod/skolko-razvodov-zaschityvaetsya-esli-bylo-proizneseno-tri-talyak-odnovremenno-310/,"13 июня 2025 г., 23:06",2436,0,"Ассаламу алейкум! Примерно 8–9 лет назад у меня был конфликт с мужем. В тот момент он трижды сказал мне ""талақ"". Тогда я не понимала значения этих слов. Сейчас, совершая пять обязательных намазов, я начала осознавать, насколько это было плохо. Что теперь делать? Есть ли решение? Анонимно.","Уа алейкум ассалям ва рахматуллахи ва баракатух!

Прежде всего следует отметить: произнести три ""таляка"" одновременно — это грех. В исламском шариате такой способ развода называется""бидъий таляк""и считается противоречащим установленному порядку расторжения брака. Когда Пророк Мухаммад (мир ему и благословение) услышал о человеке, который развелся с женой тремя ""таляками"" сразу, он гневно воскликнул:""Неужели, пока я жив, кто-то хочет насмехаться над аятами Аллаха?!""(Дарукутни, 3/272, хадис №3879).

Это показывает, насколько серьезным грехом считается такой поступок.

Когда сподвижник Абдулла ибн Омар услышал о человеке, который произнес три ""таляка"" одновременно, он сказал:

""Он утратил право вновь жениться на ней. Его поступок — это ослушание Великого Господа. Он поступил вопреки сунне""(Дарукутни, 3/283, хадис №3908; Сахих Муслим, №1471).

Следовательно, говорить ""таляк"" под влиянием гнева — ошибка, требующая искреннего покаяния. И жена, в свою очередь, должна проявлять мудрость и не доводить мужа до такого состояния. В хадисах сказано, что одним из самых больших достижений шайтана является разрушение семейных уз. Поэтому супругам следует не допускать вмешательства сатаны.

Теперь перейдём к шариатскому постановлению о трех ""таляках"", произнесенных одновременно.

Согласно источникам, среди факихов (знатоков фикха) существует три различных мнения:

Следует отметить, что в этом вопросе мнение большинства ученых является основным. Однако в вынужденных ситуациях, например, если есть дети и развод приведет к трудностям для них, а также если развод семьи, подающей большие надежды на будущее, будет хуже, чем их сохранение, и если муж раскаивается и дает обещание не совершать такую ошибку впредь — то наши некоторые современные ученые разрешают опираться на фатву, которая считает три таляка, произнесенные за один раз, как ""один таляк"", в таком случае, если ранее развод не был дан, ваш никях остаётся действительным.

Абдусамат Касым,(перевод с казахского оригинала).","[1] Дарукутни – том 3, стр. 272, хадис №(55)3879.
[2] Дарукутни – том 3, стр. 283, хадис №(84)3908; Имам Муслим: «Сахих Муслим» – Книга о разводе (Китаб ат-Талак), глава «Запрет развода во время менструации» (Баб тахриму талақ аль-хаиз), хадис №1471.
[3] Четыре Абдуллы: Абдулла ибн Омар, Абдулла ибн Амр, Абдулла ибн Аббас, Абдулла ибн Масъуд.
[4] В одном из преданий, приведенных в сборнике хадисов «Сунан» Абу Дауда, Абдулла ибн Аббас рассказывает: «Рукана развелся со своей женой, произнеся три талака одновременно. Позже он сильно сожалел о своём поступке. Тогда Посланник Аллаха спросил его: ""Как ты дал развод?"" Он ответил: ""Я произнес три талака сразу."" Пророк сказал: ""На самом деле это считается одним талакам. Верни свою жену к себе.""»
[5] Профессор доктор Вахба аз-Зухайли: «Аль-Фикх аль-Ислами ва адиллату-ху» (Исламское право и его доводы), том 7, стр. 406.
[6] Вахба аз-Зухайли: «Современные фетвы» («Фатауа Муасира»), стр. 182.",June,6,2025,13,2025-06-13,2026-01-08,209,Dhu al-Hijjah
Можно ли давать мясо падали собакам и курам?,https://islam.kz/ru/questions/raznoe/mojno-li-davat-myaso-padali-sobakam-i-kuram-309/,"28 мая 2025 г., 23:06",1701,0,Ассаляму алейкум! Можно ли давать мясо падали собакам и курам?,"Уа алейкум ассалям!

Мясо мертвечины (животного, умершего своей смертью или незаколотого по Шариату, падаль) считается нечистым (наджис) в исламе.В Священном Коране строго запрещено использование мертвечины в любом виде. Поэтому ученые Ханафитского мазхаба (одной из основных правовых школ в исламе) считают, что мясо мертвечины нельзя скармливать даже собакам или хищным птицам. Об этом также говорится в книге ""Фатава аль-Хиндия"" (авторитетный сборник правовых решений):

«И сказали наши соратники: не разрешается пользоваться мертвечиной никоим образом, и не следует кормить ею собак и хищных птиц. Так сказано в «аль-Кунье».",1.«аль-Фатава аль-Хиндия»; Имам Зайляи: «Табинуль Хакаик».,May,5,2025,28,2025-05-28,2026-01-08,225,Dhu al-Hijjah
"Что происходит с браком, если один из супругов стал муртадом (вероотступником), но покаялся?",https://islam.kz/ru/questions/veroubejdenie/chto-proishodit-s-brakom-esli-odin-iz-suprugov-stal-murtadom-verootstupnikom-no-pokayalsya-308/,"9 мая 2025 г., 10:46",1182,0,,"Бисмилляхир рахманир рахим

В исламе человека, отступившего от веры, называют «муртаддом». Это человек, который, будучи мусульманином, отрицает ислам или принимает другую религию. Наказание для муртадда в шариате сурово. Это равносильно предательству веры. Все загробные деяния муртадда аннулируются, а его земное наказание, если он не покается, – смертная казнь по решению суда. Ниже будет рассмотрено влияние вероотступничества на брак:

Если один из супругов стал муртаддом

Если один из супругов становится муртаддом, их брак теряет законную силу. Абу Ханифа считал это «фасх» (расторжением брака), не относя кразводу(талак), в то время как его ученик, имам Мухаммад, считал это «талаком»1. Это означает, что «фасх брака» не сокращает количество возможных разводов (три талака), однако для воссоединения необходимо заключить новый брак. В этом отношении «фасх брака» подобен разводу - «малый байн талак», то есть, если муртадд покается и захочет вернуться к прежнему супругу, им необходимо заключить новый брак. Без покаяния заключить новый брак невозможно.

Если оба супруга стали муртаддами

В этом случае, если оба супруга стали муртаддами, их брачные отношения сохраняются. Если они оба покаются, то остаются в браке, не заключая новый. Однако, если один из них покается, а другой останется муртаддом, или один покается раньше другого, им необходимо заключить новый брак2. Это согласно ханафитскому мазхабу.

Согласно шафиитскому мазхабу

В шафиитском мазхабе, если один из супругов становится муртаддом, расторжение брака (фасх) не вступает в законную силу до истечения трех менструальных циклов (идда). Если в течение этого времени муртадд покается, то брак не обновляется и остается в силе. Если жеон покается послеистечения трех менструальных циклов, им необходимо заключить новый брак3.

Абдусамат Касым, islam.kz(перевод с казахского).","1. Маргинани: «аль-Хидая». Никахуль Муртадд.
2. Имам Мухаммад, «аль-Асл», Никахуль Муртадд.
3. Вахбату Зухайли: «аль-Фикхуль Ислами».",May,5,2025,9,2025-05-09,2026-01-08,244,Dhu al-Qi'dah
Дропшиппинг (dropshipping) — постановление шариата относительно интернет-торговли и онлайн-продаж,https://islam.kz/ru/questions/torgovlya/dropshipping-dropshipping-postanovlenie-shariata-otnositelno-internet-torgovli-i-onlain-prodaj-307/,"22 апреля 2025 г., 15:33",1889,0,Ассаламу алейкум! Является ли заработок на дропшиппинге халяльным или харамным? Прошу разъяснить.,"Бисмилляхир-рахманир-рахим

Дропшиппинг — это способ продажи товаров через интернет, при котором у продавца самого товара нет в наличии. Он лишь принимает заказы, а товар отправляется напрямую покупателю со склада завода, оптового склада или официального продавца.Обычно такие продавцы получают прибыль за счёт разницы в цене или получают специальную комиссию от оптового поставщика.Главная особенность этого метода торговли заключается в том, что купленный товар доставляется клиенту со склада третьей стороны.[1]

Метод дропшиппинга и в целом онлайн-торговлю можно разделить на следующие виды и рассмотреть с точки зрения шариата:

Первый метод:

Владелец сайта или интернет-магазина (человек, занимающийся дропшиппингом) заранее заключает соглашение с владельцем товара (производителем или поставщиком) на продажу определённого товара, то есть получает от него доверенность (вакала). Затем он размещает рекламу этого товара на своей онлайн-платформе и продаёт его, получая с каждой продажи оговорённую долю.Клиент забирает товар со склада владельца товара или получает его доставкой от владельца.Такой метод торговлине противоречит шариату, так как является формойуакалата (доверенности).Пример: вы договариваетесь с заводом, получаете разрешение размещать их продукцию на своём сайте. После онлайн-продажи товар доставляется клиенту самим заводом. Вы выступаете как посредник —это разрешено (халяль).

Второй метод:

Владелец сайта или интернет-магазина размещает на своей платформессылку на товар другого продавца, и получает заранее оговорённую долю с каждой продажи, совершённой по этой ссылке.Такой метод также дозволен в шариате.

Третий метод (запрещённый):

Владелец интернет-магазина размещает на своей платформе товарбез разрешения и без доверенностиот владельца товара, продаёт его клиенту онлайн, ноне получает от клиента деньги заранее. После продажи он сам идёт к владельцу товара, покупает его за свои деньги и просит доставить клиенту.Этот метод противоречит исламу, потому что:

Во-первых, он продаёт товар,который не находится в его владении,

Во-вторых, онне получает оплату от клиента заранее,А это подпадает под запрет в шариате, называемый«продажа долга за долг».Если бы продавецзаранее получил оплату от клиента, тогда это можно было бы отнести ксделке ""салям"", которая разрешена в исламе.

Четвёртый метод:

Владелец интернет-магазина размещает на своём сайте информацию о легко доступном товаре: еготочные характеристикиисрок доставки. Он рекламирует этот товар итребует предоплату.После того как клиент оформляет заказ и оплачивает, владелец сайта покупает этот товар у производителя и просит его отправить по адресу клиента.Такой метод торговли схож со сделкой ""салям"" в исламе, и он разрешён[2].

Примечание:

Отличие четвёртого метода от третьего заключается в том, чтоздесь продавец заранее получает оплату, как в случае ссалям-торговлей— а она дозволена в исламе.Пример: вы обещаете доставить определённый ковёр в течение недели. Клиент заранее оплачивает его. Затем вы покупаете ковёр и доставляете — это дозволенная сделка.

Аллаху аълям (Всевышнему Аллаху ведомо лучше). Хвала Аллаху, Господу миров!

Абдусамат Касым, islam.kz(перевод с казахского)","1ru wikipedia org/wiki/Прямая_поставка
2. Aliftaa jo:
№
3754
фәтуә:
حكم التجارة الإلكترونية بالدروب شيبينغ",April,4,2025,22,2025-04-22,2026-01-08,261,Shawwal
МОЖНО ЛИ ПОКУПАТЬ ВАЛЮТУ С ЦЕЛЬЮ ПРИБЫЛЬНОЙ ПЕРЕПРОДАЖИ?,https://islam.kz/ru/questions/torgovlya/mojno-li-pokupat-valyutu-s-tselyu-pribylnoi-pereprodaji-306/,"5 декабря 2022 г., 14:52",13315,0,"Вопрос:Хотел бы спросить: если я поменяю рупии на доллары и буду хранить их, пока курс доллара не подскочит, а потом обменяю доллары обратно на рупии и получу прибыль, это дозволено?","Именем Милостивого и Милосердного Аллаха!Ассаламу алейкум уа рахматуллахи уа баракатух!

Если мы правильно вас поняли, вы покупаете доллары за рупии по более низкому курсу и уже после получения долларов во владение продаете их по более высокому курсу.

Если это так, то такой обмен рупий на доллары и обратно дозволен.1

А Всевышний Аллах знает лучше.

بحوث في قضايا فقهية معاصرة:١/١٦٦:فيجوز إذن ان يباع الريال السعودى مثلا بعدد اكثر من الروبيات الباكستانية...ولا خلاف في جواز التفاضل عند اختلاف الجنسين

Анас Шариф Касми(Хайдарабад, Индия)Проверено и одобрено: муфтиемИбрагимом ДесаиИсточник (англ.):Askimam.org",,December,12,2022,5,2022-12-05,2026-01-08,1130,Jumada al-Awwal
Можно ли есть селёдку и сушёную рыбу?,https://islam.kz/ru/questions/raznoe/mojno-li-est-seledku-i-sushenuyu-rybu-305/,"1 ноября 2022 г., 13:55",14107,0,,"Как известно, селёдку или сушёную рыбу сначала засаливают. В книге «Хашияту с-Сави» говорится, что, согласно мнению Абу Ханифы, солёная рыба является чистой, потому что у неё нет текучей крови. А то, что выходит из неё, является влагой, а не кровью. Об этом также пишет учёный Вахба Зухайли. Однако если от солёной рыбы исходит неприятный запах, то необходимо воздержаться от её употребления, так как это вредно для здоровья.

Источник: as-salam.ru",,November,11,2022,1,2022-11-01,2026-01-08,1164,Rabi al-Thani
"""Мутга"" никах и разница между обычным никахом",https://islam.kz/ru/questions/veroubejdenie/mutga-nikah-i-raznitsa-mejdu-obychnym-nikahom-304/,"28 октября 2022 г., 17:12",3463,0,,"Именем Милостивого и Милосердного Аллаха!Ассаламу алейкум уа рахматуллахи уа баракатух!

1) В первую очередь отметим, что мутга никах запрещен.Это большой грех и в сущности блуд. Обратите внимание на следующие хадисы:

عن عبد الله والحسن ابني محمد بن علي، عن أبيهما، عن علي بن أبي طالب، أن النبي صلى الله عليه وسلم نهى عن متعة النساء.... زمن خيبر

Как передавал господин Али (да будет доволен им Аллах), пророк ﷺ во времена Хайбара запретил мутга с женщинами.(Тирмизи) 1

أَنَّ رَسُولَ اللَّهِ صَلَّى اللهُ عَلَيْهِ وَسَلَّمَ نَهَى عَنْهَا فِي حَجَّةِ الْوَدَاعِ

Во время прощального хаджа пророк ﷺ подтвердил данный запрет.(Абу Дауд) 2

Важно понимать: те мутга-браки, что имели место при жизни пророка ﷺ, являлись законными бракосочетаниями, к ним применялись условия и нормы обычного брака. Но с шиитскими мутга дело сейчас обстоит не так. Перечислим некоторые ключевые различия между действительным никахом и тем мутга, что практикуется шиитами:

2) Мутга – харам (запрещен).Обе стороны грешны, их связь – блуд.

3) Нахождение в мутга – блуд.В этом случае ему (ей) нужно совершить искреннее раскаяние (тауба) и истигфар (попросить прощения у Аллаха). Специалисты выделяли необходимость наличия трех факторов для действительности раскаяния:

а. прекращение данного греха;

б. сожаление о том, что он был совершен;

в. твердое намерение не совершать его вновь.

Кроме того, следует ежедневно просить прощения у Аллаха (истигфар) за данный грех и все грехи в целом. Пророк ﷺ, хоть и был безгрешен, просил прощения у Аллаха по сто раз за день.

Если человек раскаивается и просит прощения у Аллаха, он может полностью надеяться на то, что Аллах одарит его Своей бесконечной милостью, милосердием и прощением грехов.

4) Если женщина совершит большой грех блуда под маской мутга и искренне раскается в том, она может вступить в брак с суннитом по истечении периода идда.

А Всевышний Аллах знает лучше.

Муаджуль ЧаудхуриПроверено и одобрено: муфтиемИбрагимом ДесаиИсточник: Askimam.ru",,October,10,2022,28,2022-10-28,2026-01-08,1168,Rabi al-Thani
МОЖНО ЛИ ЧИТАТЬ В ОБЯЗАТЕЛЬНЫХ НАМАЗАХ ДОПОЛНИТЕЛЬНЫЕ ДУА?,https://islam.kz/ru/questions/poklonenie/molitva-namaz/mojno-li-chitat-v-obyazatelnyh-namazah-dopolnitelnye-dua-303/,"21 сентября 2022 г., 16:01",7183,0,Вопрос:Ассаляму Алайкум. Аллохуммагфирли вархамни вахдини ваджбурни ваъафини варзукни варфаъни. Это дуа читается между двумя суджудами. Мой вопрос: можно ли их читать при фарз и сунна намазах? (Узбекистан),"Именем Милостивого и Милосердного Аллаха!Ассаламу алейкум уа рахматуллахи уа баракатух!Да. Разрешено читать это дуа, а также другие мольбы, которые Пророк (салляллаху алейхи уа саллям) читал в различных позах намаза, будь то фард, сунна или нафль. Есть несколько повествований, которые указывают на то, что Пророк (салляллаху алейхи уа саллям) читал различные дуа в разных позах намаза, даже в обязательном намазе, а также хвалил сахабов за чтение некоторых дуа в фард-намазах. Например:Рассказал Рифа‘а бин Рафи‘ (радиаллаху анху):

كنا يوما نصلي وراء النبي صلى الله عليه وسلم، فلما رفع رأسه من الركعة قال: سمع الله لمن حمده ، قال رجل وراءه: ربنا ولك الحمد حمدا كثيرا طيبا مباركا فيه، فلما انصرف، قال: «من المتكلم» قال: أنا، قال: رأيت بضعة وثلاثين ملكا يبتدرونها أيهم يكتبها أول

«Однажды мы совершали молитву (, находясь) позади пророка, да благословит его Аллах и приветствует. Поднимая голову после поясного поклона, он говорил: «Да услышит Аллах тех, кто воздал Ему хвалу, а один человек, находившийся позади него, сказал: «Господь наш, хвала Тебе, хвала многая, благая и благословенная! /Рабба-на, ва ля-кя-ль-хамду хамдан касиран, таййибан, мубаракaн фи-хи!/» Закончив молиться, (пророк, да благословит его Аллах и приветствует,) спросил: «Кто сказал это?» (Тот человек) ответил: «Я». (Тогда пророк, да благословит его Аллах и приветствует,) сказал: «Я видел более тридцати ангелов, каждый из которых старался записать эти слова первым».(Сахих аль-Бухари, 799)

إذا صلى أحدكم بالناس فليخفف فإن فيهم السقيم والضعيف والكبير وإذا صلى أحدكم لنفسه فليطول ما شاء

«Если кто-либо из вас возглавляет людей в намазе, ему следует облегчить (т.е. укоротить) намаз, так как среди них есть [молодые] и старшие, а также слабые, [больные] [и те, кому надо восполнить нужды]. А если он один совершает намаз, то он может удлинять его настолько насколько ему угодно».(Сахих Ибн Хиббан, 1760)",,September,9,2022,21,2022-09-21,2026-01-08,1205,Safar
"«Мужчинам гурии, а женщинам кто?",https://islam.kz/ru/questions/veroubejdenie/mujchinam-gurii-a-jenshinam-kto-302/,"13 мая 2022 г., 15:56",111584,0,,"Согласно Корану и хадисам, в Раю будут две категории женщин. Первая – это земные женщины, которые будут заново воскрешены в соответствии с красотой Рая:

«Поистине, Мы создали их [райских женщин] (особым) творением и сделали Мы их  девственницами, любящими своих мужей, равными им по возрасту»(56, 36-37).

Всевышний Аллах в Раю сделает старых женщин молодыми, а не-девственниц снова девственницами. Не имеет значения – какими они были в этом мире, Аллах создаст их заново прекрасными, соответствующими красоте Рая (Сафват ат-Тафасир, 3/309, Даруль-Калям, Бейрут).

Однажды муфтия Махмуда Сахиба спросили: если мужчины в Раю получат райских гурий, что же будет у женщин? Он ответил, что земные женщины будут вместе со своими мужьями в Раю. Если же женщина не была замужем в этой жизни, у нее будет выбор – выбрать кого-то из мужчин в мужья, или Аллах создаст специально для нее прекрасного  мужа (красотой равного райским гуриям) (Фатава Махмудийя, 5/298).

Алляма Алуси, рахимахуллах, пишет в своем тафсире, что жена человека в этой жизни останется с ним и в будущей жизни (если они оба заслужат Рай) (Рухуль Маани, 25/136 – Дар Ихья ат-Таурат аль-Араби, Бейрут).

Превосходство земных женщин над райскими гуриями показано в хадисе от Умм Салямы (да будет доволен ей Аллах), которая однажды спросила у Пророка (мир ему и благословение):

«О, Посланник Аллаха! Кто будет превосходнее в Раю – гурии или земные женщины?» Он ответил: «Женщины этого мира будут иметь такое же превосходство над гуриями, какое верхняя часть одежды имеет над ее изнанкой». Тогда Умм Саляма спросила: «О, Посланник Аллаха, а по какой причине будет так?» — Он ответил: «Потому что они совершали намаз, постились и поклонялись Аллаху, Он сделает их лица светлыми, и оденет их в шелковую одежду. У них будут белые лица, одеты они будут в зеленые одежды и золотые украшения. Их курильницы (для благовоний) будут сделаны из жемчуга, а гребни (в волосах) из золота. Они скажут: «Мы – женщины, которые останемся тут навсегда и никогда не умрем. Мы – женщины, которые будут вечно пребывать в роскоши и не испытают трудностей. Мы – женщины, которые всегда будут рядом и никогда не оставят. Слушайте! Мы радостные женщины, которые никогда не будут грустить. Радостные вести для тех мужчин, для которых мы предназначены, и которые предназначены для нас»(Ат-Табрани, 3/278).

Мухаммад ибн Каб аль-Курази передает от человека из ансаров (сподвижника из Медины), что Посланник Аллаха (мир ему и благословение) сказал:«Я клянусь Тем, Кто послал меня с истиной, что вы не лучше знаете своих жен и свои дома, чем люди Рая. У человека в Раю будет 72 жены, которых Аллах специально создаст для него в Раю (гурии) и две земные жены. Земные женщины будут превосходить гурий, потому что они поклонялись Аллаху в этом мире(Таргиб, т.4, с. 534, Итаф аль-хийра аль-махара).

Эти два хадиса указывают, что женщины этого мира будут иметь более высокий статус, чем женщины Рая. Такое предпочтение объясняется тем, что женщины много поклонялись в этом мире и переносили трудности. Кроме того, Аллах сделает земных женщин более прекрасными и привлекательными, чем гурии. Они будут королевами Рая. Везде, где в Коране упоминаются женщины Рая, имеются в виду и гурии,  и земные женщины.

В аяте сказано, что женщины Рая будут «равными по возрасту», комментаторы объясняют это так, что райские женщины будут равны по возрасту, так что они будут мирно жить друг с другом, что сделает жизнь их мужа спокойной (Рухуль Маани, 13/220). В этом мире, как правило, жены одного мужа ссорятся, что делает жизнь мужа несчастной. В Раю же не будет ревности, злобы и ненависти между людьми. Хадисы в Бухари и Муслиме упоминают, что сердца людей в Раю будут объединены в гармонии, так что между ними не будет ссор.

Аллах говорит об этом:

«И мы удалим (взаимную) ненависть из их сердец»(7, 43).

С другой стороны, сказано, что люди получат все, что они желают в Раю:

«И в нём [в Раю] (будет) то, что пожелают души и чем услаждаются очи»(43, 71).

Так что если вы хотите быть вместе с мужем в Раю, Аллах дарует это вам:

«А те, которые уверовали (и обрели высокие ступени в Раю) и последовали за ними их потомство в вере [уверовав], – Мы присоединим к ним [к верующим родителям] (в Раю) потомство их [воссоединим их с верующими детьми] и нисколько не умалим из дел их [награды родителей]»(52, 21).

Поэтому мы должны иметь в виду, что Всевышний Аллах в Своей бесконечной мудрости и знании создал мужчин и женщин от одного существа, и только Всевышний Аллах знает истинную биологическую, психическую и духовную природу каждого человека, его потребности и желания; следовательно, Всевышний Аллах может сделать так, как Он желает, и нет никого, кто может ставит под сомнение Его могущество.

А Аллах знает лучше.

annisa-today.ru",,May,5,2022,13,2022-05-13,2026-01-08,1336,Shawwal
Можно ли ходить на похороны немусульман?,https://islam.kz/ru/questions/raznoe/mojno-li-hodit-na-pohorony-nemusulman-301/,"6 мая 2022 г., 18:58",8038,0,"Вопрос:Разрешается ли мусульманину посещать похороны немусульман? Если умрет кто-то из моих соседей или коллег по работе из числа немусульман, можно ли мне, как мусульманину, пойти на их похороны? Каковы ограничения на это в шариате?","Именем Милостивого и Милосердного Аллаха!

Ассаламу алейкум уа рахматуллахи уа баракатух!

Согласно исламскому праву, мусульманину нельзя посещать похороны немусульманина, поскольку они включают в себя обычаи и действия, пагубные для веры человека.

А вот в том, чтобы оказать моральную поддержку семье и друзьям умершего и выразить соболезнования без участия в самих похоронах и посещения церкви (храма), ничего плохого нет.(Ахсан-уль-фатава, 4:248)

А Всевышний Аллах знает лучше.

askimam.ru/",,May,5,2022,6,2022-05-06,2026-01-08,1343,Shawwal
"Нужно ли спасать брак, если мой муж принимает наркотики?",https://islam.kz/ru/questions/semya/nujno-li-spasat-brak-esli-moi-muj-prinimaet-narkotiki-300/,"30 апреля 2022 г., 15:24",2529,0,"Я прошу совета по поводу моего брака. Я замужем больше года и в течение всего этого времени ловила мужа на наркотиках и переписках с его бывшей подругой. Я прямо поговорила с ним по этому поводу и устроила большой скандал, но это ничего для него не значило. Он спокойно извинился и вернулся к этим занятиям через несколько недель. После я рассказала об этом его родителям и родственникам, но они сказали ему вернуться домой и развестись. Я глубоко разочарована и хочу вернуться домой, но если я оставлю его, он будет волен делать то, что захочет. Я хочу, чтобы мой брак удался, и я стараюсь — проявляю к нему еще больше любви и внимания. Но в ответ получаю лишь равнодушие и холодное отношение, он игнорирует меня. Что мне делать в этой ситуации?","Именем Аллаха, Милостивого, Милосердного

Ассаляму аляйкум уа рахматуллахи уа баракатуху.

Дорогая сестра!

Нам грустно комментировать подобное поведение вашего мужа. Наркотики и общение с бывшей подругой могут иметь серьезные последствия для вашего брака. Прискорбно, что вы не находите поддержки у его родителей и семьи в сдерживании его.

Сестра, мы отметили, как сильно вы расстроены, и ваше желание спасти ваш брак похвально. Однако вам следует принять реальность. Если ваш муж не изменится и будет дальше употреблять наркотики и переписываться с женщинами и ваше терпение иссякнет, вам придется закончить эти отношения. Однако это случится после большой боли и горя. Мы рекомендуем избегать ненужных горестей и страданий. Вам следует посоветоваться со старшими родственниками, а также прочитатьистихарунасчет того, должны ли вы закончить этот брак сейчас. Руководство от Аллаха — лучший совет. Если вам будет дан совет расторгнуть брак, положитесь на Всевышнего Аллаха и попросите у вашего мужа развод. Это избавит вас от большей грусти и печали, прежде чем в итоге вы решите расторгнуть брак.

Вам не нужно страдать замужем, если ваш муж не выполняет свои обязанности и бессердечен по отношению к вам.

А Аллах Всевышний знает лучше.

Проверил и одобрил муфтий Ибрахим Десаи.annisa-today.ru/",,April,4,2022,30,2022-04-30,2026-01-08,1349,Ramadan
Почему сподвижники не делали мавлид?,https://islam.kz/ru/questions/veroubejdenie/pochemu-spodvijniki-ne-delali-mavlid-299/,"18 октября 2021 г., 12:16",5995,0,Почему сподвижники не делали мавлид?,"Потому что им не было надобности в каких-то особых воспоминаниях о Пророке (мир ему и благословение), он был у них все время перед глазами, даже после его смерти. Также в этом не было необходимости для первых трех праведных поколений. Потому что они и так прекрасно знали Сунну, знали сиру, практиковали шариат, и в особых напоминаниях не было надобности. Но потом пришли тяжелые времена, люди стали забывать религию, любовь к Пророку (мир ему и благословение) стала уходить из сердец людей, он стал для них просто исторической личностью, который жил давно, о котором они мало что помнили. А ведь он говорил, что «кто не любит меня больше своих родных, своих детей, больше всего на свете, его иман не совершенен». Поэтому появилась необходимость в особом напоминании о Пророке (мир ему и благословение), чтобы у людей не пропадала любовь к нему. И ученые это дозволили...

Если мавлид делается в соответствии с шариатом – там нет смешения полов, нет спиртного, запретной музыки или пения, если там читают Коран, зикр, читают сиру, то это дозволено. Это даже желательно – ведь читать Коран, делать зикр желательно. И если кто-то это запрещает, то они запрещают дозволенные вещи.

islam-today.ru",,October,10,2021,18,2021-10-18,2026-01-08,1543,Rabi al-Awwal
МОЖНО ЛИ НЕМУСУЛЬМАНАМ ВХОДИТЬ В МЕЧЕТЬ?,https://islam.kz/ru/questions/veroubejdenie/mojno-li-nemusulmanam-vhodit-v-mechet-298/,"2 сентября 2021 г., 16:44",8103,0,"Вопрос:Известно, что женщинам во время месячных не следует входить в мечеть. Равно как и людям в состоянии большой нечистоты (без гусля). А что насчет туристов-немусульман, посещающих мечеть? Они же, вероятно, даже не догадываются о запрете. (Казань, Татарстан)","Именем Милостивого и Милосердного Аллаха!Ассаламу алейкум уа рахматуллахи уа баракатух!

Правило по данному вопросу различается для мусульман и немусульман:

1) Что касается мусульман, в состоянии большой нечистоты (джанабата) в мечеть входить нельзя независимо от того, являются ли причиной месячные или отсутствие гусля (купания).(Джассас. Ахкам Коран. – Том 1, стр. 83; Сарахси. Мабсут. – Том 1, стр. 118)

فقال أبو حنيفة وأبو يوسف ومحمد وزفر والحسن بن زياد لا يدخله إلا طاهرا سواء أراد القعود فيه والاجتياز وهو قول مالك ابن أنس والثوري وفي المبسوط: مسافر مر بمسجد فيه عين ماء وهو جنب ولا يجد غيره فإنه يتيمم لدخول المسجد؛ لأن الجنابة تمنعه من دخول المسجد على كل حال عندنا سواء قصد المكث فيه أو الاجتياز

Госпожа Аиша (да будет доволен ею Аллах) приводила следующие слова пророка (мир ему и благословение Аллаха):

إنِّي لا أُحِلُّ المسجِدَ لحائِضٍ ولا جُنُبٍ

Я не дозволяю мечеть женщинам во время месячных и людям в состоянии большой нечистоты.(Абу Дауд. Сунан. – № 232)

2) Что касается немусульман, включая туристов, им разрешается входить в мечеть даже в состоянии нечистоты, поскольку они исключаются из исламских законов.(Ибн Мазах. Мухит бурхани. – Том 5, стр. 360; Хаскафи. Дурр мухтар. – Том 4, стр. 378)

وجاز لكل أحد أن يمر فيه حتى الكافر إلا الجنب والحائض والدواب زيلعيثم إن أصحابنا رحمهم الله تعالى فرقوا بين الكافر وبين المسلم الجنب، فلم يجوزوا للمسلم الجنب الدخول في المسجد؛ مع أن الكافر جنب، قال: من الكفار (من) لا يغتسل ومنهم من يغتسل، ولكن لا يدري كيفيته، ولهذا يؤمر بالاغتسال إذا أسلم، والفرق: أن المسلم يدين وجوب الاغتسال بالجنابة، ويعتقد كون الجنابة مانعة من دخول المسجد فتعاملنا معه على حسب اعتقاده، وثبتنا الحكم على ما يدينه، فأما الكافر فلا يدين وجوب الاغتسال بالجنابة أو لا يدين كيفيته ولا يعتقد الجنابة مانعة من الدخول في المسجد، فتعاملنا معه على حسب اعتقاده، وثبتنا الحكم في حقه على ما يدينه فلهذا افترقا

Известна история, как сподвижники захватили в плен Сумаму ибн Асаля. Его привязали к одному из столбов мечети. В это время его навестил пророк, который отнесся к нему с достоинством и велел его впоследствии освободить. Став свидетелем приятного нрава пророка (мир ему и благословение Аллаха), Сумама принял ислам, совершил гусль и вернулся в мечеть мусульманином.(Муслим. Сахих. – № 462, передал Абу Хурейра)

سمع أبا هريرة، قال: بعث النبي صلى الله عليه وسلم خيلا قبل نجد، فجاءت برجل من بني حنيفة يقال له: ثمامة بن أثال، فربطوه بسارية من سواري المسجد، فخرج إليه النبي صلى الله عليه وسلم فقال: «أطلقوا ثمامة»، فانطلق إلى نخل قريب من المسجد، فاغتسل، ثم دخل المسجد، فقال: أشهد أن لا إله إلا الله وأن محمدا رسول الله

В мечети пророк (мир ему и благословение Аллаха) принимал также делегацию сакифитов для ознакомления их с исламом, хотя они не были мусульманами.(Абу Дауд. Сунан. – № 3026, передал Усман ибн Аби Ас)

عن عثمان بن أبي العاص: أن وفد ثقيف لما قدموا على رسول الله -صلى الله عليه وسلم- أنزلهم المسجد، ليكون أرق لقلوبهم، فاشترطوا عليه أن لا يحشروا ولا يعشروا ولا يجبوا، فقال رسول الله -صلى الله عليه وسلم-: ""لكم أن لا تحشروا ولا تعشروا، ولا خير في دين ليس فيه ركوع

Из приведенных случаев мы видим, что, хотя эти люди не были в тот момент мусульманами, пророк (мир ему и благословение Аллаха) позволил им находиться внутри мечети с целью ознакомления их с действиями мусульман и исламом.

Поэтому в отношение туристов-немусульман нет запрета на то, чтобы они входили в мечеть с целью ознакомления с образом жизни и практикой мусульман, если при этом соблюдаются священность мечети и уважительное к ней отношение.

А Аллах знает лучше.Уассалам.

Муфтий Сухайл ТармахомедЦентр фетв (Сиэтл, США)askimam.ru",,September,9,2021,2,2021-09-02,2026-01-08,1589,Muharram
"Мой отец ворует топливо с компании, в которой работает...",https://islam.kz/ru/questions/veroubejdenie/moi-otets-voruet-toplivo-s-kompanii-v-kotoroi-rabotaet-297/,"19 мая 2021 г., 12:38",6145,2,"Вопрос: Мой отец работает водителем автомобиля, принадлежащего некой компании. Иногда не хватает бензина, и он платит из своего кармана до конца месяца. А иногда бензин остается в избытке, и тогда отец забирает денежные средства, предназначенные для покупки топлива. Являются ли эти средства его имуществом, и каково шариатское заключение относительно этого?","Если автомобиль принадлежит государству или какой-либо компании, то служащему, которому передан автомобиль, нельзя использовать ради собственной выгоды. Также не дозволяется брать казенное топливо для личного пользования или с целью его продажи в свою выгоду. Однако он может, если потратил на автомобиль свои средства – для заправки и т.п., требовать возвращения той суммы, которую он израсходовал, от министерства или организации, в чьем владении находится автомобиль.

Из книгишейха Мухаммада Саида Рамадана аль-Бути«Маа ан-нас».ПодготовилМ.П. Гаджиев.islamdag.ru",,May,5,2021,19,2021-05-19,2026-01-08,1695,Shawwal
КАК ИЗБАВИТЬСЯ ОТ ТРЕВОГИ И ДЕПРЕССИИ?,https://islam.kz/ru/questions/raznoe/kak-izbavitsya-ot-trevogi-i-depressii-296/,"26 сентября 2020 г., 12:34",10124,0,Вопрос:Не могли бы вы подсказать мольбы от тревоги и депрессии? (Индия),"Именем Милостивого и Милосердного Аллаха!

Ассаламу алейкум уа рахматуллахи уа баракатух!

В чем причина вашей тревоги и депрессии?

Важно лечить непосредственно причину. Одних мольб недостаточно для преодоления тревоги и депрессии. Мы живем в мире причин и следствий, мире средств. Диагностировать проблему и использовать средства для излечения – таково исламское учение.

Пророк ﷺ и его сподвижники (да будет доволен ими Аллах) встречались с разными испытаниями в своей жизни. Они старались определить причину проблем и использовали средства для их преодоления. При этом, конечно, черпали силы и мужество через намаз и мольбы.

Иногда наши собственные действия ведут к тревоге и депрессии. Решение тогда простое – исправление себя. В такой ситуации сколько бы мольб и зикра человек ни совершал, его плохие поступки все равно утянут его в печаль и депрессию.

Земная жизнь наполнена испытаниями и трудностями. Чувства тревоги и печали естественны, и лучшее решение для них – напомнить себе: мы – мусульмане, мы направлены в этот мир для испытания.

Чувство тревоги – это фактически испытание от Аллаха. Аллах хочет увидеть нашу реакцию. Мы оказываемся между велением Аллаха и собственным эго (нафсом). Контролирование нафса и напоминание себе об испытании Аллаха – вот что Аллах хочет от нас. Тогда придет Его помощь.

Баракатом (благодатью) такой покорности, мольб и зикра является то, что Аллах поведет человека путем облегчения и комфорта.

Аллах говорит нам:

يَا أَيُّهَا الَّذِينَ آمَنُوا اسْتَعِينُوا بِالصَّبْرِ وَالصَّلَاةِ إِنَّ اللَّهَ مَعَ الصَّابِرِينَ

Верующие! Ищите помощи через терпение и молитву. Аллах – с терпеливыми.(Коран, 2:153)

Пророк ﷺ советовал нам следующую мольбу от печали и депрессии:

اَللّٰهُمَّ إِنِّيْ أَعُوْذُ بِكَ مِنَ الْهَمِّ وَالْحُزْنِ، وَأَعُوْذُ بِكَ مِنَ الْعَجْزِ وَالْكَسَلِ، وَأَعُوْذُ بِكَ مِنَ الْبُخْلِ وَالْجُبْنِ، وَأَعُوْذُ بِكَ مِن غَلَبَةِ الدَّيْنِ وَقَهْرِ الرِّجَالِ

О Аллах, я прибегаю к Тебе от тревоги и печали. Прибегаю к Тебе от слабости и лени. Прибегаю к Тебе от скупости и трусости. Прибегаю к Тебе от бремени долгов и притеснения людей.

А Всевышний Аллах знает лучше.

Муфтий Ибрагим ДесаиОтдел фетв (г. Дурбан, ЮАР)Источник (англ.):Askimam.org",,September,9,2020,26,2020-09-26,2026-01-08,1930,Safar
Портит ли курение омовение (тахарат)?,https://islam.kz/ru/questions/poklonenie/omovenie/portit-li-kurenie-omovenie-taharat-294/,"4 марта 2020 г., 9:41",78256,3,,"Ни вчетырёх мазхабах Ахль Сунны, ни в трудах мусульманских учёных, заслуживающих доверия, не говорится о том, что сам дым или курение табака в любом виде нарушает омовение. В этих источниках также нет упоминания о том, что человек, выкуривший сигарету или что-либо в этом роде, обязан совершать омовение перед тем, как приступить к намазу или к другим видам поклонения, для которых необходимо находиться в состоянии омовения. Но это ничего не меняет, и курение остаётся под запретом.

Египетский Дом фетв также выдал фетву, в которой ясно говорится о том, что курение не нарушает омовение: «Курение не нарушает омовение, однако мусульманину желательно устранить изо рта запах табака, когда он приступает к совершению намаза, чтобы не вредить молящимся рядом братьям».

Следовательно, тому, кто курил, следует устранить запах изо рта, когда он собирается идти в мечеть, чтобы оградить молящихся от неприятных ощущений. Здесь проводится сравнение по аналогии (кияс) с запретом посещать мечеть человеку, который употреблял в еду чеснок или лук, ибо такой запах изо рта неприятен молящимся рядом. И этот запрет имеет место быть, несмотря на то, что есть лук и чеснок дозволено и в их употреблении нет ничего предосудительного, поэтому запрет относительно запаха курения будет ещё более уместным, ведь это запах недозволенного.

Следовательно, курильщику следует избегать намаза в мечети, пока он не устранил неприятный запах, который непременно причинит неудобства тем, кто будет совершать намаз рядом с ним. Такое же решение действительно и в отношении других общественных мест, где собираются люди, ведь мусульманин должен остерегаться причинять вред окружающим.

Исходя из всего вышеприведённого, мы понимаем, что курение однозначно не нарушает омовение, но, тем не менее, оно запрещено в Исламе и является очень вредной привычкой. Стоить также отметить, что перед походом в мечеть или в другие общественные места необходимо устранить неприятный запах.

islamdag.ru",,March,3,2020,4,2020-03-04,2026-01-08,2136,Rajab
Можно ли продавать косметику?,https://islam.kz/ru/questions/torgovlya/mojno-li-prodavat-kosmetiku-293/,"5 февраля 2020 г., 10:35",3958,1,"Вопрос:Я торговец, занимаюсь оптовой торговлей косметикой. Является ли этот вид торговли запретным?","""Если ты ищешь для себя более безопасный и благочестивый путь, то им является отдаление от торговли средствами косметики в той среде, в которой в большинстве случаев косметикой пользуются для демонстрации своей красоты вне дома, а не для домашнего пользования (для мужа и т.д.). А если ты спрашиваешь о шариатском решении – является ли подобная торговля дозволенной или запретной, то я скажу: среди заслуживающих доверия ученых-законоведов есть те, кто утверждает, что она не является запретной. Потому что продавец не принуждает женщину пользоваться этими средствами в запретном. А поистине, она сама по своей воле использует их в запретном. Это подобно примеру человека, который продает оружие, которое можно использовать для самообороны, но покупатель использовал его для нападения на людей.""

Из книги шейхаМухаммада Саида Рамадана аль-Бути""Маа ан-нас""Подготовил:М. П. Гаджиевislam.ru",,February,2,2020,5,2020-02-05,2026-01-08,2164,Jumada al-Thani
РАЗРЕШАЕТСЯ ЛИ ЕСТЬ МЯСО АКУЛЫ?,https://islam.kz/ru/questions/raznoe/razreshaetsya-li-est-myaso-akuly-292/,"7 января 2020 г., 8:02",50139,2,"Знакомая немусульманка спросила, почему мусульманам нельзя есть мясо акулы. Я знаю, что акула – хищник, но ведь тунец – тоже хищник. Объясните, пожалуйста.","Именем Милостивого и Милосердного Аллаха!

Те морские животные, что являются рыбами, дозволены к употреблению независимо от того, хищники они или нет. Пророк (мир ему и благословение Аллаха) говорил:

أحلت لنا ميتتان: الحوت، والجراد

Два вида мертвечины (животных, погибших без исламской процедуры забоя) дозволены нам: рыба и саранча. (Ахмад. Муснад. – № 3218, передал Ибн Умар)

Акула является рыбой, а потому дозволена к употреблению.

А Аллах знает лучше.Уассалам.

Муфтий Сухайл ТармахомедОтдел фетв Совета алимов (Квазулу-Натал, ЮАР)askimam.ru",,January,1,2020,7,2020-01-07,2026-01-08,2193,Jumada al-Awwal
Как спасти маму от влияния колдуна?,https://islam.kz/ru/questions/semya/semya/kak-spasti-mamu-ot-vliyaniya-kolduna-291/,"3 октября 2019 г., 12:04",4614,1,"Я не знаю, чем помочь своей маме. У нас натянутые отношения, разговариваем редко. Мы уже думаем, что ей не до нас. Всё это началось три года назад, когда она связалась с одним человеком, который занимается колдовством. Как только мы ни старались, невозможно от него избавиться. Он её очень испортил, постоянно требует денег.

Мама всё своё внимание уделяет ему. Когда мы едем к ней навестить её, ей не до нас, она всё время разговаривает с ним по телефону. Мы пытались с ней поговорить, она нас выслушивает, но поступает по-своему.

Мы росли без отца. Я знаю, что очень плохо, когда родители недовольны тобой, но в данном вопросе у нас выходит нестыковка. Помогите нам советом…","С точки зрения религии:

Колдовство категорически запрещено Исламом, оно является одним из самых тяжких грехов, смертных грехов! В одном из изречений Посланника Аллаха (мир ему и благословение) говорится:«Кто обратится к колдуну или предсказателю и поверит тому, что тот скажет, – тот отверг всё то, с чем пришёл Посланник Аллаха (мир ему и благословение)»(«Муснаду-Ахмада», № 9536).

عَنْ أَبِي هُرَيْرَةَ وَالْحَسَنِ عَنْ النَّبِيِّ صَلَّى اللَّهُ عَلَيْهِ وَسَلَّمَ قَالَ مَنْ أَتَى كَاهِنًا أَوْ عَرَّافًا فَصَدَّقَهُ بِمَا يَقُولُ فَقَدْ كَفَرَ بِمَا أُنْزِلَ عَلَى مُحَمَّدٍ صَلَّى اللَّهُ عَلَيْهِ وَسَلَّمَ

В этом хадисе Пророк (мир ему и благословение) увещевает нас и предостерегает, что мы можем стать неверными, если обратимся к колдуну или предсказателю. Да убережёт нас от этого Всевышний! В другом изречении Посланника Аллаха (мир ему и благословение) сказано:«Покаяние того, кто обратится к магу и попросит его о чём-либо, не будет принято, а если поверит сказанному им – станет неверным!»(«Канзуль-уммаль», № 17676).

من أتى كاهنافسأله عن شيء حجبت عنه التوبة أربعين ليلة فإن صدقه بما قال كفر

В ещё одном хадисе Пророк (мир ему и благословение) говорит, что молитва того, кто сходит к предсказателю и спросит его о чём-либо, не будет принята в течение 40 дней!(«Канзуль-уммаль», №17679)

من أتى عرافا فسأله عن شيء لمتقبلله صلاته أربعين ليلة

Донесите до своей матери эту информацию – возможно, она сделает правильные выводы и перестанет ходить к этому колдуну. Да наставит её и нас Всевышний! Амин.

С точки зрения психологии:

То, что происходит в данное время с Вашей матерью, иначе как психологической зависимостью не назвать. Такого рода поведение есть не что иное, как результат умелого манипулирования одного человека чувствами другого. Такая форма психологического воздействия далеко не редкость среди шарлатанов, выдающих себя за целителей, а по сути это люди, занимающиеся колдовством.

Сразу скажу, что помочь маме будет несколько сложно, поскольку у неё самой отсутствует стимулирующий мотив к изменению ситуации, и она скорее решит, что это всем нам необходимо меняться и что все мы по сути своей заблуждаемся. Это очень нехорошее психологическое состояние. Однако безысходных ситуаций не бывает, нужно просто хорошенько пересмотреть сложившуюся обстановку.

Самое главное – проникнуть в ход её мыслей, раскрыть ту первопричину, которая заставляет её так слепо следовать велениям этого человека. Очевидно, что в её жизни были серьёзные проблемы, решить которые самостоятельно она не могла, равно как и не нашла понимания у своих близких. Именно в таких случаях люди и идут к всевозможным колдунам. А эти люди весьма подкованы в своём деле и легко угадывают «сокровенные» чувства обратившегося. В принципе, тут много ума не надо, поскольку у всех почти одно и то же, и, оперируя весьма расплывчатыми фразами, очень легко нащупать больную точку.

Так вот, путём подобных манипуляций такому человеку удалось убедить Вашу маму, что он именно тот, кто её понимает. Постепенно, подкармливая его деньгами, она впала в зависимость уже по той причине, что любой человек, вкладывающий всё время во что-либо, привязывается к этому, потому как вроде уже и жалко бросать, ведь столько потрачено, столько вложено средств и сил. Вот на чём надо концентрировать своё внимание – на том, чтобы развеять авторитет того человека, параллельно спасая маму в её же собственных глазах. Не нужно сразу говорить, что он лжец и обманщик, ей трудно будет принять эту информацию (даже при условии, что она осознает Вашу правоту), ведь кто захочет признать, что он неразборчив в людях и позволил на ровном месте себя обманывать, к тому же ещё и три года. Важно сделать так, чтобы она сама пришла к такому мнению. Этого можно добиться не критикуя его открыто, а спрашивать маму саму о нём, поощрять её рассказывать об этом человеке как можно больше. Чем больше она будет сообщать о нём, тем больше шансов, что она сама обнаружит подвох.

Параллельно этому пытайтесь сами разговорить маму – пусть делится своими проблемами, интересуйтесь её делами, поощряйте её рассказывать о самой себе, о её чувствах и мыслях. Так Вы сможете не только понять её лучше, но и завоюете её расположение, а это, в свою очередь, заметно поднимет авторитет Ваших слов.

Также можно пустить в ход и «тяжёлую артиллерию» в лице сотрудников правоохранительных органов. Наверняка тот человек числится в их картотеках и у них будет кое-что на него, не будет лишь хватать письменного заявления. Это, конечно, опасный метод, поскольку может вызвать крайне негативную реакцию мамы, ведь для неё это будет удар, поэтому действовать нужно обдуманно. Не спешите, – возможно, что сотрудникам полиции потребуется время, чтобы обнаружить и другие его связи. – Будьте уверены, Ваша мама не единственная его жертва. Тут нужны время и выдержка. Поэтому действуйте одновременно по всем фронтам, это заметно увеличит Ваши шансы в борьбе против этого колдуна.

Мухаммад-Амин Магомедрасуловтеолог

Алиасхаб Анатольевич Мурзаевпсихолог-консультант Центра социальной помощи семье и детямИсточник: islam.ru/",,October,10,2019,3,2019-10-03,2026-01-08,2289,Safar
Возможен ли брак между человеком и джинном?,https://islam.kz/ru/questions/veroubejdenie/vozmojen-li-brak-mejdu-chelovekom-i-djinnom-290/,"27 сентября 2019 г., 3:07",4667,3,Возможен ли брак между человеком и джинном?,"Как известно, джинны – это существа, которых Всевышний создал из огня. То есть они такие же создания, как и люди, наделённые разумом и сознанием, только сотворённые из огня.

Джинны, как и люди, живут на земле, преимущественно в горах, в воде и норах. Они способны менять свой облик, превращаться во что угодно, проходить сквозь стены и становиться невидимыми.

Джинны, как и люди, оставляют потомство и умирают, однако суть их существования нам неизвестна. Но, в любом случае, в их существовании нет никаких сомнений, так как в Священном Коране и в хадисах Посланника Аллахаﷺсовершенно ясно говорится об их существовании.

Их существование является истиной, а отрицание их существования является проявлением неверия.

Что же касается вопроса о возможности брака между людьми и джиннами, то возможность или невозможность этого нам точно неизвестна. Есть слабое мнение о возможности брака между человеком и джинном.Ибн Хаджар Аль-Хайтамив своём сборнике фетв «Аль-Фатава Аль-Хадисия» даже приводит мнение, что один из родителейБилкис, царицыСаба, на которой женилсяПророк Сулейман(мир ему), был из числа джиннов.

Далее Ибн Хаджар пишет:

«Между учёными имеются разногласия насчёт дозволенности с точки зрения шариата брака между человеком и джинном. ОтИмама Малика(да будет доволен им Аллах) передаётся, что по шариату это дозволено, но в то же время считается нежелательным (макрух), чтобы женщины, которые забеременели от зина, не утверждали, что они забеременели от джиннов.

Также это посчитали нежелательным учёные Аль-Хакам Ибн ‘Уяйна, Каттада, Аль-Хасан, ‘Укба Аль-Ассамм и Аль-Хаджадж ибн Арта. Джарир, Имам Ахмад и Исхак передают, что Пророк (мир ему и благословение Аллаха) запретил брак между человеком и джинном. Поэтому Исхак и посчитал это нежелательным (макрух).

Также в ханафитской книге «Аль-Фатава ас-сираджия» пишется, что не дозволяется брак между человеком и джинном по причине разницы видов. Это же мнение выразил в своей фетве, и Шейх Аль-Ислам Аль-Баризи, который является одним из наших имамов». «Аль-Фатава аль-хадисия».

Хотя этот вопрос не имеет какой-либо практической пользы, потому что относится к категории маловероятных явлений, тем не менее, в книгах по фикху упоминается и об этом.

Источник: islamdag.ru",,September,9,2019,27,2019-09-27,2026-01-08,2295,Muharram
"Принимается ли намаз, если женщина не носит хиджаб?",https://islam.kz/ru/questions/dlya-jenshin/prinimaetsya-li-namaz-esli-jenshina-ne-nosit-hidjab-289/,"3 сентября 2019 г., 6:21",37568,2,"Вопрос: Люди часто спрашивают: принимается ли намаз, если женщина не носит хиджаб? И другой вопрос: девушка приняла Ислам втайне от родителей. Она не может пока что носить хиджаб и совершать намаз. Большой ли это грех?","1) Одним из условий действительности намаза является покрытие женщиной всего тела, включая волосы на голове, за исключением лица, кистей рук и ступней ног (согласно ханафитскому мазхабу). Если женщина не покрывает голову во время молитвы, ее намаз не будет действительным. Если женщина закрывает аурат во время намаза, но не носит хиджаб в иное время, ее намаз будет принят инша Аллах. То, что она пренебрегает хиджабом вне молитвы, не имеет отношения к действительности ее намаза. Наоборот, есть надежда, что если она регулярно совершает намаз, это, в конце концов, побудит ее надеть хиджаб. Как сказано в Коране, намаз является таким поклонением, которое поощряет человека к благому и защищает от зла.

2) Для мусульманки является обязательным носить хиджаб и совершать намаз, поэтому девушка должна постараться начать соблюдать эти обязанности как можно скорее. Если ее родные против того, чтобы она совершала намаз, она может делать это втайне от них. Что касается ношения хиджаба. На ней нет обязанности носить хиджаб внутри дома, но ей следует надевать его, когда она выходит на улицу.

Поскольку она новая мусульманка, у нее есть извинение, если она не сможет сразу соблюдать все обязанности, она должна приспосабливаться и учиться соблюдать их постепенно. Аллах – лучший судья, Он будет судить ее соответственно ее ситуации. Всевышний никогда не поступит со Своими рабами несправедливо. А Аллах знает лучше. Вассалям.

Муфтий Республики Татарстан Камиль хазрат СамигуллинИсточник: islam-today.ru",,September,9,2019,3,2019-09-03,2026-01-08,2319,Muharram
Как размножались дети Адама и Евы?,https://islam.kz/ru/questions/veroubejdenie/kak-razmnojalis-deti-adama-i-evy-288/,"30 августа 2019 г., 9:06",32634,3,,"Люди стали распространяться по земле, рождаясь от Адама и Хаввы. Хавва (радыйаллаху анха) всегда рожала двойняшек, мальчика и девочку. Адам (алейхи салям) сочетал браком двойняшек родившихся раньше, с теми, которые родились позже. Двойняшкам, родившимся одновременно, было запрещено жениться друг с другом.

(Группа сподвижников пророка Мухаммада, да благословит его Аллах и приветствует, среди которых Ибн Аббас и Ибн Мас`уд, передают, что заключение брака между мужчиной от первой беременности и женщиной от второй беременности было обычной практикой среди детей Адама. Следовательно, Господь замышлял населить Землю именно таким образом).

Все пророки, начиная с Адама (алейхи салям) и заканчивая пророком Мухаммадом (салаллаху алейхи ва саллям), призывали людей к истинной религии. Вероубеждение, являющееся основой религии, было одинаковым у всех пророков. Однако шариат, предписания, касающиеся поклонений и мирских дел, у каждого пророка был свой, отличавшийся в зависимости от нужд и потребностей людей, живших в то, или иное время. Поэтому Аллах Всевышний каждой общине ниспослал отдельный шариат. По этому поводу в Куръане говорится следующее:

«Каждому из вас Мы установили закон (шариат) и путь» (аль-Маида 5/48).

Адам (алейхи салям) был первым человеком и первым пророком. Аллах Всевышний обучил его истиной религии и дал ему определенный шариат. И Адам (алейхи салям) придерживался этого шариата в своей жизни. Исходя из необходимости, Аллах Всевышний сделал дозволенным для детей Адама (алейхи салям) бракосочетание друг с другом. Так как было нужно, чтобы человеческий род размножился. А поскольку других людей на земле не было, то была необходимость в том, чтобы братья с сестрами женились друг на друге. Это продолжалось некоторое время, но после того как количество людей увеличилось и не осталось необходимости в подобных браках, то это предписание было отменено.

Islam-Today",,August,8,2019,30,2019-08-30,2026-01-08,2323,Dhu al-Hijjah
БЫЛА ПОЛОВАЯ БЛИЗОСТЬ С ТЕЩЕЙ. АННУЛИРОВАН ЛИ НИКАХ?,https://islam.kz/ru/questions/semya/talak-razvod/byla-polovaya-blizost-s-teshei-annulirovan-li-nikah-287/,"22 августа 2019 г., 12:07",5810,1,"Вопрос:Человек совершил зина с матерью жены. Затем оба раскаялись. Нарушается ли после этого никах с его собственной женой? Может ли он после этого с ней жить? У них есть грудной ребёнок. Уважаемый муфтий, напишите, пожалуйста, подробно. (Россия, Казань)","Во имя Аллаха Милостивого и Милосердного!

Ассаламу алейкум уа рахматуллахи уа баракатух!По ханафитскому мазхабу (а также ханбалитскому и некоторым мнениям маликитского мазхаба), при совершении зина с тещей вступает в силу хурмат-уль-мусахара, и его жена становится для него харамом. Следовательно, его никах необратимо расторгается, и воссоединение становится невозможным.(«Вазарат-уль-Аукаф», т. 36, стр. 213)",,August,8,2019,22,2019-08-22,2026-01-08,2331,Dhu al-Hijjah
Как вернуть любовь мужа?,https://islam.kz/ru/questions/semya/semya/kak-vernut-lyubov-muja-286/,"29 июля 2019 г., 7:29",3450,1,"Помогите, пожалуйста, разобраться в проблеме. Дело в том, что год назад я вышла замуж, и сначала всё у нас было хорошо. До свадьбы мы общались недолго, около полугода. Всё началось около месяца назад. Я стала замечать, что муж стал избегать меня, а на вопрос о том, что случилось, говорит, что ничего, что всё нормально.

В принципе, его отношение к семье не сильно изменилось, он приносит деньги домой, в нерабочее время часто бывает дома. В целом его отношение ко мне нормальное, но я всё равно чувствую, что его нечто тревожит. Больше всего меня беспокоит то, что он часто подавленный, без настроения, и ко мне немного охладел. Прошу вас помочь мне. Может, есть какие-либо молитвы или ещё что-нибудь?","Несколько сложно определиться, в каком направлении двигаться, поскольку из письма не совсем ясно, что именно между вами происходит, с какого момента это началось.

Прежде всего следует обратить внимание на тот факт, что вы в браке состоите около года, – это важно по причине того, что в психологии принято считать критическими периодами любой семьи год, три года и пятнадцать лет. Год совместной жизни принято считать таковым в связи с тем, что к этому времени проходит так называемый романтический период отношений и всё больше и больше начинает набирать обороты быт со всеми его атрибутами.

Для начала постарайтесь определить, что изменилось в вас самой. Нередко в подобных ситуациях поведение одного из супругов является реакцией на поведение другого, и наоборот. Легко может случиться такое, что жена, увлекаясь своей ролью, начинает думать, что такие стороны жизни, как уход за собой, забота о том, как ты выглядишь дома, не столь важны для замужней женщины. В таких случаях муж может терять интерес к жене, но сказать ей о том, что ему не нравится, не всегда удаётся по причине того, что муж полагает, что подобным заявлением он может обидеть свою жену. В итоге возникает порочный круг: жена, увлекаясь бытовой стороной отношений, вызывает отдаление мужа.

В попытке вернуть его внимание жена нередко начинает предпринимать неверные действия, такие как упрёки, обвинения в неверности и другие, которые в итоге ещё больше отдаляют мужа от неё.

Естественно, нельзя обвинять в случившемся лишь одну сторону и считать её виноватой. Просто я акцентирую на этом внимание ввиду того, что к нам обратились Вы, есть возможность через Вас повлиять на ситуацию. Надо понимать, что от Ваших действий будет зависеть его поведение, это его реакция на изменения в ситуации.

Постарайтесь вспомнить, что было в вашей семье раньше такого, чего нет сейчас. Постарайтесь постепенно вернуть всё положительное, это может быть элементарно красивая одежда дома, вместо кухонного халата (образно говоря, конечно). Попросите его выйти с Вами вечером погулять, сходить в кино или кафе, да мало ли куда! Особо важно внести элемент загадочности в интимную сферу, вернуть её обратно из разряда обыденности в разряд удовольствий.

Этого легко добиться, удлинив прелюдию или применение одежды, большей частью скрывающей Ваше тело, но не настолько, что полностью скроет особенности Вашего тела. В любом случае только методом экспериментирования Вы сможете узнать, что больше всего ему нравится и привлекает в Вас.

Несколько настораживает Ваша последняя просьба о специальных молитвах и ещё ЧЕГО-НИБУДЬ. О том, что касается специальных молитв, Вам расскажет теолог. Я лишь хочу предупредить Вас о том, чтобы воздержались от применения каких-либо сомнительных мероприятий, таких как колдовство или специальные биологические добавки. От подобных приёмов эффект может быт сначала очень радужным, но в итоге всё это приведёт к необратимым крайне негативным последствиям.

Алиасхаб Анатольевич Мурзаевпсихолог-консультант Центра социальной помощи семье и детямislam.ru/",,July,7,2019,29,2019-07-29,2026-01-08,2355,Dhu al-Qi'dah
Считается ли паломник путником?,https://islam.kz/ru/questions/poklonenie/molitva-namaz/schitaetsya-li-palomnik-putnikom-285/,"23 июля 2019 г., 12:08",2711,1,"Те, кто отправляется в хадж сроком на пятнадцать дней, должны ли они как мукымы совершать свои намазы полностью, или же они должны совершать свои намазы по два ракаата как путники? Руководитель нашей группы в хадже, сказал нам, что отправляясь в Мину или на Арафат, мы будем считаться путниками. Однако, учитывая тот факт, что мы находились в это время в Мекке, это расстояние недостаточно для того, чтобы считаться путником. Правильно ли это?","Тот, кто отправится в путь длинной более 100 километров с намерением совершения путешествия, пройдя границы своего города или селения, будет считаться путником. Если у этого человека будет намерение остаться в месте прибытия на пятнадцать или более дней, то он будет считаться мукымом. Поэтому, если кто-то сделал намерение оставаться в Мекке пятнадцать дней, то он считается мукымом. Однако здесь от нас ускользает следующий нюанс: Человек, отправившийся в хадж сроком на пятнадцать дней, физически не сможет оставаться все эти пятнадцать дней в Мекке. И отправляясь в путь, он должен знать об этом. В день Тарвия он отправится в Мину и останется там на ночь. В день Арафа он отправится в Арафат. С наступлением вечера он спустится с Арафата в Муздалифу и останется там на ночь.

В данном случае важно следующее: если вы останетесь пятнадцать дней непосредственно в Мекке, и только после этого отправитесь в Мину и Муздалифу, то в этом случае вы будете считаться мукымом. Если же вы знаете, что останетесь в Мекке меньшее количество дней, а затем отправитесь в другое место, где и останетесь ночевать, то в этом случае вы будете считаться путником, а не мукымом (Маджмауль-Анхур). В вопросе было сказано, что расстояние между Меккой, Миной и Муздалифой, не является тем расстоянием, которое может считаться путешествием. Совершенно верно. Мина и Муздалифа находятся от Мекки на таком расстоянии, которое не может считаться сафаром.

Однако это, исходя из озвученной программы, не делает человека, находящегося в Мекке, мукымом. Так как для того, чтобы человек считался мукымом в ватану-икама, обязательным условием является, чтобы он на протяжении пятнадцати дней не оставался ночевать в другом месте. Исходя из этого, руководитель вашей группы совершенно прав. Говоря коротко: если вы отправляетесь в Мекку с пятнадцатидневной программой, и до истечения этих пятнадцати дней вы переночуете в Мине или Муздалифе, то вы будете считаться путником.  А Аллах знает лучше.

Муфтий Татарстана Камиль хазрат Самигуллинislam-today.ru/",,July,7,2019,23,2019-07-23,2026-01-08,2361,Dhu al-Qi'dah
"Можно ли есть в ресторане, где подается спиртное?",https://islam.kz/ru/questions/raznoe/mojno-li-est-v-restorane-gde-podaetsya-spirtnoe-284/,"9 июля 2019 г., 12:47",9371,2,"Вопрос:Можно ли есть в ресторане, который заявляет, что подает халяль-пищу, но при этом предлагает еще спиртное?","Именем Милостивого и Милосердного Аллаха!

Ассаламу алейкум уа рахматуллахи уа баракатух!

Независимо от того, халяль пища или нет, мусульманам в таком ресторане кушать нельзя. Тот факт, что там подается спиртное, бросает тень сомнения на халяль-статус еды. Пророк ﷺ запретил принимать участие в трапезе со стола, куда подают спиртное. Господин Джабир ибн Абдулла (да будет доволен им Аллах) приводил следующие слова пророка ﷺ:

Кто по-настоящему верит в Аллаха и Судный день, не будет сидеть за столом, куда подают спиртное.(Ахмад. Муснад. – Хадис 14651)

На основании данного хадиса правоведы сделали вывод, что нельзя есть в том месте, где подается спиртное.

А Аллах знает лучше.

Муфтий Сухайл ТармахомедПодтверждено: муфтиемИбрагимом ДесаиЦентр фетв (Сиэтл, США)(Источник: askimam.ru)",,July,7,2019,9,2019-07-09,2026-01-08,2375,Dhu al-Qi'dah
ВИЖУСЬ С ДРУГИМИ ЖЕНЩИНАМИ ВНЕ БРАКА. КАК БЫТЬ?,https://islam.kz/ru/questions/semya/semya/vijus-s-drugimi-jenshinami-vne-braka-kak-byt-283/,"5 апреля 2019 г., 14:02",4853,12,"Вопрос:Салам алейкум. Я стараюсь углубиться в ислам, но пока не совершаю все намазы. Даст Аллах, вскоре осуществлю это. У меня сейчас большая проблема в жизни: не могу прекратить видеться с другими женщинами. Плачу за них, но отношений не завожу. Я женат, у меня трехлетний сын. Жена беременна, мы ждем второго ребенка. Я, наверное, очень эгоистичен, что такие грехи совершаю? Как можно перестать так делать? Может, это от того, что это вынужденный брак, а моя жена, которую всего пару раз до свадьбы видел, была основательно накрашена тогда? Настоящий ее внешний вид лишь после брачной ночи увидел. Это сразу оттолкнуло меня. Да и я никогда не привлекал ее. Помогите, пожалуйста. Хочу остановить свой грех, быть хорошим отцом и мужем. Как мне остановиться? (Великобритания)","Именем Милостивого и Милосердного Аллаха!Уа алейкум ассалям уа рахматуллахи уа баракатух!

Влечение к женщинам – естественное явление. Аллах говорит в Коране:

Людям приукрашена любовь к желаемому из числа женщин… (Коран, 3:14)

В этом вы не одиноки. Обычно каждый человек испытывает влечение к противоположному полу. Это – испытание от Аллаха. Человек должен удовлетворять свои базовые желания дозволенным образом, воздерживаясь от нарушения законов Аллаха. Всевышний не требует от нас невозможного. Если мы проявляем воздержанность и богобоязненность, за это полагается большая награда. Если же идем на поводу своих желаний, страстей и нарушаем законы Аллаха, что является большим грехом, это приводит к гневу Аллаха в наш адрес.

Вы знаете, что совершаете грех. Аллах дал вам такое понимание и стремление к исправлению. Поблагодарите Аллаха за это. Вам следует извлечь из этого выгоду, считать данное возможностью для размышлений, раскаяния и изменения своей жизни.

Не позволяйте Дьяволу сбивать вас с намерения на исправление. Уберегите себя от наущений и порочных мыслей, нашептываемых Дьяволом. Ваше чувство, будто грехи вызваны внешностью жены, – это и есть не более чем нашептывание шайтана. Он сбивает вас на то, чтобы оправдать ваши ошибки. Пытается создать отговорку, которая бы успокоила ваш нафс.

Что бы вы сказали, если б женились на самой прекрасной женщине мира, но ее внешность изменилась бы по той или иной причине? Фигура, красота и внешность – это лишь поверхностный слой. Кроме того, вы можете попросить жену использовать тот макияж, в котором вы увидели ее впервые.

Вам следует подумать о цели жизни, восстановить свою нацеленность. Мы сотворены для испытания Аллахом. С каждым днем мы стареем и приближаемся к смерти. Бойтесь Аллаха и Последнего дня, когда мы встретим Аллаха, и Он возьмет с нас отчет за сделанное. Аллах создал в нас силу самоконтроля.

Кроме того, оцените свою ситуацию: не делаете ли вы что-нибудь такое, что усиливает ваши страсти, не рассматриваете ли вы что-нибудь подобное? Воздержитесь от этого. Опускайте глаза. Если имеется страсть, идите к жене и удовлетворите свое желание.

Следует также понять положение своей жены. Если у вас, мужчины, появится головная боль или боль в спине, вы потеряете всякий интерес к жизни. Вы будете сосредоточены лишь на боли и на том, как ее снять. Разве у жены нет права на аналогичные чувства? Она вынесла плод, родила ребенка и теперь вновь носит вашего ребенка в чреве. Она испытывает значительные физические проблемы, в том числе частично из-за вас. Представьте, через что она проходит. Ребенок в ее утробе опустошает запасы ее энергии, постоянно растет. Представьте, что вам пришлось бы носить в среднем два килограмма каждую секунду в течение 24 часов. Она переносит в среднем этот вес ради вас каждую секунду в течение 250 дней. Какая жертвенность! Боль от родов и после родов – еще большая жертвенность.

Но вместо сострадания к ней, прочувствования ее боли вы ублажаете собственные страсти. Весьма постыдно. Какой ответ дадите Аллаху, если Он спросит вас о том, что вот ваша жена носила вашего ребенка, а вы в это время бегали за другими женщинами?

Привейте себе ценности человечности и контролируйте свои желания. Не давайте своим страстям воли, иначе ненасытность или сами страсти погубят вас. Хвала Аллаху, вы хотите меняться, и фундаментом для этого служат мужество и решимость на прекращение проступков.

Также предлагаю вам найти праведного человека в вашей местности и быть в его обществе. Хорошие привычки праведников пропитают вас. Часто ходите в мечеть. Читайте ежедневно Коран. Думайте, размышляйте об Аллахе и Его мощи. Это принесет вам мир и удовлетворение, с которым не сможет сравниться никакое наслаждение от женщин. Вы спали с женщинами, каков результат? Все равно беспокойство, отсутствие мира в душе. Отсюда ясно, что не там стоит искать мира. Мир находится у Создателя мира, Всевышнего Аллаха. Развернитесь к Нему – и Он даст вам мир и довольство. Для этого требуются искренность, жертвенность и терпение.

А Аллах знает лучше.Уассалам.

Муфтий Ибрагим ДесаиОтдел фетвИсточник:askimam.ru",,April,4,2019,5,2019-04-05,2026-01-08,2470,Rajab
Можно ли продавать открытую женскую одежду и косметику?,https://islam.kz/ru/questions/torgovlya/mojno-li-prodavat-otkrytuyu-jenskuyu-odejdu-i-kosmetiku-282/,"7 февраля 2019 г., 7:56",6258,6,"Я продаю через Интернет женскую одежду и косметику: не вся моя одежда соответствует требованиям шариата к женской одежде. Будет ли мне дозволенным заниматься этим бизнесом, учитывая тот момент, что большинство моих покупательниц – немусульманки или несоблюдающие мусульманки, которые надевают эту одежду и пользуются косметикой перед посторонними мужчинами?","Фукаха (правоведы) согласны в том, что если какая-то вещь может использоваться как дозволенным, так и запретным образом, но сама по себе дозволена, ее можно продавать, а ответственность за ее использование ложится на покупателя. К примеру, виноград можно использовать для изготовления еды или вина. Продавать его дозволено, если же покупатель будет изготавливать из него вино, это будет грех покупателя, а не продавца (Ас-Сарахси, «Мабсут», т. 6, с. 24):

لا بأس ببيع العصير، والعنب ممن يتخذه خمرا، وهو قول إبراهيم — رحمه الله -؛ لأنه لا فساد في قصد البائع، فإن قصده التجارة بالتصرف فيما هو حلال لاكتساب الربح، وإنما المحرم قصد المشتري اتخاذ الخمر منه، وهو كبيع الجارية ممن لا يستبرئها، أو يأتيها في غير المأتى، وكبيع الغلام ممن يصنع به ما لا يحل

Такое же правило действует в отношении ваших товаров. Одежда (даже не соответствующая требованиям шариата) сама по себе дозволенная вещь; поскольку ее можно использовать перед мужем или махрамами. Если ваши покупательницы станут использовать такую одежду для недозволенных целей – чтобы привлечь внимание посторонних мужчин, ответственность за этот грешный поступок ляжет на них, а не на вас.

То же самое с косметикой – если сами по себе косметические средства не содержат в себе запретных вещей (свиного жира либо спирта, который изготовлен из фиников или винограда – поскольку синтетический спирт дозволен для косметических целей), то продавать их дозволено, поскольку с их помощью женщина может украшать себя для мужа.

А Аллах знает лучше.

Муфтий Сухайл ТармахомедИсточник: annisa-today.ru",,February,2,2019,7,2019-02-07,2026-01-08,2527,Jumada al-Thani
Меня мучают кошмары. Что делать? (Ответ психолога),https://islam.kz/ru/questions/raznoe/menya-muchayut-koshmary-chto-delat-otvet-psihologa-281/,"19 января 2019 г., 6:15",4815,6,"Прошу Вас помолиться обо мне и помочь мне советом. С прошлого года я страдаю бессонницей, меня мучают кошмары по ночам, чувствую присутствие тёмных сил. Делаю намаз и читаю дуа, но мне это не помогает избавиться от кошмаров.

Недавно тётя отвела меня к молле, она женщина. Она прочитала дуа, открыла Коран, а потом сказала, что меня беспокоят ночные кошмары и тёмные силы (джины и шайтаны), не дают мне уснуть, что есть порча. Она написала мне дуа, но это тоже не помогает, я молю Бога о помощи каждый день. Иногда мне становится легче, но приход ночи пугает меня, и кошмары повторяются. Я чувствую, что вера моя слабеет, но она очень дорога мне.

Прошу вас помолиться обо мне. Попросите, пожалуйста, Аллаха, чтобы Он защитил меня от власти тёмных сил. Боюсь, что из-за бессонницы мне придётся уйти с работы… И мне очень не хочется идти к гадалкам, но у меня не остаётся другого выбора. Если у Вас есть знания в этой области, посоветуйте: что делать?","Ответ психолога

Как правило, ночные кошмары являются следствием глубоких неосознанных страхов. Порой эти страхи вполне осознанны, но в силу их воздействия на человека вытесняются в подсознательное и проявляются во сне. Я не стану говорить о порче или ещё чём-либо, поскольку это выходит за рамки моей компетентности, буду писать о психологических способах избавления от кошмаров.

Прежде всего необходимо разобраться в самой себе, в своих проблемах. Не исключено, что Вы убегаете от решения важных вопросов, откладываете их в надежде, что само по себе всё разрешится и наладится. В этом случае ночной кошмар является символическим проявлением того или иного страха. Нужно понимать саму структуру сна. Чаще всего люди, события или явления, фигурирующие в том или ином сновидении, носят не прямое, а метафорическое выражение. Это указывает на то, что не всегда стоит обращать внимание на прямое выражение сна, нужно искать его скрытое значение. В случае правильной расшифровки значения сна и принятия его он утрачивает свою силу. Любой кошмар будет повторяться до тех самых пор, пока не утратит свою значимость и воздействие на человека.

Вот несколько конкретных рекомендаций по преодолению ночных страхов:

1.Вспомните и запишите содержание своего навязчивого кошмара.

При неоднократном повторении какого-то кошмарного сновидения постарайтесь изложить его на бумаге во всех подробностях. Проанализируйте, в каких местах Вы могли бы своими действиями изменить ход событий.

2.Выберите место начала перепросмотра и способ действий.

Выберите конкретный момент в сновидении, с которого Вы хотели бы изменить события, и способ, которым Вы хотели бы это сделать. Выберите также наиболее подходящий момент перед неприятными событиями для вхождения в сновидение. (Если сон длинный, можете начать с момента, непосредственно предшествующего неприятным событиям.)

3.Полностью расслабьтесь.

Найдите время и место, где Вас никто бы не тревожил в течение десяти-двадцати минут. Приняв удобное положение, закройте глаза и старайтесь не думать о чём-либо конкретном, пустите мысли на самотёк и не контролируйте их.

4.Просмотрите ещё раз свой кошмар, стремясь увидеть положительную развязку.

Начиная с момента вхождения, выбранного Вами на этапе 2, представьте, что Вы снова находитесь во сне. Визуализируйте события, происходившие в нём, пока не дойдёте до того момента, после которого Вы решили попробовать новый образ действий. Представьте свои действия, а затем продолжайте визуализировать события сна, пока не увидите, как Ваше новое поведение повлияло на их исход.

5.Оцените итоги своей деятельности.

Когда Ваш воображаемый сон закончится, откройте глаза. Запишите происшедшее в нём, как будто это был нормальный сон. Отметьте, насколько Вас устраивает его новая развязка. Если она Вас не удовлетворяет и Вы по-прежнему чувствуете дискомфорт, попробуйте выполнить упражнение ещё раз, поменяв образ действий. Упражнений в состоянии бодрствования в удовлетворяющем Вас исходе может оказаться достаточно, чтобы кошмар больше не повторялся.

6.При повторении кошмара следуйте разработанному Вами плану.

Если этот сон посетит Вас снова, делайте то, что Вы воображали во время бодрствующего перепросмотра. Помните, что сон не может причинить Вам вреда, и без колебаний действуйте в соответствии со своим планом.

Но самое важно не то, что посредством определённых упражнений Вы сможете избавиться от того или иного кошмара, а то, что на их смену, возможно, придут другие. Этот процесс будет продолжаться до тех пор, пока Вы не примете реальность с её проблемами, не будете убегать от них, а возьмётесь за их решение.

Алиасхаб Анатольевич Мурзаевпсихолог-консультант Центра социальной помощи семье и детямislam.ru",,January,1,2019,19,2019-01-19,2026-01-08,2546,Jumada al-Awwal
Является ли орально-генитальный контакт запретным?  (18+),https://islam.kz/ru/questions/semya/semya/yavlyaetsya-li-oralno-genitalnyi-kontakt-zapretnym-18-280/,"14 ноября 2018 г., 5:49",9419,4,,"В некоторых старых книгах по шафиитскому мазхабу говорится о том, что данное действие макрух (нежелательно, но были те которые не считали макрухом, и разрешали). Но Вахба Зухайли, несмотря на то, что сам является шафиитом, говорит , что это распутство и запретно (харам).

Если посмотреть на данный вопрос с ханафитской позиции, то не остается сомнений, что это макрух, но вместе с этим, если в процессе этого занятия мужчине или женщине в желудок попадет ""мази"", ""вади"" или ""мани"" (сперма и другие выделения), то это классифицируется как харам (запретное). А Аллах знает лучше. (Islam-today).

Один из важнейших принципов Шариата – это сохранение жизни и здоровья людей. Следовательно, если будет научно доказано, что оральный контакт или тому подобное приводит к раку ротовой полости или таит угрозу для здоровья тех, кто этим занимается, тогда он становится полностью запрещенным, т.е. харамом.",,November,11,2018,14,2018-11-14,2026-01-08,2612,Rabi al-Awwal
Можно ли мусульманке работать в салоне красоты?,https://islam.kz/ru/questions/dlya-jenshin/mojno-li-musulmanke-rabotat-v-salone-krasoty-279/,"30 октября 2018 г., 11:58",19450,429,"Разрешено ли женщине-мусульманке работать в салоне красоты, где она будет оказывать услуги как мусульманкам, так и немусульманским женщинам – производить такие процедуры как удаление волос, макияж, эпиляция воском и т. д.? Будет ли ее доход дозволенным, даже если она знает, что ее клиентки желают украсить себя для посторонних мужчин?","Услуги и процедуры, предлагаемые в салоне красоты/красоты можно разделить на две категории:

1) Запрещенные в Исламе косметические процедуры, такие как: чрезмерное укорачивание волос женщинам так, что они становятся похожими на мужчин; выщипывание бровей, эпиляция волос с интимных мест, которые не дозволяется раскрывать даже перед другими женщинами; пирсинг и татуировки и т.д.

Совершение такого вида услуг не допускается, так как они представляют собой оказание помощи другим в грехе (и’ана аля ‘аль-ма’сия), что запрещено в Коране. Заработная плата в этом случае также будет незаконной (харам).

2) Дозволенные косметические процедуры, такие как: удаление волос с лица (кроме бровей и ресниц) или тех частей тела, которые разрешается раскрывать перед другими женщинами; макияж, окрашивание волос; окрашивание волос и других частей тела хной и других дозволенных форм украшения себя для женщин.

Шариатское решение относительно такого рода услуг имеет три варианта:

а) Если косметолог уверена или близка к уверенности, что клиентка будет использовать ее услуги дозволенным образом; например, открывать свои окрашенные волосы в присутствии других женщин или мужа, то это вполне допустимо предложить такие услуги клиенту. Более того, если ее (работницы салона красоты) намерение состоит в том, чтобы украсить женщину для ее мужа и тем самым укрепить ее брак, за это ей будет вознаграждение инша Аллах.

б) Если косметолог не знает, как клиентка будет использовать ее услуги, в таком случае также разрешается предлагать такие услуги (без нежелательности), и заработная плата будет считаться заработанной законны.

в) Если косметолог уверена или близка к уверенности, что клиентка будет использовать ее услуги недозволенным образом; например, откроет свои волосы перед немахрам мужчинами, как только выйдет за пределы салона, и в этом случае — разрешается предлагать такие услуги клиенту. Грех использования услуг косметолога незаконным образом будет на клиенте.

Эта проблема восходит к правовому решению о косвенной помощи другим в греховных поступках. В Коране четко запрещено совершать действия, которые могут помочь кому-то в грехе. Всевышний Аллах говорит: «Помогайте друг другу в благочестии и богобоязненности, но не помогайте друг другу в грехе и вражде» (5, 2).

Однако, помощь другим в грехе может распространяться на различные варианты работ и действий, не все из которых будут считаться запретными. В ханафитском мазхабе есть примеры действий, которые, как, казалось бы, являются примерами помощи в грехе – к примеру, помощь в строительстве церкви, предоставление в аренду верхового животного/ автомобиля для перевозки спиртного, сдача в аренду помещения для проведения богослужений других религий, однако по мнению имама Абу Ханифы, эти действия и доход с них считаются дозволенными. Он считает, что ответственность за грех будет нести лишь тот, кто непосредственно участвует в совершении самого греховного действия (См. Радд аль-Мухтар, 6/392 и аль-Хидая с Фатх аль-Кадира, 10/59).

Основываясь на этом решении, работа в салоне красоты будет халяль, хотя даже работница знает, что клиентка будет использовать ее услуги запретным образом – это будет дозволено до тех пор, пока сама работница не будет иметь намерения на помощь во грехе. Так что доход от такой работы будет дозволенным, а ответственность за грех будет нести лишь та женщина, которая украшает себя для посторонних мужчин.

Надо сказать, что другие ученые и факихи заняли более жесткую позицию и считают такого рода услуги сильно нежелательными (макрух тахрими) – когда косметолог знает, что ее клиентка будет использовать ее услуги для совершения греха. Таким образом, лучше всего для мусульманка избегать работы в подобных салонах красоты и искать альтернативные способы дохода. Однако, если есть необходимость, то это будет приемлемо оказывать такие услуги, инша Аллах.А Аллах знает лучше.

في الدر المختار: (وَ) جَازَ تَعْمِيرُ كَنِيسَةٍ وَ (حَمْلُ خَمْرِ ذِمِّيٍّ) بِنَفْسِهِ أَوْ دَابَّتِهِ (بِأَجْرٍ) (الدر المختار: 391-6)وفي رد المحتار: قَالَ الزَّيْلَعِيُّ: وَهَذَا عِنْدَهُ وَقَالَا هُوَ مَكْرُوهٌ لِأَنَّهُ عَلَيْهِ الصَّلَاةُ وَالسَّلَامُ لَعَنَ فِي الْخَمْرِ عَشَرَةً وَعَدَّ مِنْهَا حَامِلَهَ، وَلَهُ أَنَّ الْإِجَارَةَ عَلَى الْحَمْلِ وَهُوَ لَيْسَ بِمَعْصِيَةٍ، وَلَا سَبَبَ لَهَا وَإِنَّمَا تَحْصُلُ الْمَعْصِيَةُ بِفِعْلِ فَاعِلٍ مُخْتَارٍ، وَلَيْسَ الشُّرْبُ مِنْ ضَرُورَاتِ الْحَمْلِ، لِأَنَّ حَمْلَهَا قَدْ يَكُونُ لِلْإِرَاقَةِ أَوْ لِلتَّخْلِيلِ، فَصَارَ كَمَا إذَا اسْتَأْجَرَهُ لِعَصْرِ الْعِنَبِ أَوْ قَطْعِهِ وَالْحَدِيثُ مَحْمُولٌ عَلَى الْحَمْلِ الْمَقْرُونِ بِقَصْدِ الْمَعْصِيَةِ..وعلى هذا الخلاف لو آجره دابته لينقل عليها الخمر أو آجره نفسه ليرعى له الخنازير يطيب له الأجر عنده وعندهما يكره(رد المحتار:392-6)(وَمَنْ أَجَّرَ بَيْتًا لِيُتَّخَذَ فِيهِ بَيْتُ نَارٍ أَوْ كَنِيسَةٌ أَوْ بِيعَةٌ أَوْ يُبَاعُ فِيهِ الْخَمْرُ بِالسَّوَادِ فَلَا بَأْسَ بِهِ) وَهَذَا عِنْدَ أَبِي حَنِيفَةَ، وَقَالَا: لَا يَنْبَغِي أَنْ يُكْرِيَهُ لِشَيْءٍ مِنْ ذَلِكَ؛ لِأَنَّهُ إعَانَةٌ عَلَى الْمَعْصِيَةِ. وَلَهُ أَنَّ الْإِجَارَةَ تَرِدُ عَلَى مَنْفَعَةِ الْبَيْتِ، وَلِهَذَا تَجِبُ الْأُجْرَةُ بِمُجَرَّدِ التَّسْلِيمِ، وَلَا مَعْصِيَةَ فِيهِ، وَإِنَّمَا الْمَعْصِيَةُ بِفِعْلِ الْمُسْتَأْجِرِ، وَهُوَ مُخْتَارٌ فِيهِ فَقَطَعَ نِسْبَتَهُ عَنْهُ (الهداية مع فتح القدير:59-10)

Муфтий Мухаммад ибн Адам аль-Каусари.Лейстер, Великобритания

Источник: annisa-today.ru",,October,10,2018,30,2018-10-30,2026-01-08,2627,Safar
"Правла ли, что пост в день Ашура смывает грехи двух лет?",https://islam.kz/ru/questions/poklonenie/post/pravla-li-chto-post-v-den-ashura-smyvaet-grehi-dvuh-let-278/,"18 сентября 2018 г., 10:29",4552,5,"Правда ли, что пост в день Ашура смывает грехи прошлого и текущего годов?","Хвала Аллаху ﷻ, Господу миров. Наилучшее благословение и наиполноценное приветствие нашему господину Мухаммаду, его семейству и всем сподвижникам. Далее:

Имам Муслим привёл хадис от Абу Катады аль-Ансари (да будет доволен им Аллах) в котором говорится:«Пророкаﷺспросили о дне Ашура, и онответил: ""Смывает грехи прошлого года""».

عَنْ أَبِي قَتَادَةَ الْأَنْصَارِيِّ رَضِيَ اللهُ عَنْهُ قَالَ: وَسُئِلَ النَّبِيُّ صَلَّى اللهُ عَلَيْهِ وَعلى آلِهِ وَصَحْبِهِ وَسَلَّمَ عَنْ صَوْمِ يَوْمِ عَاشُورَاءَ فَقَالَ: «يُكَفِّرُ السَّنَةَ الْمَاضِيَةَ»

А имам ат-Табарани в книге «Аль-Авсат» приводит хадис от Абу Саида аль-Худри (да будет доволен им Аллах), в котором говорится:«Посланник Аллахаﷺсказал: ""Тому, кто будет соблюдать пост в день Арафа, будут прощены грехи прошлого и предстоящего года, а тому, кто будет поститься в день Ашура, будут прощены грехи года""».

مَن صَامَ يَومَ عَرَفَةَ غُفِرَ لَهُ سَنَةٌ أَمَامَهُ, وَسَنَةٌ خَلفَهُ, وَمَن صَامَ عَاشُورَاءَ غُفِرَ لَهُ سَنَةٌ

В другом хадисе, приводимом имамом Муслимом от Абу Катады (да будет доволен им Аллах), Пророкﷺсказал:«Я надеюсь, что пост в день Ашура смоет грехи предыдущего года».

صِيَامُ يَوْمِ عَاشُورَاءَ أَحْتَسِبُ عَلَى اللهِ أَنْ يُكَفِّرَ السَّنَةَ الَّتِي قَبْلَهُ

За соблюдение поста в день Ашура прощаются грехи только одного года, как об этом говорится в предании от ат-Табарани. И под тем годом надо понимать прошедший год, поскольку на это указывает изречение, переданное имамом Муслимом,«Смывает грехи прошлого года»и изречение«Я надеюсь, что пост в день Ашура смоет грехи предыдущего года».

Однако нет достоверного хадиса, в  котором утверждалось бы, что пост в день Ашура смывает грехи минувшего и текущего годов. А Аллах знает лучше.

Ахмад Шариф ан-Наасан, муфтий региона аль-Баба, СирияСпециально для Ислам.Ру перевёлМухаммад-Амин хаджи Магомедрасулов",,September,9,2018,18,2018-09-18,2026-01-08,2669,Muharram
Я совершил прелюбодеяние со своей девушкой: как это исправить?,https://islam.kz/ru/questions/semya/nikyah/ya-sovershil-prelyubodeyanie-so-svoei-devushkoi-kak-eto-ispravit-277/,"29 августа 2018 г., 9:51",7331,8,"Я занялся любовью со своей девушкой. Я надеялся жениться на ней, но все изменилось: она старше меня, и ее родители подыскивают ей более подходящую партию, поэтому она решила разорвать со мной отношения. Что мне делать? Стоит ли рассказать обо всем ее родителям? Но она просит меня не делать этого, так как ее отец ей этого не простит. Я чувствую себя виноватым за то, что не могу теперь жениться на ней. Я не хочу жениться на другой девушке. Пожалуйста, дайте мне совет!","На Ваш вопрос ответил шейх Ахмад Кутти:

«Вы совершили прелюбодеяние, что в Исламе являетсятягчайшимгрехом. Вы не можете оправдывать это тем, что собирались жениться на этой девушке.

Теперь же Вам нужно покаяться, попросить прощения у Всевышнего Аллаха и измениться. Вы не должны никому раскрывать эту тайну, Вы не можете сказать об этом отцу. Поступая таким образом, Вы также подрываете репутацию этой девушки.

Если девушка хочет выйти за Вас замуж с согласия родителей, то Вы можете жениться, предварительно покаявшись в Вашем грехе.

Если же она не желает вступить в брак с Вами, тогда Вы должны забыть о ней и продолжить своей жизнью. Как только Вы изменитесь, очиститесь и обратитесь к Аллаху за помощью, Он простит Вас и даст Вам облегчение и утешение».

Всевышний Аллах знает лучше.",,August,8,2018,29,2018-08-29,2026-01-08,2689,Dhu al-Hijjah
Разрешается ли читать Коран для исцеления от болезней?,https://islam.kz/ru/questions/veroubejdenie/razreshaetsya-li-chitat-koran-dlya-istseleniya-ot-boleznei-276/,"28 августа 2018 г., 11:25",6184,20,"Дозволяется ли читать Коран (аяты и молитвы из Него) с целью исцеления от кожных заболеваний, заболеваний внутренних органов, а также для снятия порчи?","Считается дозволенным прочтения Корана в целях исцеления одним верующим другому.

В Коране сказано:

«Мы ниспосылаем в Коране то, что является исцелением и милостью для верующих, а беззаконникам он не прибавляет ничего, кроме убытка.» (Исра, 82)

«О люди! К вам от вашего Господа явилось увещевание, исцеление для того, что в груди, верное руководство и милость для верующих.» (Юнус, 57)

Из этих аятов становится ясно, что разрешается чтения молитв и сур (глав) Корана и хадисов для исцеления от болезней. Такое чтение называется «рукйе». Известно, что сподвижники читали суру «Фатиха» в качестве рукйе и что посланник Аллаха (мир ему и благословения) разрешал им это. (Бухари, Фадаилу’ль-Кур’ан)

«Фатиха исцеляет все болезни.» (Дарими)

Больной человек может попросить других верующих, в богобоязненность которых он верит помолиться для него. Передаётся что Аиша (Да будет доволен ею Аллах) сказала:

«Досточтимый пророк (мир ему и благословение) читал и дул на своих больных родственников, одновременно поглаживая их рукой, и молился для них следующими словами: О, Аллах, о, Господь людей, избавь от этой болезни, дай исцеление этому рабу, только Ты даёшь исцеление. Нет исцеления кроме той, которую даруешь Ты. Дай исцеление, которое избавит от болезни.» (Ибн Маджа, Медицина, 35, 36)

Можно исцелиться от всех болезней кроме старости и смерти. Больной человек должен искать исцеление, обращаясь докторам и не впадая в отчаяние одновременно уповая на Аллаха дающего болезни и лекарство от них и молясь Ему об исцелении. Некоторые богословы советовали читать для этой цели аяты Корана, в которых говорится об исцелении. Вот некоторые аяты которые можно читать для исцеления: (Тевбе-14, Юнус-57, Нахл-69, Шуара-80, Фуссилат-44, Исра-82)

Коран это стол пиршества от Аллаха. Кушайте из Его благ, сколько сможете. Воистину этот Коран это вервь Аллаха, ясный свет и полезное исцеление. Коран это защитник тех, кто держится за Него и спаситель тех, кто следует Ему. Тот, кто следует Корану, не будет осужден, ведь он не собьётся с прямого пути, и ему не надо возвращаться на истинный путь, поскольку он не заблудится. Чудеса Корана не имеют конца. Он не стареет, несмотря на многократное чтение. Читайте Его. Потому что Аллах дает десятикратное вознаграждение за каждую Его букву. Обратите внимание, я не говорю что «Элиф, лам, мим» одна буква. Я говорю что «элиф» эта одна буква, «лам» одна буква и «мим» одна буква.» (Хаким)Коран не надоедает, потому что является силой и пищей для сердец, пропитанием и богатством для умов, водой и светом для души и исцелением и лекарством для нафса (страстей).

poznayteislam.ru",,August,8,2018,28,2018-08-28,2026-01-08,2690,Dhu al-Hijjah
Сообщается ли в Коране о реинкарнации?,https://islam.kz/ru/questions/veroubejdenie/soobshaetsya-li-v-korane-o-reinkarnatsii-275/,"24 июля 2018 г., 10:28",6373,20,"Верно, ли то, что Коран сообщает о реинкарнации и то, что Он подтверждает его истинность?","Имеются люди, утверждающие что Тора, Евангелие и Коран подтверждают истинность реинкарнации. Но эти утверждения неверны и не имеют никакого отношения к истине. Например, они утверждают, что нижеследующие аяты Корана подтверждает существование реинкарнации:

«На самом же деле первая смерть указывает на человеческого зародыша в утробе матери до того как в него вошла душа, а вторая смерть на уход из мирской жизни посредством смерти. Первое оживление указывает на вхождение души в зародыш человека в утробе матери, а второе оживление указывает на воскресение из могилы и отправление на место страшного суда.» (Шарх Джалалайн).

Коран нижеследующими аятами сообщает нам о лживости веры в реинкарнацию:

Из этих аятов становится ясно, что человек не возвратится в этот мир после смерти, а будет ждать судного дня в могиле.

Приверженцы идеи реинкарнации утверждают, что реинкарнация необходима для того чтобы люди могли совершенствоваться. В таком случае человек, вернувшийся в этот мир после смерти должен обладать определёнными знаниями, обретёнными в прошлой жизни. Тогда как вышеприведённый аят Корана сообщает нам о том, что мы приходим в этот мир, не обладая никакими знаниями.

Все эти аяты Корана ясно указывают на то, что возвращение в этот мир после смерти невозможно.

Да хранит вас Аллах!

poznayteislam.ru",,July,7,2018,24,2018-07-24,2026-01-08,2725,Dhu al-Qi'dah
"Можно ли призывать к Исламу, если не обладаешь большими знаниями?",https://islam.kz/ru/questions/veroubejdenie/mojno-li-prizyvat-k-islamu-esli-ne-obladaesh-bolshimi-znaniyami-274/,"23 июля 2018 г., 9:26",9661,6,"Я бы хотел заниматься призывом людей к Исламу, к добру, ко всему полезному, но пока не обладаю достаточными знаниями относительно всех сторон Ислама. Можно ли мне взять на себя такую ответственность? И если да, то каким образом это делать?","Призыв к Исламу – это великое дело, которым должна заниматься мусульманская умма. Мусульмане убеждены в том, что Ислам является абсолютной истиной и благом для всего человечества, поэтому и призывают других следовать заветам Господа миров – Корану, который был ниспослан через Мухаммада, мир ему и благословение Аллаха, чья Сунна является разъяснением Слов Аллаха и также является наставлением и назиданием для всех мусульман.

Аяты Корана и хадисы посланника Аллаха, мир ему и благословение Аллаха, указывают на то, что призыв к Исламу – это обязанность хотя бы для части мусульман, как минимум. Всевышний Аллах говорит: «Пусть среди вас будет группа людей, которые будут призывать к добру, повелевать одобряемое и запрещать предосудительное. Именно они окажутся преуспевшими», сура «Семейство Имрана», аят 104.

Также передается, что посланник Аллаха, мир ему и благословение Аллаха, сказал: «Доведите от меня (до других людей) хотя бы один аят». Хадис передал аль-Бухари.

Конечно, есть определенные ситуации, когда призывающий к Исламу или вообще к благому и порицающий предосудительные поступки должен обладать знаниями, чтобы знать к чему он призывает и правильно ли толкует те или иные аяты, хадисы и высказывания сподвижников.В таком случае вам лучше воздержаться от призыва и доверить это дело более осведомленным мусульманам. Либо для начала проконсультироваться с имамом мечети или другим образованным проповедником и только после его одобрения действовать в этом направлении.

Но в общем, если мусульманин уверен в том, что говорит и точно знает о разрешенных и запрещенных в Исламе вещах, как совершение молитвы, запрет прелюбодеяние и так далее, то ему можно, а в некоторых ситуациях даже нужно призывать к одобряемому и предостерегать от порицаемого. Не нужно обладать каким-либо особенными знаниями, чтобы сказать другу, что мусульманин должен совершать пятикратную молитву, что хадж – это обязанность мусульманина, что распивать спиртные напитки и принимать наркотики не дозволено и тому подобное.

Советую заниматься призывом к самым простым вещам. В этом будет благо, несмотря на то, что это будет легко для вас. Уважение к родителям и старшим, раздача милостыни, чтение Корана, совершение дополнительных намазов и многие другие известные в Исламе вещи должны стать тем, на что вам следует обратить внимание при призыве на первых порах.

Если Аллаху будет угодно, то за такие слова и призыв к Исламу вы получите огромное вознаграждение в Раю и будете из тех, о ком Всевышний Аллах сказал в Коране: «Именно они окажутся преуспевшими».

Аллах знает лучше!",,July,7,2018,23,2018-07-23,2026-01-08,2726,Dhu al-Qi'dah
Можно ли курить кальян?,https://islam.kz/ru/questions/raznoe/mojno-li-kurit-kalyan-273/,"16 июля 2018 г., 9:57",7790,5,Можно ли курить кальян?,"Курение кальяна не разрешено, и все утверждения о том, что курение кальяна не вызывает зависимости, являются необоснованными и несоответствующими действительности. Так как с точки зрения содержания вредных веществ кальян гораздо вреднее сигарет. Исследования показывают, что выкуривание одной порции кальяна приравнивается к выкуриванию шестидесяти сигарет. Кроме того, уровень содержания никотина в табаке для кальяна в несколько раз превышает уровень никотина в обычных сигаретах.

Наряду с этим в дыме кальяна содержится повышенное содержание мышьяка, никеля, кобальта, хрома и свинца. И поскольку курение кальяна является сознательным причинением вреда собственному здоровью, то оно подпадает под запрет, содержащийся в следующих аятах:

«...не обрекайте себя на гибель» (аль-Бакара 2/286).

«...объявит дозволенным благое и запрещенным скверное» (аль-Араф 7/157).

Также, по мнению врачей, курение кальяна вырабатывает стойкую привязанность и зависимость, и становится причиной того, что в дальнейшем посредством кальяна человек начинает курить наркотические вещества вместо табака. Кроме того, чтобы что-то вредное считалось харамом, необязательно, чтобы оно вызывало зависимость. С точки зрения нашей религии, все, что наносит вред нашему здоровью, является неразрешенным.

Islam-Today",,July,7,2018,16,2018-07-16,2026-01-08,2733,Dhu al-Qi'dah
Муж стал проявлять интерес к другим женщинам. Что делать?,https://islam.kz/ru/questions/semya/semya/muj-stal-proyavlyat-interes-k-drugim-jenshinam-chto-delat-272/,"12 апреля 2018 г., 12:49",8991,4,"В последнее время мой муж ведёт себя так, словно и не женат и находится в поисках жены. Когда мы идём с ним рядом по городу, он разглядывает женщин, всё время шутит о второй жене и т. п. Всё это охлаждает моё сердце к нему. Знаю, что должна скрывать свою ревность, однако у меня это не получается.

Я ему объясняла, что меня всё это ранит, просила не вести себя так, но он не меняется. Раньше он был таким же, просто интерес к другим женщинам скрывал, боясь сделать мне больно, а что сейчас изменилось и как себя вести, я не знаю. Помогите советом, пожалуйста.","Для большинства из тех, кто прочтёт Ваше сообщение, мало что будет удивительным. Это не потому, что Ваша проблема закономерна, а по причине того, что подобное далеко не редкость. Хотя ключевым будет то, что Ваш муж всего лишь проявляет интерес, но не проявляет активных действий. Конечно, Вы можете решить, что одно не далеко от другого и будете по-своему правы. Но тут надо обратить внимание не на это, а на то, что Ваш муж не скрывает своего интереса, а наоборот, как бы декларирует его.

Такое поведение мужа может быть объяснено двояко. С одной стороны, он таким образом готовит Вас к мысли о том, что в будущем намерен жениться во второй раз, с другой же, то, что он таким образом пытается Вам что-то сообщить, что-то очень важное, касающееся Вас обоих. Рассмотрим обе перспективы, хотя возможны и ещё другие, которые остались вне поля зрения.

В случае если Ваш муж активно начал поиски второй жены, то, в принципе, это его право (согласно нормам религии) и в этом его упрекать или терроризировать по этому поводу не стоит. В этом случае, проявление Вашей ревности только усугубит ситуацию, и Ваш муж начнёт отдаляться эмоционально от Вас. Вы можете выступить в роли назидателя и обратить его внимание на то, какими мотивами он руководствуется, что именно ждёт от второго брака. Ведь может быть такое, что Ваш муж чувствует полную состоятельность и желает через второй брак помочь одинокой женщине устроить своё семейное счастье. Но возможно и другое, что Ваш муж попросту не до конца удовлетворён отношениями в вашей семье и таким образом стремится хоть как-то разнообразить свою жизнь и внести новые ощущения и переживания. Этот случай, конечно, требует особого подхода, поскольку мотив мужчины не совсем адекватен и больше похож на бегство от проблем.

В случае второй перспективы, а именно того, что Ваш муж умышленно вызывает в Вас ревность, то тут подход несколько иной. Надо задаться вопросом по поводу того, какую именно информацию Вам пытается донести Ваш муж, на что желает обратить внимание. Может он желает, чтобы Вы, почувствовав страх потери, начали менять некие свои привычки, стали более внимательны к нему и к себе.

В принципе, что в первом, что во втором случае, главное не идти на поводу собственной ревности и не омрачать жизнь себе и мужу. Куда правильнее будет просто не показывать виду, что Вас это так сильно беспокоит и не устраивать сцен ревности. Конечно, надо показывать мужу, что Вы его ревнуете, что боитесь потерять, что он Вам очень дорог, но делать надо это изящно, без истерик и выяснения отношений. Можно просто переводить всё в шутку или в некую игру, главное – всё держать на позитиве.

Начните поощрять в муже все его хорошие проявления, параллельно уделите внимание самой себе. Подумайте, может, есть что-то такое в вашей интимной жизни, что не удовлетворяет в полной мере Вас обоих. Есть смысл что-либо поменять в этом отношении, немного оживить. Главное, сохранять внутреннюю уверенность и женское обаяние, и тогда проблема очень скоро разрешится наилучшим для вас обоих образом.

Алиасхаб Анатольевич Мурзаевпсихолог-консультант Центра социальной помощи семье и детямИсточник: islam.ru",,April,4,2018,12,2018-04-12,2026-01-08,2828,Rajab
Почему женщине нельзя иметь нескольких мужей?,https://islam.kz/ru/questions/semya/nikyah/pochemu-jenshine-nelzya-imet-neskolkih-mujei-271/,"4 марта 2018 г., 14:15",8270,49,Вопрос: Почему Ислам разрешил мужчине жениться более чем на одной женщине и не разрешил женщине быть замужем более чем за одним мужчиной? Есть ли довод в пользу запрета женщине быть замужемодновременно за несколькими мужчинами?,"Ответ:Хвала Аллаху, Господу миров. Наилучшее благословение и наиполноценное приветствие нашему господину Мухаммаду, его семейству и всем сподвижникам. Далее:

Во-первых, женщине не разрешено быть замужем более чем за одним мужчиной одновременно, поскольку Всевышний Аллах в Коране сказал:«и сохранённые женщины»(сура «Ан-Ниса», аят 24), а это Всевышний сказал после того как упомянул запретных женщин для брака словами:«Запретны для вас ваши матеря…»(сура «Ан-Ниса», аят 23), а затем сказал:«и сохранённые женщины». Под сохранёнными в этом аяте имеются ввиду замужние женщины.

Во-вторых, брак женщины с несколькими мужчинами принижает её цену, достоинство и почёт. Кроме того, посредством этого становится неясной родословная её ребёнка, поскольку именно в ней зарождается потомство.

Нельзя чтобы плод образовался от семени нескольких мужчин, поскольку в этом случае будет неясным родословная родившегося чада. А если родословная будет неизвестной, то не будет и ответственного за воспитание этого ребёнка, по этой причине семья распадётся и разорвутся связи отцов с детьми.

Женщине запрещено быть замужем за несколькими мужчинами одновременно, ибо Всевышний Аллах сказал:«и сохранённые женщины», то есть мужчине запрещено жениться на женщине, которая находится под защитой другого мужчины. Если бы женщине было дозволенным быть замужем за двух и более мужчин, в мире был бы хаос из-за путаницы в родословных, мужья враждовали бы, заявляя свои права на детей. Таким образом, возникла бы большая беда и распространилась бы смута. А Аллах знает лучше!

Ахмад Шариф ан-Наасан, муфтий региона аль-Баба, Сирияislam.ru",,March,3,2018,4,2018-03-04,2026-01-08,2867,Jumada al-Thani
"Как себя вести, если муж мне изменяет?",https://islam.kz/ru/questions/semya/semya/kak-sebya-vesti-esli-muj-mne-izmenyaet-270/,"8 февраля 2018 г., 17:16",8591,8,"Я узнала, что мой муж мне изменял на протяжении 6 лет. Он покаялся в этом, когда я ему все сказала. После я поговорила со своей мамой, и она посоветовала мне проявить терпение и не беспокоиться об этом. У нас есть сын, и ему нужен отец. Но как, по Исламу? Должна ли я это просто игнорировать? Это разрушает меня изнутри. Я молюсь, пощусь, выплачиваю закят, ношу хиджаб. Но я не могу это выносить. Что Вы мне можете посоветовать?","Во имя Аллаха Милостивого, Милосердного. Вся хвала и благодарность Аллаху, мир и благословение Его Посланнику.

Мы благодарим Вас за оказанное доверие. Мы взываем к Аллаху Всемогущему, чтобы Он осветил наши сердца для истины и даровал нам благословение в этом мире и в Судный День. Амин.

Ни одна женщина не может игнорировать харам (запретное), совершаемый ее супругом. Но проблема в том, как с этим справляться.

Довольно часто мужчины и женщины переживают стадии слабости веры, уязвимости по отношению к хараму. Этим людям, включая вашего мужа, следует сначала помочь остановиться. Когда Вы сказали ему, что в курсе его деяний, он чувствовал угрызения совести и вину, — и на это следует опираться. Ему может понадобиться психологическая помощь, духовная опора и поддержка семьи.

Все должно основываться на том, что он признал свое неправильное поведение, просит у Вас дать ему еще один шанс и желает измениться сам.

Но если Вы считаете, что он на самом деле не хочет прекращать греховных отношений и настаивает на их продолжении, Вам следует задуматься о других вариантах, даже если это приведет к распаду семьи.

Всевышний Аллах знает лучше.

Источник: islam.com.ua",,February,2,2018,8,2018-02-08,2026-01-08,2891,Jumada al-Awwal
Дозволена ли беспроцентная рассрочка в торговых магазинах?,https://islam.kz/ru/questions/torgovlya/dozvolena-li-besprotsentnaya-rassrochka-v-torgovyh-magazinah-269/,"24 октября 2017 г., 10:25",27626,21,"Сейчас активно магазины занялись тем, что дают рассрочку на товар без процентов. Что Вы думаете по этому поводу, является ли это Халяль или Харам?","Дозволенность подобного предложения зависит от конкретных условий сделки. В случае если магазин является непосредственным продавцом товара - то он может устанавливать на него любую цену и продавать товар в рассрочку, и в своей основе это не противоречит Исламу. Однако при этом необходимо принимать во внимание прочие детали (как например пени и штрафы за просрочку оплаты, что запрещено в Исламе).

Как правило же, в магазинах ""беспроцентная рассрочка"" фактически осуществляется следующим образом:

- товар, который стоит к примеру 15 000, магазин покупателю продаёт за 14 000, при условии, что покупка будет прокредитована банком;

- покупатель получает кредит на сумму 14 000, который банк перечисляет напрямую магазину.

Таким образом банк выдаёт кредит на сумму в 14 000 рублей и ставит условие возврата 15 000 рублей в результате чего получает 1 000 рублей выгоды за предоставленный кредит, что, с точки зрения Ислама, является запрещённым ростовщичеством*.

*Общее определение, разъясняющее суть долгового ростовщичества, гласит: «Любой долг, который влечет за собой выгоду, является ростовщичеством». Хадис с подобным содержанием приводится в сборнике имама ат-Табарани, однако учёные-мухадисы относят его к категории слабых. Тем не менее, данное определение единогласно принято учёными в отношении долгового ростовщичества.

Аллаху известно лучше!

Булат Мулюков,Председатель Совета по исламскому праву ЦРИЭФ

islameconomy.ru",,October,10,2017,24,2017-10-24,2026-01-08,2998,Safar
Как уговорить взрослого сына совершать обязательную молитву?,https://islam.kz/ru/questions/semya/semya/kak-ugovorit-vzroslogo-syna-sovershat-obyazatelnuyu-molitvu-268/,"17 октября 2017 г., 16:20",4210,14,"Помогите решить проблему. Моему сыну 17 лет, а  мы не можем его ни уговорить молиться, ни заставить, со мной всегда спорит, с отцом тоже  ругается, конфликтует…","На подобный вопрос всегда сложно отвечать, поскольку каждый отдельный случай всегда имеет свою особую,  уникальную   причинно-следственную связь. Не всегда бывает очевидным то, что может заставлять того или иного человека вести себя определённым образом. Конечно, правильно было бы отметить то, что слишком уж поздно Вы взялись за решение такого важного вопроса, но факт есть факт, и нужно что-либо менять.

Дело в том, что если Вы просто будете заставлять сына совершать молитву, то вероятнее всего, он будет её совершать лишь под Вашим персональным присмотром, а не окажись Вас рядом, он про это и не вспомнит. Ещё опасность в том, что действуя силой принуждения, Вы серьёзно рискуете выработать у сына устойчивое отрицательное отношение к Исламу вообще и к обязательной молитве, в частности. Настоятельно рекомендую Вам кардинально сменить тактику воздействия.

Доподлинно известно, что самым эффективным способом заставить человека что-либо сделать  является  выработка  его собственного желания, интереса. Судя по всему, Вы с  мужем  думаете  лишь  о том, что нужно Вам, а именно, чтобы сын совершал обязательную молитву. Я же предлагаю Вам подумать над тем, что нужно самому сыну,  понять, что заставляет его противиться вашей воле. Скорее всего, у вашего сына есть много чего сказать Вам, но он не говорит об этом, опасаясь, что его не поймут и подвергнут критике. Такое часто бывает, когда отношения между детьми и родителями не носят доверительный характер.

Постарайтесь проникнуть во внутренний мир своего сына,  разобраться  в сути  проблем, волнующих его. Ведь, став для своего сына другом и авторитетом (а авторитетом часто бывает тот, кто подскажет нужное в необходимый момент), Вы без особого труда сможете повлиять на сына. Да и влиять- то уже особо не придётся, в идеале он сам должен последовать за авторитетным лицом. Это одно, другое же  касается самой значимости обязательной молитвы для вашего ребёнка.

Вероятнее всего, он не понимает сути  ваших требований,  для него совершение намаза не представляется чем-то уж таким важным. В таких ситуациях с сыном надо чаще говорить о Всевышнем,  о Его значимости для нас и нашей зависимости. Только просвещая его в основных религиозных вопросах, Вы реально получите шанс изменить установки сына. Как только он сердцем примет сказанное ему, то  он сам начнёт проявлять усердие в религии.

Однако  всё написанное выше не означает, что Вам нужно отстать от сына и дать ему свободу, нет, ни в коем случае, нужно сопровождать его на каждом этапе. Старайтесь максимально поощрять в нём любые положительные сдвиги, общайтесь с ним чаще, время от времени советуйтесь с ним по тем или иным вопросам. Пусть он почувствует, что в доме к нему положительно расположены, что вокруг него не враги, а близкие люди, которые желают ему только добра. Эти изменения в системе общения могут повлечь за собой изменения в его жизненных взглядах, в системе ценностей, а следом и в убеждениях. Помните о том, что добрым словом и хорошим примером всегда можно добиться большего, чем упрёками и нравоучениями.

Алиасхаб Анатольевич Мурзаевпсихолог-консультант Центра социальной помощи семье и детямislam.ru",,October,10,2017,17,2017-10-17,2026-01-08,3005,Muharram
"Если в нашей судьбе предначертано быть грешниками, в чём заключается наша вина?",https://islam.kz/ru/questions/veroubejdenie/esli-v-nashei-sudbe-prednachertano-byt-greshnikami-v-chem-zaklyuchaetsya-nasha-vina-267/,"28 июня 2017 г., 13:54",7231,12,"Если Аллах предопределил в моей судьбе совершение греха, почему Он возлагает ответственность за их совершение на меня?","В календаре год назад было написано, время сегодняшнего восхода солнца. Можем ли мы сказать после сегодняшнего восхода солнца, что оно взошло, поскольку это было написано в календаре?

Мы не совершаем наши действия по причине того что Аллах знает наши действия. Наоборот Аллах своим вечным знанием заранее знает то, что совершим и записывает их в наших предопределениях.Если бы человек не выбрал бы совершение греха, в его судьбе было бы написано что он не совершит этого греха. Ответственность лежит не на том кто знал и написал, а в том кто совершил грехопадение и стал причиной его написания.

К тому же человек своим внутренним чутьём точно знает, что все, что он делает, он делает своей свободной волей. Если захочет, выпет спиртное, а если не захочет, не выпет. Совершение или несовершение намаза (молитвы) зависит целиком от выбора человека (если совершит намаз, то будет благословение Аллаха. Если не будет совершать намаз, держать оразу т.д. то ответит за это перед Аллахом). Но некоторые беспечные люди чтобы избежать ответственности в место того чтобы исправить себя обвиняют во всём судьбу. Тем самым совершая большую несправедливость в отношении безграничного знания и справедливости Аллаха.

poznayteislam.ru",,June,6,2017,28,2017-06-28,2026-01-08,3116,Shawwal
Актуальные вопросы о посте в Рамадан,https://islam.kz/ru/questions/poklonenie/post/aktualnye-voprosy-o-poste-v-ramadan-266/,"23 мая 2017 г., 10:53",34818,28,,"1.Можно ли купаться в водоеме постящемуся человеку?

Во время поста можно купаться с намерением охладиться или сделать гусль (полное омовение) и это не портит пост[1]. Однако, нужно следить за тем чтобы через нос и рот не попала вода. В хадисе от Абу Давуда говорится о том, что Пророк (с.гс.) во время поста спасаясь от жары и жажды, лил себе на голову воду[2]. По мнению ученых, не портит пост и вода, попавшая в уши во время купания[3].

2.Разрешается ли мазать крем человеку, который держит пост во месяц Рамазан?

Вещества, проникающие через поры на кожном покрове человека, не портят пост. К примеру, можно пользоваться кремами, мазями, маслами, делать перевязку на раны. Однако, употребление крема или мази должно быть в меру. Потому что излишне плотный слой крема или мази может препятствовать проникновению воды во время тахарата - омовения, и он не будет правильным.

3.Нужно ли поститься беременным?

Шариат позволяет беременной или кормящей женщине не держать пост, отложив его на потом, если есть опасность за здоровье и жизнь ребенка или матери[4]. В хадисе, приведенном сахабой Анесом бин маликом, наш Пророк (с.гс.), говорит: «…Поистине Всевышний укоротил намаз для путника,а пост не сделал обязательным для путника, беременной, кормящей женщины…»[5]

4.Если проспал на сухур – утренний прием пищи, как быть?

Если по разным причинам ( в том числе и по причине сна) верующий,  держащий пост, пропустит  сухур – утренний прием пищи, то в этот день он должен (без приема пищи) сделать ниет и держать пост. Потому что наш любимый Пророк (с.г.с), в «День ашура»[6] приказал объявить:«Если кто-нибудь нечаянно съел что либо, пусть прекратит сразу же и продолжит свой пост до конца дня. Тот же, кто не успел ничего поесть, пусть держит свой пост до конца»[7]. Как видим из этого хадиса, даже если постящийся не встал по каким-либо причинам на сухур, он должен сделать ниет без приема пищи и держать пост.

5.Портится ли пост, если нечаянно или намеренно сглотнуть слюну?

Если человек, держащий пост, сглатывает слюну, его пост не нарушается. Кроме того, пост не считается нарушенным, даже если человек сглотнул соплевидные массы из носа.

6.Если во время поста поцеловать человека в щеку, испортит ли это пост?

Поцелуй в щеку постящегося человека не портит его пост. Потому что по свидетельству матери всех правоверных Аиши, Пророк (с.г.с), будучи постящимся, целовал своих жен[8].

Нужно особо отметить следующее: если целующий свою жену уверен, что во время поцелуя не произойдет семяизвержения, и поцелуй не повлечет за собой половой близости, то целовать разрешено. Если же такой уверенности нет, то это действие из разряда макрух[9].

7. Принимается ли пост человека, не читающего намаз?

Если человек, не читающий намаз, постится в Священный месяц Рамазан, он получает награду (саваб) за свой пост. Однако, в то же время он погрязает в грехе за то, что не совершает намаз[10]. Потому что намаз (молитва) является отличительным признаком мусульман. Уважаемый Пророк говорил об этом следующее:«Поистине, признаком, отделяющим мушриков (неверующих) и мусульман является намаз»[11].Поэтому желательно не только держать пост, но и начать поклонение Всевышнему через намаз (молитву).

8. Разрешено ли не держать пост тому, у кого тяжелая работа?

Сам пост является непростым испытанием для нас. Ведь и суть поста в Рамазан состоит в том, чтобы обуздать свой нафс, воспитать себя посредством воздержания от еды, питья, суметь подчинить разуму инстинкты, не идя на поводу у чревоугодия ради довольства Аллаха. Поэтому, если кратковременный отказ от еды и питья, не влечет за собой опасности смерти или не наносит большой вред здоровью[12], или же не приведет к тому, что постящийся может потерять сознание, то из-за малых неудобств отказываться от намерения поститься и нарушить тем самым приказ Всевышнего, неправильно. В одном из хадисов Всевышний гласит:«Человек совершает свои деяния ради себя. Но пост в Рамазан – иное дело.  Награду за него даю только Я. Потому что ради Моего довольства он отказывается от еды и питья. У постящегося есть две радости: первая – во время разговения, и вторая в миг встречи с Всевышним. Запах изо рта постящегося для Меня дороже запаха миска (благовония»[13].

9. Как определяется время разговения для пассажиров, летящих в самолете?

Человек, совершающий перелет во время поста время разговения определяет не по таблице, а ориентируется по закату солнца[14]. Например, если в таблице указано время как начало разговения, а солнце еще в зените, то постящийся следит за закатом солнца, и разговляется только после его захода. Таблица предназначена лишь для постящихся в обычных условиях, на земле. Потому что в священном Коране сказано, что время прекращения еды и начала разговения определяется по восходу и заходу солнца[15].

12.Нарушает ли жевательная резинка пост?

От вкуса свежей жевательной резинки, появляется сладкая жидкость во рту, которое попадает в желудок, и, соответственно, нарушает пост. Учитывая, что жевательная резинка относится к разряду пищевых продуктов, придется за ее использование во время поста восполнять кафарят, Аллаху аълям.То есть, человек, использовавший свежую жевательную резинку и сглотнувший выработанную сладкую жидкость вызванную жеванием, должен после окончания месяца Рамазан держать пост в течение двух месяцев непрерывно. Если же говорить об использовании жвачки, у которой вкус уже потерян, то это – макрух (нежелательное действие).

Если же вы хотите использовать жевательную резинку для того, чтобы избавиться от неприятного запаха изо рта, советуем вам прибегнуть к другим способам. В частности, вместо жвачки можно использовать мисвак или зубную пасту. Нужно лишь следить за тем, что бы не сглотнуть пену от зубной пасты. Если же нечаянно пена попала вам в желудок, то вы будете должны восполнить пост только за этот день. Кафарят (восполнение) не нужно, потому что зубная паста не относится к пищевым продуктам.

13. Нарушается ли пост при  уколах?

Отвечая на этот вопрос, приведем определение Имама Юсуфа и Имама Мухаммеда (р.а): «Если лечить глубокие раны на голове и теле жидкостями, то пост не нарушается. Потому что лекарство не вводится внутрь организма естественным путем и ее попадание в желудок сомнительно»[18]. Говоря это они отмечали, что если какое-либо вещество попадает во внутрь непривычным способом (то есть не через рот, нос, ухо, прямую кишку, жен.пол.органы), то пост не нарушается. Поэтому учитывая, что лекарство в инъекциях попадает в организм не через естественные пути, говорится, что уколы пост не нарушают.

14. Нарушается ли пост при удалении зуба?

Если постящийся удалит зуб, его пост при этом не нарушается. Необходимо следить, чтобы кровь из раны на месте удаленного зуба не попала внутрь. Если же постящийся нечаянно сглотнет кровь из раны, то впоследствии должен восполнить пост за этот день[19]. Учитывая, что лекарство в инъекции, вводимой при удалении зуба также попадает в организм неприродным путем, то есть минуя естественные пути, современные ученые считают, что это не нарушает пост. (Но если, сглотнет лекарство нарушается).

15. Нарушается ли пост при проведении клизмы?

Клизма - это введение через задний проход (прямую кишку) воды или лекарственной жидкости. Желудок связан с толстой кишкой через тонкую, ученые Ханафитского и других трех мазхабов придерживаются мнения, что лекарство, введенное через задний проход, нарушает пост. За пост, нарушенный таким способом, верующий восполняет впоследствии один день. В таких случаях каффярат восполнение не нужно[20].

16. Нарушается ли пост при сдаче крови?

Сдавать кровь во время поста не запрещено, это действие пост не нарушает. Потому что уважаемый Пророк (с.г.с) делал хиджаму, будучи постящимся. В хадисе, приведенном Сахих Бухари, сахаба Абдулла ибн Аббас (р.а), говорит:«Посланник Аллаха (с.г.с), будучи постящимся, делал хиджаму»[21],[22].

Однако, если постящийся осознает, что после процедуры сдачи крови ослабнет и держать пост ему станет тяжело, в таком случае сдавать кровь считается макрух (нежелательным). Об этом у сахаба Анаса ибн Малика кто-то спросил: «Вы же разрешаете проведение хиджамы у постящегося?». На что сахаба ответил: «Если это приведет к ослаблению, то не разрешаем»[23].

17. Как быть больному человеку в пост Рамазан?

Аллах Тааля обязывает своему рабу выполнение действий, которые ему под силу[24]. Потому что Милостивый Создатель желает для нас облегчения, а не тягостей. Именно поэтому Всевышний своей милостью разрешил не держать пост больным людям.

В Священном Коране говорится: «И когда вступит кто-либо из вас в месяц Рамадан, пусть проводит постясь эти дни. А если будет кто болен или в пути, то пусть столько же дней постится в другие дни. Аллах желает вам облегчения, а не затруднения»[25]. В другом аяте говорится:«Не вовлекайте себя в опасности».

Основываясь на этих и других аятах ученые заключили:

«Иногда не держать пост больному человеку – ваджиб (обязательно), иногда мубах (разрешено). Если пост для болеющего чреват и может привести к смерти, тогда для него ваджиб (обязанность) не поститься. Если же пост может спровоцировать развитие болезни или замедлить выздоровление, то ему разрешено не поститься(но и можно поститься)»[26].

Таким образом, если вы болеете и пост держать не в состоянии, тогда для вас пост не будет фарзом (обязательным). Но вы должны будете восполнить дни поста по выздоровлении. Это не  является каффярат (восполнение поста без перерыва), следовательно, разрешено держать эти посты прерывая. Если же здоровье совсем не позволяет восполнить дни поста, то за каждый день вы должны оплатить фидию[27].

В случае невозможности оплатить фидию, Аллах Всемогущий, прощающий. Он не обязывает своего раба делать то, что ему не под силу.

18. Нарушает ли пост использование капель в нос, в глаза?

Капли в глаза не попадают внутрь, и следовательно, не могут нарушать пост[28].

Если же говорить о назальных каплях, нужно учесть, что по своему строению нос связан с пищеводом, и поэтому велика вероятность, что капли попадут во внутрь. По этой причине есть сонования полагать, что капли в нос нарушают пост[29].

Кроме того, уважаемый Пророк (с.г.с) говорил:«При омовении втягивайте воду ноздрями сильней. Но не делайте так в Рамазане»[30], предостерегая, что вода может попасть через нос далее во внутрь.

Капли в нос в период поста желательно оставить на время вечернего разговения. Учитывая, что каплями в нос (особенно летом) пользуются в основном люди, страдающие аллергическими заболеваниями, нужно рассмотреть вопрос замещения капель на инъекции, на время поста.

19. Можно ли во время поста мыться в бане?

Учитывая, что баня-это место, где люди моются, используя пар, желательно отложить посещение бани до времени разговения. Потому что пар в бане – состоит из молекул воды, то есть в пар содержит частицы воды. Через вдыхание пара в большом количестве в организм попадает определенное количество воды. Поэтому есть основание говорить о том, что ваш пост будет нарушен.

Однако постящемуся можно принимать ванну или душ. Необходимо лишь следить за тем, чтобы через рот или нос не попала вода во внутрь. Истина же ведома лишь Аллаху!","[1] Фатауаль Исләмия, Даруль Ифта әл-Мысрия, 1/100 бет.
[2]
Әбу Дәуід, Китабус Сиям, 2365-хадис. Сахих.
[3]
Фатауаль Һиндия – 1/224 бет.
[4]
Әл-Кәсәни, Бадаиғ – 2/614 бет.
[5]
Ибн Мәжә – 1667.
[6]
Десятый день месяца Мухаррам
[7]
Сахих Бухари, Китабус Сиям, 1824-хадис
[8]
Бухари, Китабус саум – 1827.
[9]
Хидая – 1/310 бет.; Әл-Айни, Биная - 4/44 бет.
[10] а) У.Зухайли: Фатауа Муаасыра – 32 бет. Дамаск.; б) http://qaradawi.net/
[11]
Муслим, Иман – 134.
[12]
Имам Мухаммад Әбу Захра, Фәтәуә: Сиям.
[13]
Бухари, саум, 2; Муслим, Сиям, 152.
[14]
Доктор Проф. Али Жума: http://www.dar-alifta.org/ViewFatwa.aspx?ID=859; Diyanet fetvalari fetva nom. 83.
[15]
Бакара - №187 аят.
[16]
Құран Кәрім, Бақара сүресі – 184 аят.
[17]
Мажмагуль Фикхиль Ислами ад-Дуали, 1997г, постановление 91-96, принятое в период 03 – 28 августа.; Din Isleri Yuksek Kurulu, Oruc. 42-s. Ankara. 2010 sene
[18] Ал-Касани, Бадаиъ – 2/607 стр.
[19]
Ибн Абидин – 3/368 стр
[20]
Хидая, Китабус саум – 1/317
[21]
Бухари, Саум, 1837-хадис.
[22]
лечении через кровопускание
[23]
Бухари, Саум, 1838 – хадис.
[24]
Бакара, 286 аят.
[25]
Бакара, 185 аят
[26]
Аль-Касани, Бада’иъ – 2/609 стр.
[27]
В шариате болеющий человек, надежды на выздоровление которого нет, а также старые люди (те, кто не в состоянии восполнить пропущенные дни поста) за каждый день поста должны накормить нуждающегося. Это называется «фидия». Фидию можно также дать и деньгами. Достаточно кормить одного бедного утром и вечером в течение тридцати дней или шестьдесят нуждающихся одноразово угостить утром или вечером. Если у человека нет возможности дать фидию, он просит у Аллаха прощения. М.Исаулы, К. Жолдыбайулы,, Ислам Гылымхалы
[28]
Фатауаль Хиндия – 1/224 стр.
[29]
Тухфатул Фукаһа – 1/355 стр.
[30]
Муснәд Ахмәд ибн Ханбаль - №16035 хадис.",May,5,2017,23,2017-05-23,2026-01-08,3152,Sha'ban
Употреблять перед едой щепотку соли - это Сунна?,https://islam.kz/ru/questions/raznoe/upotreblyat-pered-edoi-shepotku-soli-eto-sunna-265/,"24 марта 2017 г., 18:29",9553,31,"Вопрос:

В нашей местности говорят, что употреблять перед едой щепотку соли является Сунной. Это правда - существует ли хадис, где подтверждается такая практика?","Мы не нашли достоверных хадисов, подтверждающих такую практику. Существует одно сообщение, в котором Посланник Аллаха (мир ему и благословение) говорит Али (радыАллаху анху):

""О, Али, употребляй соль до и после еды, ибо в этом исцеление от 70 болезней...""

Однако, большинство ученых по хадису назвали этот хадис  вымышленным, так что ссылаться на него нельзя.

(Танзиху ш-шариа, т.2, с.234, также см. примечания шейха Абдуль-Фаттаха Абу Гудды к Аль-Масну ’, с.236 и Аль-Йавакытуль Галия, т.2, с.448)

И Аллах Тааля знает лучше.

Ответил: Муфтий Мухаммад Абасумар

Источник:hadithanswers.com

________________________________

Примечание редакции:Хотя хадисы, на которых основана такая практика, отвергались учеными как вымышленные, полностью порицать ее нельзя, поскольку такую практику (съедать соль перед едой) поддерживали многие большие ученые. См. фетву шейха Мухаммада ибн Адама аль-Каусари:

""Не следует считать, что начинание и завершение трапезы солью — это Сунна, так что не надо придавать этому особое внимание. Тем не менее, также не надо считать, что у этого обычая нет основы в Шариате. Будет неправильным настаивать на употреблении соли в начале и в конце трапезы, и — точно так же — неправильно осуждать того, кто так делает.Если соль есть на столе, можно начать и завершить трапезу солью, опираясь на тот факт, что классические факихи-ханафиты считают это похвальным. Тем не менее, если соли на столе нет, не надо ходить и просить ее. Это середина, иншаАллах, и, как обычно, лучший путь — умеренный"".

annisa-today.ru",,March,3,2017,24,2017-03-24,2026-01-08,3212,Jumada al-Thani
Трансплантация: как относится шариат к донорству?,https://islam.kz/ru/questions/meditsina/transplantatsiya-kak-otnositsya-shariat-k-donorstvu-264/,"10 марта 2017 г., 12:35",36269,14,"Как относится Ислам к донорству крови, донорству органов? Ерлан","Добровольная сдача крови, а также трансплантация некоторых органов человеческого организма называют донорством[1]. Трансплантация – это пересадка тканей организма на другое место, в другой организм[2]. В медицине человека, предоставляющего ткань, кровь или орган, называют«донором», а человека, принимающего чужой орган, кровь, ткань называют«реципиентом».«Доно»- переводится с латинского как«дарю, жертвую».

В данное время большинство исламских ученых не возражают против донорства, при условии, что выполняемое действие не противоречит нормам шариата, а также его медицинская необходимость подтверждена квалифицированным врачом[3]. Однако, обязательное требование – действие не должно нести даже малейший вред «дарящему», то есть донору. Кроме того, донорство не должно основываться на меркантильных целях, а совершаться лишь для того, чтобы помочь страждущему, облегчить его боль или даже спасти жизнь. Только в этом случае донорство будет благим делом, в соответствии со словами Всевышнего:«…А кто сохранит жизнь человеку, тот словно сохранит жизнь всем людям»[4].

На четвертом, очередном заседании Международной Исламской организации фикха, в городе Джидда, в феврале 1988 года, был принят ряд постановлений:

1. При условии, если польза очевидна и неоспорима, разрешается совершать обмен (тканями)в организме человека.(Например, пересадка кожи с ноги на лицо или другую часть тела, или, вместо поврежденной артерии в сердце использовать другую, к примеру из ноги, и т.д). При этом, действие должно совершаться с целью восстановления нарушенных  функций, или же для того, чтобы нейтрализовать психологические или физиологические нарушения в организме.

2. Разрешается использовать ткани или части организма, имеющие функцию самовосстановления. Например, кровь и кожа относятся к ним.Кроме того, человек, идущий на эту процедуру, должен быть в ясном уме, то есть дееспособным.

3. Разрешается использовать часть органа, который был удален по медицинским показаниям.Например, использовать роговую оболочку глаза, удаленного  по медицинским показаниям, но сохранившего целостность роговицы, и т.д.

4. Использовать для трансплантации жизненно важный, функционирующий орган человека, создавая опасность для его жизни – харам. К примеру, ни в коем случае нельзя использовать для донорства сердце, забрав его у здорового, живого человека.

5. Также является харамом, использовать для трансплантации один из основных,функционирующих органов,даже если их использование не создает риск для жизни.

Например, нельзя завещать или передать роговые оболочки глаз живого человека. (Потому что отсутствие зрения пусть и не лишает человека жизни, но существенно снижает ее качество, создает серьезные неудобства).

6. В случае, если трансплантация органа (органов) позволит сохранить жизнь реципиенту, поможет вести ему в дальнейшем вполне полноценную жизнь, то совершать трансплантациюпригодных пригодных для трансплантации органов покойногоразрешается.(запрещено использовать (изымать) для трансплантации половые органы, семенник). При этом для использования органов необходимо согласие покойного-донора, данное перед смертью, или согласие его родных.Если же родных по разным причинам найти не удается, то разрешение выдает компетентный государственный орган.(موافقة وليّ أمر المسلمين).

7. Важно помнить! Все вышеизложенные правила относительно донорства не должны быть средством для торговли или торга, иных финансовых сделок. Потому что в любом случае, торговать, выставлять на торг человеческие органы запрещено.

Однако. если страдающий недугом человек может заполучить нужный для исцеления орган только посредством купли-продажи, на нем не будет греха (этот вопрос открыт для обсуждения -فمحل اجتهاد ونظر).

8. Помимо вышеизложенного, другие случаи относительно вопроса донорства, впредь также будут обсуждаться, исследоваться с точки зрения медицины и шариата и будем надеяться, что найдут свое решение. [5].

Дополнительно к изложенному, приведем также заключения других ученых:

В целом, так излагают свою точку зрения ученые, допускающие донорство в Исламе. Однако, есть также ученые выступающие категорически против донорства [7].

Абдусамат Касым

Перевод с казахского Зарины Нокрабековой","[1] http://ru.wikipedia.org
[2] Волокно  (лат. textus, грек. hіstos), в биологии – прозенхимные клетки, система в организме человека или животного, имеющие схожие характеристики по структуре, составу.
[3] Ахкаму –Жирахати ат-тыббия, «Аль-мактабат ас-сахаба», 354 стр,  Джидда.
[4]сура аль-Маида  – №32 аят.;
[5] http://www.fiqhacademy.org.sa/qrarat/4-1.htm
[6] http://www.qaradawi.net; http://www.dar-alifta.org
[7] ахкәму –Жирахати ат-тыббия, «аль-мактабат ас-сахаба», 354 стр,  Джидда.",March,3,2017,10,2017-03-10,2026-01-08,3226,Jumada al-Thani
"Можно ли считать халяльным мясо курицы, зарубленной топором?",https://islam.kz/ru/questions/raznoe/mojno-li-schitat-halyalnym-myaso-kuritsy-zarublennoi-toporom-263/,"3 марта 2017 г., 15:09",17391,20,"Ассаляму алейкум! Можно ли рубить кур и других птиц? Будет ли мясо считаться халал, если перед рубкой произносить «Бисмилляхи»? Или же необходимо резать птицу, как животное? Мейрамбай","Уа алейкум ассалам уа рахматуллахи уа баракатуху!

Мясо птицы считается халал, если перед тем, как отрубить голову курицы, произнесено «Бисмиллях».

В связи с этим в качестве доказательства можно привести слова Хазрета Али, который сказал, означающее:«Это способ быстрого закалывания животного».

Кроме этого, можно привести еще одно доказательство: когда спросили сахабу Имран ибн Хусейна (да будет доволен им Аллах) о человеке, зарубившем утку саблей, он ответил, означающее:«Эта утка съедобная»[1].

Имам Аъзам Абу Ханифа, Имам Шаъби, Имам Саури, Имам Ахмад ибн Ханбаль и другие ученые также вынесли хукмы о том, что данное мясо является разрешенным [2].

Абдусамат Касым

Перевод:«Mazhab.kz»","[1] ИмамСарахси: аль-Мабсут.
[2] Ибн Кудама: аль-Мугни -  «7766».",March,3,2017,3,2017-03-03,2026-01-08,3233,Jumada al-Thani
Какие дуа читать для скорейшего выздоровления?,https://islam.kz/ru/questions/meditsina/kakie-dua-chitat-dlya-skoreishego-vyzdorovleniya-262/,"20 февраля 2017 г., 18:06",101901,429,"Я работаю волонтером в больнице. Научите меня каким-нибудь коротким дуа, которые я мог бы читать для пациентов-мусульман, чтобы помочь им скорее выздороветь.","Ассаляму алейкум ва рахматуллахи ва баракятух!

Ваша помощь людям в больнице – это очень ценное поклонение и Сунна Посланника Аллаха (мир ему и благословение Аллаха). Пусть Аллах примет ваши добрые дела и сохранит их для будущей жизни. Амин.

Что вы можете сделатьдля облегчения состояния больных:

1) Желательно семь раз читать суру Аль-Фатиха и дуть на больного.

2. Также было привычкой Посланника Аллаха (мир ему и благословение Аллаха) читать следующее дуа при посещении больных:

اللَّهُمَّ رَبَّ النَّاسِ أَذْهِبِ البَاسَ، اشْفِهِ وَأَنْتَ الشَّافِي، لاَ شِفَاءَ إِلَّا شِفَاؤُكَ، شِفَاءً لاَ يُغَادِرُ سَقَمًا

Транслитерация:«Аллахумма рабби-н-нас азхибиль-бас, ишфихи ва анташ-шафи, ля шифа’а илля шифаук, шифаа ля йугадиру сакама»

Перевод:О, Аллах, Господь людей! Убери (от нас) трудности и исцели его (больного), ибо Ты Исцеляющий. Нет никакого исцеления, кроме Твоего, исцеления, которое не оставляет болезней(1).

3. Также передается в Сахих Муслим, что Посланник Аллаха (мир ему и благословение Аллаха) рекомендовал больным делать следующее:

ضَعْ يَدَكَ عَلَى الَّذِي تَأَلَّمَ مِنْ جَسَدِكَ، وَقُلْ بِاسْمِ اللهِ ثَلَاثًا، وَقُلْ سَبْعَ مَرَّاتٍ أَعُوذُ بِاللهِ وَقُدْرَتِهِ مِنْ شَرِّ مَا أَجِدُ وَأُحَاذِرُ

«Положите руку на то место, где чувствуете боль, и скажите «Бисмиллях» три раза, а далее семь раз произнесите: «Аузубилляхи ва кудратихи мин шарри маа аджзу ва ухазир»(2).

А Аллах знает лучше.

annisa-today.ru",,February,2,2017,20,2017-02-20,2026-01-08,3244,Jumada al-Awwal
Мама не разрешает мне надевать хиджаб…,https://islam.kz/ru/questions/semya/semya/mama-ne-razreshaet-mne-nadevat-hidjab-261/,"10 января 2017 г., 15:29",4799,10,"Мне 18 лет, очень хочу надетьхиджаб. Но мама очень боится закрытых девушек из-за тревожной обстановки вокруг, и стоит мне только завести разговор о хиджабе, ей плохо становится. Я всегда одеваюсь скромно; облегающее, просвечивающее и короткое мне и прежде не разрешали носить; вообще не крашусь. Платок носила всегда, только назад завязывала, а не вперёд. Родители говорят, что этого достаточно, а охиджабеи слышать не хотят, говорят, что иначе из института заберут. Подскажите, пожалуйста, как мне быть? Как разубедить маму?","С подобной проблемой в редакцию сайта обращаются довольно часто. Это указывает на особую актуальность этого вопроса и его важность в жизни девушек, желающих следовать нормам Ислама. Вы правильно заметили, что Ваша мама выступает против ношения Вами мусульманской одежды вследствие сложившейся обстановки. Сейчас, к сожаленью, такое время, что на девушку в хиджабе некоторые люди смотрят с опаской, с недоверием. В зависимости от сложившихся обстоятельств нужно искать наиболее оптимальный выход. Сразу же обозначим конечную цель, к достижению которой мы и будем стремиться. Очевидно, что отказ от ношения мусульманской одежды в угоду чьему-либо мнению неприемлем, как и неприемлемо обострение отношений с мамой и вражда с ней. Значит, надо найти такое решение, которое отвечает обоим условиям. Первое, что следует сделать, это отказаться от поиска компромисса – в том смысле, что компромисс не является наилучшим выходом из конфликтной ситуации, как ошибочно полагают. Наилучший выход – это сотрудничество, сотрудничество с мамой в данном случае, как бы это парадоксально ни звучало.

Для реализации этого сценария развития событий первое, что нужно сделать, это завоевать расположение мамы. Начните с ней разговор о существующей проблеме, но при этом сразу оговорите, что Вы не намерены с ней спорить, что уважаете её мнение и цените её. Это должно быть сказано искренне, без каких-либо условий. Попросите её помочь Вам в сложившейся ситуации. Расскажите о том, что Вам очень хочется одеваться в соответствии с нормами Ислама, но при этом хочется и сохранить с ней добрые отношения. Это автоматически переведёт ваш разговор из позиции конфронтации в позицию сотрудничества. Говорите о том, что Вам больно из-за того, что приходится разрываться между мамой и религией, что Вы не хотите выбирать или/или, что Вам нужно и то и другое. Если Вы всё сделаете правильно, то настроение мамы может заметно поменяться, она ощутит личную ответственность за происходящее в Вашей душе и как любящая мать постарается Вам помочь.

Узнайте позиции людей, сведущих в Исламе, о том, какую цветовую гамму можно допустить в одежде. Вполне возможно, что Вы вместе с мамой сможете подобрать для Вас такой стиль одежды, который будет соответствовать нормам Ислама и в то же время будет устраивать её.

Алиасхаб Анатольевич Мурзаевпсихолог-консультант Центра социальной помощи семье и детям

Источник: islam.ru",,January,1,2017,10,2017-01-10,2026-01-08,3285,Rabi al-Thani
"Будет ли харамом зарплата, устроившегося на работу с помощью взятки?",https://islam.kz/ru/questions/torgovlya/budet-li-haramom-zarplata-ustroivshegosya-na-rabotu-s-pomoshyu-vzyatki-260/,"20 декабря 2016 г., 11:20",7968,14,"Будет ли харамом зарплата, устроившегося на работу с помощью взятки?","В-первую очередь, следует отметить, что давать взятку по шариату – харам.  Пророк Мухаммед (да благословит его Аллах и приветствует) сказал: «И тот, кто даёт, и тот, кто берёт взятку, будут гореть в аду». (Табарани).

Исключением считаются лишь некоторые случаи(например, есличестно заработанноеможно получить только при помощи взятки. Но ни в коем случае не должно быть посягательства на  чужое имущество.  Также  в случае опасности, когда  человек вынужден спасать жизнь, имущество). Вообще в Исламе считается очень тяжелым грехом давать или брать взятку. В риваятах сказано, что сахаба Абдулла ибн Масгуд спасаясь в Эфиопия от врагов, отдал им два динара. Далее говорится: ""В таких случаях грех будет на получающих, а не отдающих"".

Безусловно, лучше подыскать другу работу. Но, если несмотря на то, что вы ищете,  не можете найти другую работу, чтобы прокормить семью, то выхода нет, грех будет на поучающем взятку.

А зарплата будет дозволенной, так как является оплатой за честный труд. Истина известна только Аллаху!

Коррупция и взяточничество вместе с ростовщичеством (взимание процентов) – болезни, которые разрушают экономику государства и могут привести к его гибели. Чтобы остановить коррупцию, которая сейчас распространяется во многих сферах нашего общества, каждый гражданин должен осознавать свою ответственность перед Родиной и не приближаться к таким запретным делам.

Абдусамат ҚасымПеревод Айгуль Калкенкызы

Источник: Mazhab.kz",,December,12,2016,20,2016-12-20,2026-01-08,3306,Rabi al-Awwal
Слышат ли мертвые живых?,https://islam.kz/ru/questions/veroubejdenie/slyshat-li-mertvye-jivyh-259/,"15 декабря 2016 г., 9:04",30254,429,"Знают ли покойные о том, что их посещают живые, слышат ли они их, знают ли об их состоянии, о том, что живые говорят про них? Где пребывают души? Собираются ли они, видят ли друг друга? Подвергаются ли допросу шахид и ребенок?","Это важные вопросы, мало кто разъяснил их доскональным образом.

ИншаАллах, я постараюсь изложить хадисы и асары по этому поводу.

Что касается первого вопроса (знают ли покойные о том, что их посещают живые) – да, они знают об этом.

Ибн Аби Дунья, рахимахуллах, приводит в разделе«Аль-Кубур»хадис от Айши  , которая сообщает, что Посланник Аллаха   сказал: «Всякий раз, когда кто-либо посетил могилу своего брата-мусульманина и сидел возле нее без того, чтобы тот (покойный) обрадовался и отвечал ему, пока он не встанет».

Также Ибн Абдуль-Барр, рахимахуллах, приводит в книге«Аль-Истизкар ва ат-тамхид»хадис от Ибн Аббаса  , который передал слова Посланника Аллаха  :

«Не бывает такого, чтобы кто-либо проходил мимо своего брата-мусульманина, знакомого ему в этом мире, дав ему салам, без того, чтобы он узнал его и ответил ему». Абу Мухаммад Абдуль-Хакк, рахимахуллах, сказал, что хадис достоверный.

Также Ибн Аби Дунья, рахимахуллах, в разделе«Аль-Кубур»приводит по цепочке от Мухаммада ибн Кудама аль-Джавхари,  от Маана ибн Исы аль-Каззара, от Хишама бин Саада , от Зайда бин Аслама, что Абу Хурайра   сказал:

«Когда кто-либо, проходя мимо могилы человека, которого он знал, дает ему салам, тот отвечает ему и узнает его. Когда он, проходя мимо могилы человека, которого он не знал, дает ему салам, тот тоже отвечает ему».

Об этом также передают от Мухаммада бин Васиа, рахимахуллах, который сказал: «До меня дошло, что покойные знают о своих посетителях в пятницу за день до этого и за день после этого».

Также приводят от Даххака, рахимахуллах:

«Кто посетит могилу в субботу до восхода солнца, покойный узнает о его посещении».

Его спросили, из-за чего это [происходит].

Он ответил: «Из-за того, что этому предшествовал пятничный день».

Что касается второго вопроса - знают ли покойные о состоянии живых и о том, чем они заняты – да, они знают.

Имам Ахмад приводит в своей книге«Аль-Муснад»переданное от Абдурразака , от Суфьяна, который услышал, как Анас бин Малик, разы Аллаху анхум, передал слова Посланника Аллаха, мир ему и благословение:

«Поистине, ваши деяния выставляются перед вашими покойными родственниками и вашим родом, и если они будут хорошими, те радуются, а если другими, то они просят: «О Аллах, не умерщвляй их, пока не наставишь, как Ты наставил нас»».

Абу Давуд ат-Таялиси, рахимахуллах, привел в своей книге«Аль-Муснад»слова  Посланника Аллаха, мир ему и благословение, переданные от ас-Салта бин Динара, от аль-Хасана, от Джабира ибн Абдуллаха, разы Аллаху анхум:

«Поистине, ваши деяния выставляются перед вашими родом и родственниками в их могилах, и если эти деяния будут хорошими, они радуются, а если другими, они говорят: «О Аллах, внуши им, чтобы они занимались поклонением Тебе»».

Ат-Табарани, рахимахуллах, рассказывает в книге«Аль-Авсат»,что Маслама бин Али, рахимахуллах, передал (но он слабый передатчик), что Посланник Аллаха, мир ему и благословение, сказал:

«Поистине, когда погибает душа верующего, её принимают обладатели милости из рабов Аллаха, так же, как и вы встречаете приносящего хорошую весть из мирских жителей. Затем они говорят: «Обратите ваше внимание на вашего друга, чтобы он отдохнул, ибо он в глубокой печали». Затем они спрашивают его о некоторых людях: чем занялся этот, а что сделала та, вышла ли она замуж. И если они спрашивают его о человеке, который умер до него, он говорит: «Как же, поистине, тот умер еще до меня». Тогда они говорят: «Поистине, мы принадлежим Аллаху и к Нему возвращаемся». Его берут и относят к его матери «аль-хавия» – адской пропасти, какая же плохая эта мать и воспитательница!»

И он  сказал: «Поистине, ваши  деяния выставляются перед  вашими родственниками и вашим родом из обитателей ахира (потустороннего мира), и если они будут хорошими, те радуются и веселятся, говоря: «О Аллах, это Твое достоинство и Твоя милость, так заверши же ему Твои блага и умертви его в таком состоянии». И также перед ним выставляют плохого их родственника, и тогда они говорят: «О Аллах, внуши ему возможность совершать благие деяния, которыми Ты будешь доволен и благодаря которым он приблизится к Тебе».

Также об этом рассказал Ибн Аби Дунья, рахимахуллах, в книге«Аль-Манамат»от Мухаммада бин Хусайна, от Абдуллаха бин аль-Мубарака, от Савра бин Язида, от Абу Рахма, от Абу Аййуба, разы Аллаху анхум: «Ваши деяния выставляются перед вашими покойными, и если они увидят хорошие поступки, они радуются и веселятся, а если они увидят плохие поступки, они говорят: «О Аллах, верни же их к хорошему».

Ат-Тирмизи аль-Хаким, рахимахуллах, в книге«Навадир аль-усул»рассказывает хадис от Абдуль-Гафура бин Абдуль-Азиза, от его отца от его деда, разы Аллаху анхум,которые передают, что Посланник Аллаха, мир ему и благословение, сказал:

«Все деяния выставляются перед Аллахом в понедельник и в четверг, также они выставляются перед пророками и перед отцами и матерями в пятницу, и тогда они радуются их хорошим деяниям, и их лица еще больше белеют и сияют, поэтому бойтесь Аллаха и не вредите вашим покойным».

Рассказывает Ибн Аби Дунья, рахимахуллах, в книге«Аль-Манамат»,что передано от аль-Касима бин Хишама и Мухаммада бин Ризкуллаха, от Яхъи бин Салиха аль-Ваххази, от Абу Исмаила ас-Салули, от Малика бин ад-Даа, от ан-Ну’мана бин Башира, разы Аллаху анхум, который слышал, как Посланник Аллаха, мир ему и благословение,  говорил:

«Бойтесь Аллаха из-за ваших братьев из тех, кто в могиле, ибо, поистине, ваши деяния выставляются перед ними».

Он также рассказал от Абдуллаха бин Шабиба, от Абу Бакра бин Шайба аль-Хизами, от Фалиха бин Исмаила, от  Мухаммада бин Джа’фара бин Аби Касра бин Зайда бин Аслама, от Абу Салиха и аль-Макбири, от Абу Хурайры, разы Аллаху анхум, который передал со слов Посланника Аллаха, мир ему и благословение:

«Не позорьте ваших покойных своими плохими поступками, ибо, поистине, они выставляются перед вашими опекунами из тех, кто в могиле».

Также он рассказал от аль-Хасана бин Абдуль-Азиза, от Амра ибн Аби Салама, от Саида бин Абдуль-Азиза, от Билала бин Абу Дарда’, разы Аллаху анхум, который слышал, как Абу Дарда’ говорил:

«О Аллах, поистине, я прошу, чтобы Ты защитил меня от того, чтобы меня возненавидел мой дядя Абдуллах бин Раваха, когда я встречусь с ним».

Также он рассказал от Абу Хишама, от Яхъи бин Ямана, от Абдуль-Ваххаба бин Муджахида, от его отца, разы Аллаху анхум, который сказал, что, поистине, ему передают радостную весть о том, что его сын после него ведет себя хорошо, чтобы он обрадовался этому.

Что касается третьего вопроса - слышит ли умерший людские разговоры, их похвалу в его адрес и высказывания про него – да, слышит.

Имам Ахмад в«Аль-Муснад»,аль-Марвази в разделе«Аль-Джанаиз»,Ибн Аби Дунья и другие, рахимахумуллах, приводят от Абу Амра аль-Икди, от Абдул-Малика бин аль-Хасана аль-Мадани, от Са’да бин Амра бин Сулайма, от Муавията или от сына Муавията, от Абу Саида аль-Худри, разы Аллаху анхум, который сказал со слов Посланника Аллаха, мир ему и благословение:

«Поистине, покойник знает, кто моет его, и кто несет его, и кто помещает его в могилу». Этот хадис привел и ат-Табарани в книге«Аль-Авсат»по другой цепочке от Абу Саида.

Ибн Аби Дунья, а также Суфьян ас-Саври и другие, рахимахумуллах, приводят хадис с таким же смыслом со своими иснадами от Амра бин Динара и от Бакра бин Абдуллаха аль-Музани, разы Аллаху анхум.

Также Ибн Аби Дунья, рахимахуллах, рассказал от Сурайджа бин Юнуса от Убайды бин Хумайда, от Аммара, от Салима бин Абиль-Да’да, разы Аллаху анхум, что Хузайфа, да будет доволен им Аллах, сказал:

«Поистине, душа находится у ангела, когда тело его моют, и, поистине, ангел отправляется с ним в могилу, и когда засыпают его землей, он вводит душу в него, и его начинают допрашивать».

Он также рассказал от аль-Хусайна бин Амра аль-Кураши, от Абу Давуда аль-Хифри, от Суфьяна, от А’маша, от Абдуррахмана бин Зияда, от Абдуррахмана бин Аби Лайла,разы Аллаху анхум, который сказал:

«Душа бывает у ангела. Он ходит с телом покойного и говорит: «Слушай, что говорят тебе». И когда тот доходит до своей могилы, он хоронит ее вместе с ним».

Что же касается четвертого вопроса о то, где находятся души -  то это самый серьезный из всех этих вопросов, и я постараюсь, по воле Всевышнего Аллаха, досконально изложить этот  вопрос.

Вот, что я смог найти по этому поводу.

Передает имам Малик, рахимахуллах, в книге«Аль-Муватта’»от Шихаба, от Абдуррахмана бин Ка’ба бин Малика, чей отец Ка’б бин Малик, разы Аллаху анхум, что, поистине, рассказывал Посланник Аллаха, мир ему и благословение, сказал:

«Поистине, душа верующего человека – это птица, которая сидит на дереве в Раю до тех пор, пока Аллах не вернет ее в свое тело, когда Он воскресит его». Это достоверный хадис, его передали имам Ахмад и ат-Табарани в книге«Аль-Кабир»с хорошим иснадом от Умму-Хани, от Шафии, от Малика, а также Насаи и другие.

Ахмад и ат-Табарани рассказывают в книге«Аль-Кабир»с хорошим иснадом от Умму-Хани, что, поистине. она спросила Посланника Аллаха, мир ему и благословение:

«Можем ли мы посещать друг друга, когда мы умираем, и можем ли мы видеть друг друга?».

И тогда Посланник Аллаха, мир ему и благословение, сказал: «Душа бывает птицей, которая сидит на дереве, и когда наступает Судный день, каждый нафс (душа) входит в свое тело».

Имам Муслим, рахимахуллах, и другие приводят в хадисе-марфу’ от Абдуллаха бин Масуда, да будет доволен им Аллах, о том, что души шахидов у Всевышнего Аллаха находятся как бы внутри птиц, и когда захотят, они могут летать над реками Рая, а затем возвращаются в светильники под Аршем.

Также Ахмад, Абу Давуд, аль-Хаким, рахимахумуллах, и другие приводят с достоверной цепочкой от Ибн Аббаса, да будет доволен ими Аллах, что Пророк, мир ему и благословение, сказал: «Когда ваши друзья погибли при Ухуде, Аллах поместил их души внутри зеленых птиц, которые прилетают к райским рекам, едят растущие там плоды и возвращаются в светильники из золота под тенью Арша».

Также приводят Ахмад и Абд, рахимахумуллах, в книгах«Аль-Муснад»,а также ат-Табарани, рахимахуллах, с хорошей цепочкой от Махмуда бин Лабида, от Ибн Аббаса в хадисе аль-марфу’:

«Шахиды пребывают на холме у реки возле ворот Рая под зеленым куполом, к ним приносят их пропитание из Рая утром и вечером».

Приводят аль-Байхаки, рахимахуллах, в разделе о воскрешении и ат-Табарани, рахимахуллах, с хорошей цепочкой от Абдуррахмана бин Ка’ба бин Малика , который сказал: «Когда Ка’ба настигла смерть, к нему пришла Умму Мубашшир бинт аль-Бараа и сказала: «О Абу Абдуррахман, если ты встретишься с Ка’бом бин Маликом, передай ему салам от меня». Он ответил: «Да простит тебе Аллах твои грехи, о Умму Бишр, мы заняты более серьезным делом, чем это. Разве ты не слышала, как Посланник Аллаха  сказал: «Поистине, душа верующего гуляет в Раю и ходит куда ей угодно, а душа неверующего в Аду»?. Она сказала: «Да, это так»».

Ат-Табарани, рахимахуллах, рассказал от Абу Зур’а ад-Димашки, от Абдуллаха бин Салиха, от Дамрата бин Хабиба, что, когда Пророка, мир ему и благословение, спросили про души верующих, он сказал: «Они в зеленых птицах и гуляют в Раю, где хотят». Тогда они сказали: «О Посланник Аллаха, а души неверующих?» Он сказал: «Они в Аду». Это хадис-мурсаль.

Приводят Ахмад в книге«Муснад»,аль-Хаким в книге«Мустадрак»,аль-Байхаки и Ибн Давуд, рахимахумуллах, в разделах о воскрешении и другие по линии от Абу Хурайры , который передал слова Посланника Аллаха, мир ему и благословение:

«Дети верующих людей пребывают на холме в Раю, их опекают [Пророк] Ибрахим и [его супруга] Сара, и так будет до тех пор, пока их не вернут к своим отцам в Судный день». Аль-Хаким сказал, что хадис достоверный.

Приводят аль-Байхаки, в книге«Ад-Далаил»,Ибну Аби Хатам и Ибну Иардавайхи, рахимахумуллах, в их книгах толкований Корана и другие по линии Абу Мухаммада аль-Хамани, от Абу Харуна аль-Абди, от Абу Саида аль-Худри, разы Аллаху анхум, что Пророк, мир ему и благословение, сказал:

«Мне принесли ми’радж (лестницу), по которой проходят души детей Адама, и никто из творений Аллаха не видел ми’радж лучше того, что видел я. Я видел, как покойный пробивал свой путь глазами, упираясь в небо, – таково было его удивление от ми’раджа. Затем я поднялся вместе с Джибрилом, он попросил разрешения войти через небесные ворота, и мы вошли, и я увидел Адама (алейхи салям), которому показывали души его потомков верующих, и он говорил: «Хорошая душа и хороший нафс, поднимите его на иллиййин». Затем ему показали души грешников из его потомков, и тогда он сказал: «Плохая душа и плохой нафс, отправьте его в сиджжин»».

Абу Наим аль-Асбахани передал от Ахмада бин Ибрахима аль-Кайала, от Мусы бин Шуайба Абу Имрана ас-Самарканди, от Мухаммада бин Сухайла, от Абу Мукатила ас-Самарканди, от Абу Сахля Хишама бин Миска, от Хасана, от Абу Хурайры, разы Аллаху анхум, который сказал со слов Посланника Аллаха, мир ему и благословение: «Поистине, души верующих находятся на седьмом небе, и они смотрят на свои места в Раю».

Это хадисы, которые я смог собрать из тех, что относятся к уровню марфу’.

А что касается хадисов аль-мавкуф, то Ибн Аби Дунья, рахимахуллах, рассказал от Мухаммада бин Раджи, от ан-Надра бин Шамиля, от Хаммада бин Салама, от Али бин Язида бин Джадана, от Юсуфа бин Махрана, от Ибну Аббаса, от Али бин Аби Талиба, разы Аллаху анхум, который сказал: «Самое ненавистное для Аллаха место на земле – это долина, которая называется Бархут. Там находятся души неверующих».

Приводят аль-Байхаки в разделе о воскрешении и Ибну Аби Дунья, рахимахумуллах, в разделе о снах от Саида бин аль-Мусаййаба, что однажды встретились Салман аль-Фариси и Абдуллах бин Салам, разы Аллаху анхум, и один из них сказал другому:

«Если ты раньше меня встретишься с твоим Господом, ты расскажи мне, с чем ты встретился». «А разве живые могут встретиться с умершими?» – спросил другой. Первый ответил: «Да. Что касается верующих, то их души в Раю, и они могут ходить там где угодно».

Также  приводят аль-Байхаки и Табарани, рахимахумуллах, в книге«Аль-Кабир»от Абдуллаха бин Амра , который сказал: «Рай свернут и помещен между двумя рогами солнца, его раскрывают два раза в год. А души верующих находятся в птицах, похожих на скворцов, они едят плоды райских деревьев».

Аль-Мирвази, рахимахуллах, приводит в разделе«Джанаиз»от Аббаса бин Абдулмуталиба , который сказал: «Души верующих поднимаются к Джибрилю. Ему говорят: «Ты опекун этих душ до Судного дня»».

Также приводят от Абдуллаха бин Амра , который сказал:

«Души неверующих собираются в Джабияте».

Аль-Байхаки, рахимахуллах, приводит от Ибну Аббаса, от Ка’ба, разы Аллаху анхум, который сказал:

«В Раю аль-Ма’ва есть зеленые птицы, к ним поднимаются души шахидов, и они гуляют в Раю. Что касается душ неверующих, то они в черных птицах отправляются в Ад и гуляют там. А дети мусульман – в райских воробьях».

Абу Наим, рахимахуллах, приводит в книге«Аль-Хилят»от Вахба бин Мунаббиха , который сказал:

«У Аллаха на седьмом небе есть дом под названием Байдаа (Белый), там собираются души верующих. И когда кто-то из земных обитателей умирает, те души встречают его и спрашивают о новостях на земле, как спрашивает семья того, кто находился в пути, когда он возвращается к ним».

Ибн Аби Дунья, рахимахуллах, рассказал от Халида бин Хаддаша от Малика бин Анаса , который говорил:

«До меня дошло, что души верующих свободны и они могут идти куда захотят».

Что касается пятого вопроса - собираются ли души, видят ли они друг друга - ответ также утвердительный – да.

Так же было сказано выше в хадисе Абу Аййуба у Табарани, рахимахуллах, и в хадисе Умму Бишр  у него же, и в асаре Вахба у аль-Байхаки, рахимахуллах.

Ибну Аби Дунья передал от Мухаммада бин Абдуллаха бин Базига бин аль-Бара’ бин Ма’рур,а от Фудайла бин Сулаймана ан-Намири, от Яхъи бин Абдуррахмана бин Аби Лабиба, от его деда, разы Аллаху анхум, который говорит:

«Когда умер Бишр, его матери было очень тяжело, и она сказала: «О Посланник Аллаха, не перестают гибнуть те, кому суждено погибнуть из племени Бану Салама. А могут ли покойные узнать друг друга, чтобы я могла отправить салам Бишру?» Тогда он, мир ему и благословение, сказал: «Да, клянусь Тем, кто обладает моей душой, поистине, они узнают друг друга, как птицы узнают друг друга на вершине дерева». И когда был при смерти кто-либо из племени Бану Салама, всякий раз к нему приходила Умму Бишр и говорила: «О такой-то, салам тебе». Он отвечал: «И тебе салам». И тогда она говорила: «Передай салам Бишру».

Также имам Ахмад, рахимахуллах, передает в своей книге«Муснад»от аль-Хасана от Ибну Лахи’ от Дарраджа от Исы бин Хилала ас-Садафи от Абдуллаха ибн Амра, разы Аллаху анхум, который сказал со слов Посланника Аллаха, мир ему и благословение:

«Поистине, две души верующих в действительности встречаются еще на расстоянии целого дня, даже если они вообще никогда не видели друг друга».

Аль-Баззар, рахимахуллах, приводит с достоверной цепочкой от Абу Хурайры , который возводит этот хадис к Пророку, мир ему и благословение:

«Поистине, когда верующий умирает и видит то, что видит [умирающий], он начинает желать, чтобы его душа вышла из тела. Аллах тоже любит, когда Он встречается с верующим. И, поистине, душа верующего поднимается на небо. И когда она поднимается на небо, к ней подходят души верующих и расспрашивают ее о знакомых из обитателей земли. Когда он говорит: «Я оставил такого-то на земле», им это нравится, а когда он говорит, что кто-то умер, они говорят: «Его не привели сюда».

Также Ибн Аби Дунья, рахимахуллах, приводит с цепочками передатчиков от Убайда бин Умайра , который сказал:

""Когда умирает кто-либо, его встречают души и расспрашивают его, как спрашивает путник, что было с этим и что стало с тем"".

Также передают от Хасана , что, когда верующий умирает, к нему приходят 500 ангелов, чтобы взять его душу.

Они поднимаются с ним на земное небо, и там его встречают души верующих, желая расспросить его, и тогда ангелы говорят: «Будьте повежливее с ним, ибо он вышел из большой печали». Тогда кто-то из мужчин спрашивает его о брате или о друге.

Также приводят от Саида бин Джубайра , что, когда покойный умирает, его встречает его сын, как встречают пропавшего.

Также передают от Сабита аль-Банани , который сказал:

«Поистине, когда покойный умирает, его окружает его покойная семья и родственники, которые умерли до него. И он больше радуется им, чем радуется семья, когда к ним приезжает их родственник, который был в отъезде».

Что же касается шестого вопроса - допрашивают ли шахида - то многие ученые, в том числе аль-Куртуби, говорят, что нет.

Аль-Куртуби, рахимахуллах, привел в доказательство хадис Муслима, рахимахуллах, который говорит, что Пророка, мир ему и благословение, спросили: подвергают ли шахида испытанию, на что он ответил:

«Достаточно как испытания, что над его головой сверкали мечи».

По словам аль-Куртуби, рахимахуллах, это означает, что допрос в могиле существует для того, чтобы отличить искренне верующего от лицемера, а то, что шахид держался под блеском мечей и не переметнулся к неверующим, – самое большое доказательство его искренности в вере.

Что же касается седьмого вопроса -  допрашивается ли ребенок - то по этому поводу у ученых ханбалитского мазхаба есть два мнения.

Оба этих мнения привел Ибн Каййим, рахимахуллах, в книге«Ар-Рух».Ан-Навави, рахимахуллах, в своих книгах«Ар-Равда»и«Шархул мухаззаб»пишет, что талкин после смерти – это особенность для совершеннолетнего, а что же касается маленького, несовершеннолетнего, то ему не делают талкин.

Следовательно, ан-Навави, рахимахуллах, склоняется к тому, что его (несовершеннолетнего ребенка) не допрашивают.А Аллах знает лучше.

Автор: Имам Хафиз Джалалуддин ас-Суюты

Книга:  Аль-Хави ли-ль-Фатава

Источник: as-sunna.ru",,December,12,2016,15,2016-12-15,2026-01-08,3311,Rabi al-Awwal
Муж постоянно мне изменяет…,https://islam.kz/ru/questions/semya/semya/muj-postoyanno-mne-izmenyaet-258/,"13 декабря 2016 г., 12:13",7096,10,"Я замужняя женщина, в семье у нас пятеро детей. Я с детства всегда молюсь, держу пост. Стараюсь во всём быть такой, как подобает жене-мусульманке. Я очень люблю мужа, уважаю, стараюсь как могу наставить его на путь верный, очень дорожу своей семьёй. И очень боюсь, что муж разрушит нашу семью. Дело в том, что он мне изменяет. Конечно, я давно это подозревала, но он всегда говорил, что это неправда, что я не так поняла. А иногда, когда у меня уже бывали доказательства, он говорил, что это он по непониманию сделал ошибку, что был выпившим, что такое не повторится, что он меня очень любит. Бывало видно, что он действительно жалеет о случившемся. Много раз давал и сам себе обещание, что бросит эти похождения и всё такое, начинал молиться. Но опять-таки через некоторое время всё продолжалось по-прежнему. Конечно, он нас во всём обеспечивает, делает всё, что нам нужно, очень любит детей. Но в последнее время он вообще изменился, каждый день узнаю о новых изменах даже с моими знакомыми. Теперь уже, когда мы из-за этого ссоримся, говорит, что он мужчина, чтобы я не вмешивалась туда, куда не надо. Самое главное, что он нас любит и что всегда будет с нами. И что сделает всё, что для нас нужно. Но я не понимаю такую любовь, это неуважение ко мне, и это большой грех. Ведь у нас тоже растут дочери. Я больше не могу терпеть такое его поведение. Но и не могу оставить детей. Подскажите, пожалуйста, как мне быть?","Великие мусульманские корифеи из Корана и Сунны вынесли решение, что незаконные согласно мусульманскому правуинтимные отношения– настолько великий грех, что по уровню своей тяжести уступают лишь неверию и убийству невинного человека! Шариатом также установлено и наказание за прелюбодеяние: 100 ударов плетью неженатому и забивание камнями до смерти женатого! Совершившему прелюбодеяние желательно скрывать свой грех и покаяться в содеянном.

Как-то к Посланнику Аллаха (мир ему и благословение) пришёл парень и попросил Пророка (мир ему и благословение) разрешить ему прелюбодеяние. Услышав столь мерзкую просьбу, сподвижники ринулись к этому молодому человеку, но Посланник Аллаха (мир ему и благословение) велел им не вмешиваться. Пророк (мир ему и благословение) спросил того юношу, желал ли бы он, чтобы кто-нибудь совершил этот грех с одной из его родственниц (перечисляя их). Каждый раз тот юноша давал отрицательный ответ и в итоге осознал мерзость этого греха. Мусульманские богословы говорят, что в отличие от других грехов грех прелюбодеяния всегда возвращается к тому, кто его совершал, т. е. с кем-нибудь из его родственниц тоже его совершат. Вы сказали, что он любит своих детей; спросите его: желает ли он, чтобы этот грех вернулся в его дом? Думаю, что если он хоть малость любит своих дочерей, беспокоится об их чести, да и о своей, то поймёт неправильность своего образа жизни и откажется от совершения столь тяжкого греха.

Если у Вас есть соблюдающие каноны Ислама родственники, почаще приглашайте их к себе (разумеется, с разрешения мужа).

Нередко женщина, у которой имеются дети, всецело отдаётся их воспитанию – конечно же, если она хорошая мать – и напрочь забывает ухаживать за собой, что порой служит причиной обращения внимания её мужем на других женщин.

Поэтому стоит подумать и о том, чтобы как-то преобразить свою одежду, прихорашиваться для мужа, разнообразить половую жизнь.

К несчастью, с подобными проблемами приходится сталкиваться всё чаще и чаще. Скорее всего, это связано с общей морально-нравственной деградацией общества. Именно по этой причине многие мужчины, да и женщины тоже, не видят ничего плохого винтимных отношенияхвне брака. Конечно, если говорить в целом о ситуации в обществе, тут мы мало что можем поправить, однако когда имеешь дело с частным случаем, то появляется реальный шанс повлиять на ситуацию. Самое главное – определить основные причины, обусловливающие поведение Вашего мужа. Они могут быть как внешними, так и внутренними, и рассматривать их можно лишь в совокупности. К внутренним причинам прежде всего следует отнести неверное представление мужа о недопустимости его поведения с точки зрения Ислама. Скорее всего, Ваш супруг недооценивает всю тяжесть и греховность того, что он совершает, и степень наказания за это. В данном случае уместно сделать так, чтобы у мужа появилась возможность более углублённо изучить Ислам. Для этого можно держать дома на видных местах различную религиозную литературу, написанную доступным языком. Второй внутренней причиной поведения мужа могут являться повышенные половые потребности, которые он стремится удовлетворить. В данном случае уместно обратить внимание на ряд внешних причин, оказывающих воздействие на мотивационную составляющую поведения Вашего спутника жизни, а точнее выступающих в роли стимула. Очевидно, что таким стимулом может быть женщина, способная не только удовлетворять половые потребности, но и вызывать желание. Возникает закономерный вопрос по поводу того, что Ваш муж не находит полного удовлетворения своих страстей в семье, что и заставляет его искать удовлетворения на стороне. В данном случае уже имеет смысл проанализировать то, что происходит в вашей семье, в частности как обстоит ваша совместная интимная жизнь. Не исключено, что она нуждается в серьёзной корректировке. Довольно часто бывает такое, что женщина, слишком увлёкшаяся семейно-бытовыми делами, начинает медленно превращаться из женщины в домохозяйку со всеми вытекающими последствиями. Естественно, забота о пятерых детях – дело нелёгкое и требующее много сил и времени, однако есть и другие стороны семейной жизни, не обращать внимание на которые будет серьёзной ошибкой.

Нередко в работе с семейными парами приходится сталкиваться с тем, что муж завязывал отношения вне брака по той причине, что в этих отношениях он искал некую мужскую самореализацию. Поясню. Часто бывает такое, что женщина, не состоящая в браке и поддерживающая отношения с чужим мужчиной, внутренне ощущает, что ей нужно удержать его рядом, и проявляет максимум заботы и ласки, говорит кучу всяких комплиментов и многое в этом роде. Всё это в совокупности приводит к тому, что мужчина становится психологически зависим от такого рода взаимодействия, поскольку в этих отношениях он чувствует себя востребованным и нужным. Несколько иная картина бывает в устоявшейся семье. Женщина, объективно понимая, что её муж никуда от неё не денется (общие дети, имущество, нередко бизнес и т. д.), не считает нужным завоёвывать внимание мужа, тем самым внося свою собственную лепту в раскол.

Естественно, это всё не оправдывает Вашего супруга, но игнорировать перечисленное тоже нельзя. Пересмотрите свои позиции, задайтесь вопросом, что можно изменить в ваших взаимоотношениях, что можно внести нового. Кроме того, можете посмотреть эту статью, в которой раскрываются причины и основы психологической совместимости супругов.

Мухаммад-Амин - хаджи МагомедрасуловтеологАлиасхаб Анатольевич Мурзаевпсихолог-консультант Центра социальной помощи семье и детям

Источник: islam.ru/",,December,12,2016,13,2016-12-13,2026-01-08,3313,Rabi al-Awwal
Окружающие обзывают меня и хотят опозорить…,https://islam.kz/ru/questions/semya/semya/okrujayushie-obzyvayut-menya-i-hotyat-opozorit-257/,"22 октября 2016 г., 12:53",4335,4,"Я учусь в колледже. Меня там все пытаются опозорить, называя различными животными. Что мне делать в такой ситуации? Молчать или ссориться c ними, или что-то ещё?","С точки зрения религии:

Насмешки и издевательства запретны в Исламе и, по мнению некоторых богословов, относятся к тяжким грехам. Ибо Аллах в Коране сказал (смысл):«О те, которые уверовали, пусть одни из вас не насмехаются над другими, ведь может быть, что те (над кем насмехаются) лучше них перед Аллахом»(сура «Аль-Худжурат», аят 11).

يَا أَيُّهَا الَّذِينَ آمَنُوا لَا يَسْخَرْ قَوْمٌ مِنْ قَوْمٍ عَسَى أَنْ يَكُونُوا خَيْرًا مِنْهُمْ

В хадисе Посланника Аллаха (мир ему и благословение) говорится:«В Судный день для тех, кто насмехался над другими в этом мире, будут открыты райские врата и им скажут: “Идите же, заходите”, они будут подходить к вратам с печалью и скорбью, и они закроются прямо перед их носом. Затем им откроются другие ворота и опять скажут: “Заходите же!”, насмешники вновь полные скорби и печали направятся к открывшимся вратам, но и они закроются перед ними. И это будет продолжаться так долго, что когда в очередной раз откроются райские врата и им предложат войти, они не подойдут к вратам»(«Джамиуль-ахадис», № 7425). Вот так насмешники получат своё на Том свете.

إن المستهزئين بالناس يفتح لأحدهم باب الجنة فيقال هلم فيجىء بكربه وغمه فإذا جاء أغلق دونه ثم يفتح له باب آخر فيقال هلم فيجىء بكربه وغمه فإذا جاء أغلق دونه فما يزال كذلك حتى إن الرجل ليفتح له الباب فيقال له هلم هلم فما يأتيه

Во-первых, предупредите своих одноклассников о том, что Всевышний запретил насмешки, запретил обзывать или любым иным способом досаждать другому человеку. Естественно, это поможет только в том случае, если Ваши одноклассники мусульмане или, по крайней мере, верующие люди.

Во-вторых, перестаньте обращать внимание на их насмешки, чем больше Вы будете нервничать или отвечать им тем же, тем сильнее они будут Вас дёргать. Постарайтесь пропускать то, что они говорят мимо ушей, а еще лучше – отшучивайтесь. Если Вы будете себя так вести, то это будет выглядеть так, будто Вас не коим образом не задевают их слова, а ведь именно задеть Вас побольней – их цель.

С точки зрения психологии:

В таких и аналогичных им ситуациях всегда стоит задаться вопросом по поводу того, как именно такое могло произойти, что привело к таким последствиям. Причин может быть сразу несколько, и важно выделить их все, поскольку сведя их на нет, можно будет легко изменить общее направление в развитии событий.

Не исключено, что вокруг Вас собрались такие люди, которые пытаются самоутвердиться за Ваш счёт, и добиваются этого они посредством унижения и оскорбления. Такое, конечно, возможно, но крайне маловероятно. Это не то, над чем стоит задумываться, нужно попытаться повлиять на окружающих, заставить их отказаться от насмешек и поменять к Вам отношение. Нужно сделать всё так, чтобы они самостоятельно отказались от оскорблений и перестали бы называть Вас всякими прозвищами. На первый взгляд, это может показаться нереальным, хотя, на самом деле, нет ничего проще, нужно лишь правильно посмотреть на происходящее.

Значительную помощь в этом сможет оказать Вам перемещение взгляда с того: «Почему именно я стала объектом насмешек?» на новую плоскость – «Что они получают, обзывая меня?» Это и есть самая суть. Дело в том, что, показывая обидчикам, как задевают Вас их слова, а тем более, отвечая на их высказывание агрессией, Вы питаете их необходимым для них. Эта пища заключается в том, что они получают некое моральное удовольствие, оскорбляя Вас, это даёт им возможность почувствовать себя выше Вас. Если Вы перестанете показывать, как задевают Вас их высказывания, равно как и откажетесь от ответных реплик, то, не получая эмоциональной подпитки, они сами отстанут от Вас, причём очень скоро.

Конечно, от Вас может потребоваться изрядная доля выдержки и самоконтроля. Но думайте о конечном результате, и это придаст Вам сил. Кроме того, Вы можете значительно ускорить процесс, если будете не просто игнорировать, но и обязательно психологически верно реагировать на их насмешки. Тут всё дело в том, что ваш ответ должен быть неожиданным и не предсказуемым, а ещё лучше, если он будет в виде вопроса. К примеру, на одно из их высказываний Вы очень ровным и спокойным голосом (это крайне важно) просто спрашиваете: «Видимо, говоря мне это, ты получаешь удовольствие?» Можно варьировать как угодно, главное – сама суть, а именно, ровный и спокойный тип реагирования, не подаваться собственным чувствам и относиться ко всему проще. Зачем Вам так зависеть от мнения людей, чей морально-нравственный облик страдает такими серьёзными изъянами.

Мухаммад-Амин - хаджи Магомедрасулов,теолог

Алиасхаб Анатольевич Мурзаев,психолог-консультант Центра социальной помощи семье и детям",,October,10,2016,22,2016-10-22,2026-01-08,3365,Muharram
Как ужиться двум женам под одной крышей?,https://islam.kz/ru/questions/semya/semya/kak-ujitsya-dvum-jenam-pod-odnoi-kryshei-255/,"19 октября 2016 г., 13:21",4821,21,"Не знаю, как мне быть, как жить, что делать…Я зашла в тупик. Я замужем, я и первая жена живём вместе; одна ночь у мужа со мной, вторая – с ней… Мне плохо от всего этого, я не могу так жить, и я не могу домой пойти, потому что это не первый брак – я вторая жена.Как мне всё это надоело, и плакать устала…","С точки зрения религии:

Согласно нормам Ислама, супруг обязан предоставить каждой из своих жён жильё с отдельным входом и санузлами. Это регламентировано Шариатом как раз-таки во избежание подобных ситуаций. Само собой, при согласии обеих жён проживание в отдельных комнатах одного дома не запрещено. Однако всё же лучше сторониться такого, поскольку рано или поздно ревность сделает своё дело.

Поговорите со своим супругом о том, что Вам тяжело жить под одной крышей с его первой супругой, что Вы имеете право на отдельное жильё и что Вы хотите воспользоваться своим правом.

Разводже – это крайняя мера, на которую стоит идти лишь в безвыходной ситуации, когда нет ни возможности, ни сил дальше жить со своей парой.Посланник Аллаха (мир ему и благословение) дал понять порицаемость развода, сказав: «Самое ненавистное Всевышнему из дозволенного – это развод» («Джамиуль-ахадис», № 170).

С точки зрения психологии:

Ситуация, к сожалению, несколько неоднозначна, будем разбирать её по частям. По всей видимости, проблема не одна, их несколько. Из Вашего письма не совсем ясно, в чём заключается проблема.

Исходя из опыта решения подобных проблем, могу предположить, что основная проблема – в отношениях с первой женой. В подобных ситуациях первая жена воспринимает вторую как соперницу и разрушительницу её семейного счастья. Лишь в редких случаях первая жена воспринимает всё нормально, и это следствие высокой степени её богобоязненности. Если проблема в этом, то необходимо попытаться наладить с ней отношения.

Ситуация может осложняться тем, что Вы заранее не настроены на диалог, – в принципе, как и она. Как следствие в подобных ситуациях возникает двоякая позиция мужа: сохранить Вас и угодить первой жене.Естественно, что на пути налаживания отношений с первой женой мужа Вы столкнётесь с немалым количеством проблем.

Перво-наперво научитесь не поддаваться на провокации скандала с её стороны, это важно по той причине, что, затеяв с Вами скандал, она может настроить мужа против Вас. Ещё раз повторюсь, что в глазах первой жены Вы, возможно, враг, разрушитель её семейного счастья. По этой причине отнеситесь с пониманием к её поведению, ведь не исключено, что Вы сами вели бы себя таким же образом, окажись на её месте. Если она явно затевает скандал, то сразу же пресекайте его, но ни в коем случае не в острой форме, типа: «Замолчи, я не хочу с тобой ругаться», это недопустимо. Лучше всего в подобных ситуациях действует техника поглощения, то есть любой её негативный выпад в Вашу сторону должен быть амортизирован, впитан как губкой. Как этого достичь?Ответ не так очевиден, поскольку многое зависит от конкретной ситуации, но, к счастью, есть и общий принцип.

Общий принцип можно свести к следующей формуле: «Сначала необходимо согласиться с критическим замечанием в свой адрес, и после этого ответить в виде вопроса». К примеру, на её выпад типа: «Ты, коварная, что тебе нужно от моего мужа?» – можно отреагировать следующим образом: «Да, я такая, и мне от моего мужа нужно то же, что и тебе, неужели ты думаешь, что и мне всё это по душе?» Естественно, что после этого последует её закономерный выпад: «Раз не по душе, тогда и оставь нас в покое». Это нормальная реакция, уже есть от чего отталкиваться и строить дальнейший разговор.

В Вашей ситуации самое главное – наладить с ней диалог, разговорить её. Самым сложным будет вынести весь её наплыв негатива, но и тут надо помнить о том, что этот поток не будет бесконечным, если Вы дадите ей возможность всё излить, не перебивая её, дать ей возможность в полной мере выговориться.Лишь после этого разумно приступать к беседе, дать ей возможность почувствовать себя значимой, услышанной.Нередко, если держать добрый и мягкий тон, удаётся склонить человека к пониманию, расположить его к себе. Естественно, что у Вас может возникнуть закономерный вопрос: «Почему всё должна делать я»? Не обязаны, конечно, но если Вы не начнёте и будете ждать, то толку будет ещё меньше.

Это одна сторона отношений, разберём теперь другую. Не исключено, что у Вас, как и первой жены, проявляется ревность к мужу. В этой ситуации много будет зависть от Вашей сдержанности.Для начала просто не прокручивайте в голове различные сцены интимой жизни мужа с первой женой и попросите мужа, чтобы он позаботился о звуконепроницаемости обеих спален.В любом случае делайте уклон на налаживание отношений с первой женой и создание дома благополучной атмосферы.Шаг за шагом вполне реально создать более-менее приемлемые условия.

Мухаммад-Амин Магомедрасуловвыпускник Дагестанского исламского университета

Алиасхаб Анатольевич Мурзаевпсихолог-консультант Центра социальной помощи семье и детям

Источник: islam.ru",,October,10,2016,19,2016-10-19,2026-01-08,3368,Muharram
К чему приводит запретная любовь…,https://islam.kz/ru/questions/semya/nikyah/k-chemu-privodit-zapretnaya-lyubov-254/,"27 сентября 2016 г., 10:55",6961,11,"Мне 20 лет. Я, альхамдуиллах, мусульманин. Читаю пятикратный намаз. Дело в том, что я встречался с девушкой, которая мне очень сильно понравилась с первого же взгляда. Я знал, что это харам, и всё же пошёл на это. Я безумно её любил и страшно ревновал. Могу с уверенностью сказать, что она тоже любила меня. Но мы часто ругались. В основном из-за моих запретов и ревности. Мы встречались с ней 8 месяцев.

После последней ссоры и расставания прошло почти 3 месяца, но я никак не могу её забыть. Пробовал просить прощения у неё за ошибки, пытался вернуть её. Но она отказывала. Говорит, что уже не любит, чувств нет. Читал разные советы психологов, что нужно постараться забыть, не писать, не звонить, избавиться от вещей, которые напоминают о ней: подарки, фото и т. д. Я так и пытался забыть. Кто-то говорит, что надо начать общаться с другими девушками, увлечься другой, но я так не хочу, ведь это тоже харам. Делаю дуа, в общем, пытаюсь заставить себя забыть её. Бывало, не выдерживал и звонил, писал ей. Последний раз, когда написал, она сказала, что у неё есть парень.

Может, и есть, а может, сказала, чтобы я отстал. Главное, я знаю, что это всё харам, что как бы приятно не было, всё же это запретно. Женился бы, но, как и у многих, причина – материальное положение. Я студент. Она на год старше. Знаю, что можно и без пышных свадеб – просто сделать никях и т. д. Но думаю, что она не согласилась бы, у неё пока другой образ жизни, ну, как сказать, как обычная девушка, намаз пока не читает, одевается по моде и т. д. Да и вообще материальное положение в семье не высокое, и ещё, наверное, нужно время, чтобы на ноги встать. В общем, жениться я не могу. Я уже не знаю как быть, мне невыносимо плохо, я скучаю. Всё равно в голову приходят воспоминания.

Стыдно говорить, но я не сдерживаю слёз иногда. Стараюсь, чтоб не увидели домашние. Из близких друзей нет тех, кто читает намаз, даже если есть, то видимся редко, да и сказать об этом я стесняюсь. Я всё знал, что плохо, как нельзя себя вести. Во всём виноват я сам. Вот не могу справиться с этим и всё. Не выдерживая, захожу к ней на страничку. Слушаю лекции, смотрю видео о запретной любви, читаю ответы психологов. Всё же никак вот не могу. Она очень красивая. Не то, что парни, даже знакомые девушки говорят, что она красивая. И хадис я знаю, что красота – это не главное, что выбирать нужно ту, у которой есть иман, не то ты проиграешь.

То, что расстались – одно, но меня ещё страшно беспокоит, что она теперь не моя, что другой будет ею восхищаться и что она обо мне даже и не вспоминает. Жениться на другой – опять же не готов по тем же причинам. Кажется, что никому не понять. Читаю здесь и вижу, что есть и похуже проблемы у людей, да поможет им Аллах.

Я в изнеможении, скучаю, плачу иногда, думаю о ней сутками. Такое чувство, что буквально всё напоминает о ней. Даже те места, где мы проходили раза два, каждое утро, когда еду  в универ, меня одолевают воспоминания. Не знаю, что со мой будет, если я окажусь там, где мы постоянно проводили время: в сквериках, в парке... Наверное, сяду и зарыдаю. Знаю, это не по-мужски. И главное, я знаю, что это харам, что нельзя даже просто общаться с противоположенным полом. Ещё раз извиняюсь за всё сказанное. Всё это гложет меня. Дайте советы, какие ещё есть дуа и что ещё делать нужно, чтобы выйти из этой ситуации. Тех братьев, которым знакома ситуация, прошу прокомментировать, какие действия предпринимали, если кто-то женился после подобного, то помогло ли им это забыть всё прошлое.","С точки зрения религии:

Уединяться и общаться с девушкой без её близких родственников махрамов грешно. Посланник Аллаха (мир ему и благословение) сказал: «Пусть не уединяются мужчина и женщина, ибо третьим среди них будет сатана» («Канзуль-уммаль фи сунаниль-акваливаль-афаль», № 13042).

لا يخلون رجل بامرأة فإن الشيطان ثالثهما

Прежде всего, Вам надо искренне раскаяться за то, что имели запретное общение. Искренним покаяние считается только при соблюдении трёх условий: 1)прекращение греха; 2)сожаление о том, что грешили; 3)твёрдое намерение не совершать такой грех в будущем.

Если Вы её любите, то предложите ей выйти замуж за Вас, но делать это следует только дозволенным Шариатом способом. Расскажите своим родителям, что есть девушка, которая Вам очень нравится и на которой Вы хотели бы жениться, сходите вместе с родителями к её родителям и засватайте её. Если она сама или под давлением родителей согласится выйти за Вас, то это хорошо, если нет, то просто оставьте её раз и навсегда. Чем больше Вы будете тешить себя и жить воспоминаниями о ней, звонить и писать к ней, тем дольше Вы не сможете её забыть!

Женитесь на религиозной порядочной девушке из хорошей семьи. Пророк Мухаммад (мир ему и благословение) сказал: «На женщине женятся по четырём причинам: её богатство, её происхождение, её красота и её религия. Выбирайте ту, которая религиозна, и да сопутствует вам успех» («Сахиху Муслим», № 2661).

Первое мнение, к которому приходишь после прочтения Вашего письма, что это всё похоже на некую одержимость, болезненное состояние. По всему видно, что в Вашей голове творится полный хаос, и Вы сами не знаете, что с Вами происходит. Очевидно, что такого бы не случилось, если бы Вы совсем иначе подошли бы к этому вопросу.

Для начала нужно понять причины её отказа от Вас. Скорее всего, она разочаровалась в Вас, и это разочарование будет только усиливаться по мере Ваших действий, направленных на то, чтобы её вернуть. Любое Ваше действие в этом направлении будет восприниматься совсем не так, как Вы себе представляете. В период вашего общения у той девушки закладывалось определённое мнение о Вас, о Ваших моральных качествах. Что же она видела? С одной стороны, молодой ухаживающий парень, проявляющий ревность, выдвигающий ей массу запретов, в том числе и религиозных, с другой стороны, сам не соблюдающий то, к чему призывает. Вот тут-то и началось разочарование вследствие сопоставления двух переменных: первая – то к чему призывает, вторая – то, что сам делает. Прибавьте сюда и то, что Вы не собирались на ней жениться, а лишь проводили время с ней. Естественно, это ей не понравится, потому как не даёт никаких гарантий на будущее.

Любая девушка, если она руководствуется верными ценностями, желает создать свою семью и всячески старается к этому прийти. В Вашем же случае, у неё не было какой-либо уверенности в том, что Вы тот человек, которого она представляла себе в мужья. Ваша ревность тоже внесла свою негативную лепту и раскрыла ей Вашу внутреннюю неуверенность, граничащую с чувством собственности. Каждое Ваше последующее действие, включая попытки удержать или вернуть её, раскрыло ей Ваши слабые стороны и настроило её против Вас.

Как бы это печально не звучало, но судя по всему Ваши шансы вернуть её близки к нулю. Это во многом обусловлено тем, что Вы сейчас находитесь в стрессовом состоянии и не способны адекватно оценить происходящее, и как следствие – выработать верную тактику. Да и справедливости ради, стоит обратить особое внимание на Ваши мотивы, что именно Вами движет. В Вашем письме очень сложно прочувствовать любовь. Любящий человек поставит интересы любимого выше своих собственных. Вы пишете о её красоте, о том, как вам было хорошо вместе, что вы скучаете (не совсем понятно, за чем именно).

Так же неоднозначна картина того, что именно Вас беспокоит, то, что Вы с ней расстались, или то, что рядом с ней будет другой. В данном вопросе проявляется Ваш эгоизм, что кто-то, но не Вы, будет рядом с ней, что она может быть вполне счастлива с кем-то, кроме Вас. Если Вы на самом деле её любите, как говорите об этом, то подумайте над тем, что Вы можете ей дать, будет ли она счастлива рядом с Вами, или для Вас это не так уж и важно.

Не посчитайте мой ответ бесчувственным и циничным, я лишь хочу сориентировать Вас на верной задаче, а не на борьбе с ветряными мельницами. Обрати внимание на самого себя, на свои мотивы. Не допустите того, чтобы Ваша ситуация повторилась ещё раз. Не думайте о том, что эта любовь единственная в Вашей жизни (хотя вы сейчас именно так и считаете, что вполне объяснимо) другой не будет. Вы уж поверьте, придёт время, когда Вы просто буде вспоминать об этом, как об одном из случаев Вашей жизни. Как Вам сейчас трудно поверить в это, так и год назад Вы бы не смогли поверить, что с Вами случится нечто подобное через год и Вы будете так остро переживать и искать помощи. Главное, разобраться в самом себе, пересмотреть свои собственные поступки и не повторить тех же ошибок. Отнеситесь к произошедшему как к испытанию Всевышнего, достойно пройдя через которое, Вы улучшите свой нрав и обретёте своё счастье.

Мухаммад-Амин - хаджи МагомедрасуловтеологАлиасхаб Анатольевич Мурзаевпсихолог-консультант Центра социальной помощи семье и детям",,September,9,2016,27,2016-09-27,2026-01-08,3390,Dhu al-Hijjah
"Что делать женщине в Ночь ляйлятуль кадр, если у нее критические дни?",https://islam.kz/ru/questions/dlya-jenshin/chto-delat-jenshine-v-noch-lyailyatul-kadr-esli-u-nee-kriticheskie-dni-253/,"1 июля 2016 г., 18:44",52655,52,"Как быть женщине, если в Ночь предопределения идут «критические» дни?","Женщине в период менструации запрещено заходить в мечеть, читать Коран, брать в руки незавернутую ничем Священную Книгу – Коран, читать намаз или держать пост[1].

Поэтому, женщина, у которой идет менструация, проводит Ночь Кадр у себя дома. Пророк (с.г.с) говорил: «Приходить в мечеть человеку, у которого отсутствует гусль (полное омовение) и женщине в период менструации – не разрешено (не халяль)»[2] - отмечая, что женщинам в определенные дни мечеть посещать запрещено.

В таких случаях женщина проводит Ночь Ляйлятуль Кадр в своем доме. Читать намаз ей нельзя, но разрешено перебирать четки, восхваляя Всевышнего – «Субханаллах», «альхамдуллилях», «Аллаху акбар», просить прощения, произнося «Астагфирулла». Кроме того, она может читать аяты содержащие дуа, которые знает наизусть с целью делать дуа (обратиться с мольбой к Всевышнему).

В Ночь Ляйлятуль Кадр является мустахабом читать следующую молитву:«Аллахумма,иннака афуун тухиббу-ль-афуа, фа-афуанна!».

Смысловое значение – О, Всевышний! Поистине Ты Прощающий и любишь прощать. Прости меня!.

Мать правоверных Аиша спросила у Посланника Аллаха (с.г.с): «Что можно читать в Ночь Ляйлятуль кадр?». И Пророк рекомендовал ей читать приведенное выше дуа[3].

Перевод Зарины Нокрабековой","[1] Бурхануддин аль-Маргинани, аль-Хидая – 1/74 стр.
[2] Абу Давуд, Китабут Таһара - №232-хадис.
[3] аль-Хаким, аль-мүстадрак –779-пункт/№1985-хадис.",July,7,2016,1,2016-07-01,2026-01-08,3478,Ramadan
Как провести ночь предопределения – Ляйлятуль кадр?,https://islam.kz/ru/questions/veroubejdenie/kak-provesti-noch-predopredeleniya-lyailyatul-kadr-252/,"30 июня 2016 г., 17:05",85844,115,,"Ночь Ляйлятуль кадр лучше тысячи месяцев, об этом говорится и в Священном Коране в суре «аль-Кадр». Поклонения, совершенные в эту ночь, равносильны поклонению длиной в 83 года. Упустивший эту ночь, не воспользовавшись ее преимуществами, многое потерял, говорил Пророк (с.г.с):

«В месяц Рамазан есть ночь лучше тысячи ночей. Кто будет далек от благодати этой ночи, тот потеряет многое» [1].

Почему ночь называется Ляйлятуль Кадр?

Существуют два значения:

Первое – в эту ночь определяется жизнь и смерть человека, его ризык – пропитание, вершится судьба на весь следующий год и поэтому ее называют Ночь предопределения – Ляйлятуль Кадр.

Второе – это Священный, особый, почитаемый день. Эта ночь лучше тысячи месяцев, несет в себе благодать, баракат – изобилие.

В книгах  толкований  приводятся слова сахабы Абдуллы ибн Аббаса (р.а) относительно первого значения:

«В ночь Ляйлятуль кадр в Книге судеб (Лаухул Махфуз) определяется  все хорошее и плохое, продолжительность жизни,пропитание,все,  что случится с человеком в грядущий год. Даже пишется, кто поедет в хадж,к примеру, что «такой-то совершит хадж».

Кроме того Хасан, Муджахид и Ката говорили:

«В Ночь Кадр определяется все, что произойдет в течение года, кто и  что будут сотворены, каким будет их пропитание и срок жизни»[2].

Кроме того, Всевышний в суре «ад-Духан» отмечая особенность ночи Ляйлятуль Кадр –«И в эту благословенную ночь мы ниспослали Коран»,говорит также о втором предназначении этой Ночи«И в этот день решаются все мудрые дела»[3], обращая внимание на двойное значение этой особенной ночи.

Как же лучше провести эту особенную ночь, чтобы не лишиться наград за нее?

Деяния, которые лучше всего совершать в Ночь Ляйлятуль Кадр:

1. Совершать намаз. Восполнять пропущенные по разным причинам молитвы, читать дополнительные,выстаивать тахажжуд – ночной намаз. Наш уважаемый Пророк (с.г.с) говорил:«Если кто-то верит в святость Ночи ""ляйлятуль кадр"" и проводит ночь в смиренном поклонении, чтобы получить сауаб – награду, тому будут прощены все его предыдущие грехи».[4].

2. Чтение Корана.

3. Просить прощения у Аллаха и просить у него то, что принесет нам пользу в этой и Вечной жизни.

Айша (р.а) спросила у Посланника Аллаха (с.г.с):«Что просить мне у Всевышнего, если я застану Ночь предопределения – Ляйлятуль Кадр»?На что Пророк (с.г.с) ответил:«Читай следующее дуа: «Аллахума иннакяъафуун тухибульъафуа, фаъфуъанни».

Значение дуа:«О, Всевышний! Поистине ты любишь благодетельствовать, облагадетельствуй меня».

Известный, авторитетный хадисовед Суфуанус Саури отмечал:«Просить прощения, просить желаемое у Аллаха в эту ночь для менядаже желательней, чем намаз. Если же читать Коран и делать после этого дуа, вообще замечательно. Потому что эта Ночь – ночь прощения ипрошений».

4. Делая дуа не забудем попросить у Всевышнего мира и благополучия стране, родному народу, попросить иман для соотечесвтенников. А также облегчить страдания единоверцев, испытывающих нужду, голод, разруху в разных уголках планеты.

5. Размышления. Размышлять о величии Аллаха, великолепии Ислама,Священном Коране, делать верные выводы из проповедей.

6. Побольше произносить восхваления Аллаха, зикр:«Субханаллаһи уа бихамдиһи, субханаллахил Газим», «Астагфирулла», «Альлхамдулилла»,  «Аллаһу акбар»,  «Ля иляһа иллаллаһ».

Выполняя описанные выше дела, наполним нашу чашу праведных деяний добрыми делами, равными сауабу за 83 года, уважаемые мусульмане. Да воздаст Аллах за наши добрые дела нам награду!

Перевод Зарины Нокрабековой","[1] ан-Нәсәи: Китабус сиям - №2106. (Миркатул Масабих)
[2] Тафсирул Багауи
[3] сура ад-Духан– 3 аят. Тафсиру ат-Табари
[4] Бухари.",June,6,2016,30,2016-06-30,2026-01-08,3479,Ramadan
"Как поступить с деньгами, найденными на улице?",https://islam.kz/ru/questions/raznoe/kak-postupit-s-dengami-naidennymi-na-ulitse-251/,"27 июня 2016 г., 12:39",20928,29,"Вопрос: Ассалям алейкум! Что делатьс  вещью или деньгами, которые нашел на улице? Можно ли найденную вещь взять себе? В народе бытует мнение, согласно которому, после  трехкратного публичного вопроса (оповещения), можно оставлять себе, если владелец не найден. Так ли это? Шырынхан.

Вопрос: Ассалямалейкум! Как я должен поступить, если найду деньги или ценные вещи? Если найдется владелец, конечно, я верну ему, а если не найдется? Должен ли сохранить эти ценные вещи, в надежде, что найдется владелец? И сколько нужно ждать? Албаров Мадияр.","Ва алейкум ассалям ва рахматулляхи ва баракятух!

Найденная вещь является для васаманатом(Аманат – материальные ценности или наказ, доверенный на хранение. Здесь: вещь, данная на хранение). Поэтому следует постараться найти владельца.Публичное оповещениепрактиковалось в давние времена, в особенности на рынках, базарах, в мечетях, то есть  местах скопления людей. Сейчас оповещать можно с помощью СМИ -телевидения, радио, газет. А также путем распространения информации в социальных сетях или обратиться в «бюро находок»..

Если же за определенное время, достаточное для того, чтобы владелец откликнулся, найти его так и не удалось, то нашедший пропажу, если является нуждающимся может воспользоваться деньгами в своих целях. Материально обеспеченный же человек должен отдать нуждающимся [1].

Отметим, что для оповещению подлежат вещи, пропажа которых несут ощутимый урон владельцу. Если же найденная вещь особой ценности не представляет, то оповещать не нужно [2].

Кроме того, в случае нахождения ценных вещей, желательно чтобы был свидетель, который сможет подтвердить объем, количество найденного[3]. Если вдруг вас обвинят несправедливо, то слова свидетеля послужат в суде для вас доказательством.

Абдусамат Касым

Перевод Зарины Нокрабековой","[1] аль-Кәсәни, Бадаиг: 2/326-337 стр.
[2] аль-Майдани, Лубаб – 2/208 стр;
По определению имама Абу Ханифы, «Если найденные деньги (вещь) не меньше 100 дирхамов (1 дирхам -3,2 грамма серебра, то есть 320 грамм, 1 грамм стоит 132 тенге, следовательно не менее 42240 тенге), то нашедший пропажу должен оповестить о пропаже и стараться найти владельца целый год.Если же пропажа составляет от  11 до 100 дирхамов  (примерно от 4650 до 42240 тенге), то срок оповещения составляет  один месяц, 10 дирхамов (примерно 4224 тенге) – одна неделя, 3 дирхама (примерно 1270 тенге) – три дня, 1 дирхам (примерно 422 тенге) – 1 один». Таким образом показано, что срок оповещения зависит от суммы найденных денег или вещей.  (Масули, Ихтияр – 2/491 стр). Однако объем может изменяться в зависмости от времени (эпохи).
[3] Абу Давуд, Луката, 1709 хадис.",June,6,2016,27,2016-06-27,2026-01-08,3482,Ramadan
Не нарушает ли пост осмотр у врача-гинеколога?,https://islam.kz/ru/questions/dlya-jenshin/ne-narushaet-li-post-osmotr-u-vracha-ginekologa-250/,"18 июня 2016 г., 13:06",59764,24,"Здравствуйте! Можно ли постящемуся сдавать из вены кровь (для анализа),  а также проходить осмотр у гинеколога (УЗИ органов малого таза)?","Здравствуйте! Сдавать кровь постящемуся разрешено, это не нарушает его пост. Потому что есть свидетельства, о том, что наш Пророк (с.г.с) во время Рамадана делал себе хиджаму[1].(Хиджама-кровопускание в лечебных целях).

Если же говорить об УЗИ органов малого таза (УЗИ - ультразвуковое исследование), то процедура УЗИ бывает трех видов:

В двух последних случаях при проведении процедуры на аппарат перед введением в тело, одевают резиновое изделие, а также смазывают специальным гелем [2].

С точки зрения шариата, согласно правилам, если в организм вводится какой-либо предмет, при этом не погружается целиком и одна его часть остается снаружи, это не нарушает пост. Но если предмет смазан каким либо веществом, которое останется внутри человека, то это меняет дело[3].

В связи с этим, отметим, что при проведении УЗИ двумя вышесказанными способами, велика вероятность того, что гель останется внутри организма. Поэтому есть основание говорить о том, что данная процедура нарушает пост. Как сказано в хадисе: «Пост нарушают вещества, попавшие внутрь организма, а не вышедшие из него наружу»[4]. В таких случаях постящийсядержит пост в этот день до конца, но после завершения Рамадана восполняет за этот день пост. Каффарят соблюдать нет необходимости. Истина же ведома лишь Аллаху!","[1] Бухари, Саум, 1837-хадис.
[2] http://www.rusmedserv.com/
[3] Ибн Габидин: Раддуль Мухтар, 6/267 стр.
[4] Имам Зайлаги: Насбур риуая, Китабус сиям. 15-хадис.",June,6,2016,18,2016-06-18,2026-01-08,3491,Ramadan
Можно ли во время поста  мыться в бане?,https://islam.kz/ru/questions/poklonenie/post/mojno-li-vo-vremya-posta-mytsya-v-bane-249/,"15 июня 2016 г., 12:44",54226,21,Здравствуйте! Можно ли во время поста Рамазан купаться в бане? Айдана,"Здравствуйте!

Учитывая, что баня-это место, где люди моются, используя пар, желательно отложить посещение бани до времени разговения. Потому что пар в бане – состоит из молекул воды, то есть в пар содержит частицы воды. Через вдыхание пара в большом количестве в организм попадает определенное количество воды. Поэтому есть основание говорить о том, что ваш пост будет нарушен.

Однако постящемуся можно принимать ванну или душ. Необходимо лишь следить за тем, чтобы через рот или нос не попала вода во внутрь. Истина же ведома лишь Аллаху!

Абдусамат КасымПеревод Зарины Нокрабековой",,June,6,2016,15,2016-06-15,2026-01-08,3494,Ramadan
В каких случаях необходимо соблюдение ораза каффарят?,https://islam.kz/ru/questions/poklonenie/post/v-kakih-sluchayah-neobhodimo-soblyudenie-oraza-kaffaryat-248/,"9 июня 2016 г., 12:38",8537,8,Ассалям алейкум! В случае беспричинного нарушения поста необходимо восполнить и держать пост в течение 60 дней. Обязательно ли держать непрерывно 60 дней или можно делать перерывы? Ж.Х.,"Ваалейкум ассалям!

За намеренное нарушение поста постящийся должен освободить раба или восполнить, держа непрерывно пост  в течении 60 дней (каффарят), если же это ему не под силу, то он должен накормить 60 нуждающихся[1]. В шариате это называется каффарят Рамазан. Однако необходимым условием выполнения каффарята является:

1.Пост Рамазан

2.Намеренное, то есть неслучайное нарушение поста, без чьего-либо принуждения.

3.Отсутствие таких причин как болезнь или путешествие.

4.С ночи иметь намерение держать пост.Если делавший намерение поститься после сухур, специально нарушит пост, то ему не нужно восполнять каффарят, достаточно лишь восполнить этот день. Однако за намеренное прерывание поста на нем будет вина.

5.Вещество, попавшее внутрь:Нужно чтобы питательный продукт,которое может послужить едой для человека,или лекарство. И чтобыпопало в желудок через рот(немеренно, без причин).Если же постящемуся в желудок попал песок, глина,камни,т.е.вещества, которые не могут служить пропитанием,или же если он съел (невзначай) испортившуюся еду, выпил грязной воды, теста, муки или подобные непитательные вещества, необходимо лишь восполнить пропущенный день, соблюдениеоразакаффарята не требуется.

6.Интимные отношения.

Постящийся, нарушивший пост намеренно, выпив или съев что-нибудь, или вступив в половые отношения, должен восполнить каффарят. То есть после завершения поста Рамазан он должен освободить раба (если нет на это возможности), держать пост 60 дней. Если же держать пост не в состоянии, нужно накормить 60 нуждающихся. Это согласно мазхабам Абу Ханифы и Малика.

А в мазхабах Шафиги и Ханбали соблюдение каффарята за пост Рамазан обязателен для тех, кто намеренно вступил в половые отношения. В то время как съевший или выпивший восполняет лишь этот день, не соблюдая каффарят, но за то, что он съел или выпил на нем будет грех. Свою позицию они объясняют тем, что в хадисах говорится лишь о тех, кто вступил в половые отношения.  [2].

Перевод Зарины Нокрабековой","[1] Хадис: Бухари – 1936; Муслим – 1111.
[2] Бадаиъ– 2/622 стр; Ибн Габидин -6/316 стр; Ибн Рушд: Бидая – 235 стр.",June,6,2016,9,2016-06-09,2026-01-08,3500,Ramadan
Шесть вопросов медицины в месяце Рамадан,https://islam.kz/ru/questions/poklonenie/post/shest-voprosov-meditsiny-v-mesyatse-ramadan-247/,"7 июня 2016 г., 14:06",50028,32,,"Нарушается ли пост…

При  уколах?

Отвечая на этот вопрос, приведем определение Имама Юсуфа и Имама Мухаммеда (р.а): «Если лечить глубокие раны на голове и теле жидкостями, то пост не нарушается. Потому что лекарство не вводится внутрь организма естественным путем и ее попадание в желудок сомнительно»[1]. Говоря это они отмечали, что если какое-либо вещество попадает во внутрь непривычным способом (то есть не через рот, нос, ухо, прямую кишку, жен.пол.орг.), то пост не нарушается. Поэтому учитывая, что лекарство в инъекциях попадает в организм не через естественные пути, говорится, что уколы пост не нарушают.

… при удалении зуба?

Если постящийся удалит зуб, его пост при этом не нарушается. Необходмо следить, чтобы кровь из раны на месте удаленного зуба не попала внутрь. Если же постящийся нечаянно сглотнет кровь из раны, то впоследствии должен восполнить пост за этот день[2].Учитывая, что лекарство в инъекции, вводимой при удалении зуба также попадает в организм неприродным путем, то есть минуя естественные пути, современные ученые считают, что это не нарушает пост. (Но если, сглотнет лекарство нарушается).

…при проведении клизмы?

Клизма - это введение через задний проход (прямую кишку) воды или лекарственной жидкости. Желудок связан с толстой кишкой через тонкую, ученые Ханафитского и других трех мазхабов придерживаются мнения, что лекарство (жидкость, вода), введенное через задний проход, нарушает пост. За пост, нарушенный таким способом, верующий восполняет впоследствии один день. В таких случаях каффярат восполнение не нужно[3].

…при сдаче крови?

Сдавать кровь во время поста не запрещено, это действие пост не нарушает. Потому что уважаемый Пророк (с.г.с) делал хиджаму, будучи постящимся. В хадисе, приведенном Сахих Бухари, сахаба Абдулла ибн Аббас (р.а), говорит:«Посланник Аллаха (с.г.с), будучи постящимся, делал хиджаму»[4],[5].

Однако, если постящийся осознает, что после процедуры сдачи крови ослабнет и держать пост ему станет тяжело, в таком случае сдавать кровь считается макрух (нежелательным). Об этом у сахаба Анаса ибн Малика кто-то спросил: «Вы же разрешаете проведение хиджамы у постящегося?». На что сахаба ответил: «Если это приведет к ослаблению, то не разрешаем»[6].

Как быть больному человеку в пост Рамазан?

Аллах Тааля обязывает своему рабу выполнение действий, которые ему под силу[7]. Потому что Милостивый Создатель желает для нас облегчения, а не тягостей. Именно поэтому Всевышний своей милостью разрешил не держать пост больным людям.

В Священном Коране говорится: «И когда вступит кто-либо из вас в месяц Рамадан, пусть проводит постясь эти дни. А если будет кто болен или в пути, то пусть столько же дней постится в другие дни. Аллах желает вам облегчения, а не затруднения»[8]. В другом аяте говорится:«Не вовлекайте себя в опасности».

Основываясь на этих и других аятах ученые заключили:

«Иногда не держать пост больному человеку – ваджиб (обязательно), иногда мубах (разрешено). Если пост для болеющего чреват и может привести к смерти, тогда для него ваджиб (обязанность) не поститься. Если же пост может спровоцировать развитие болезни или замедлить выздоровление, то ему разрешено не поститься(но и можно поститься)»[9].

Таким образом, если вы болеете и пост держать не в состоянии, тогда для вас пост не будет фарзом (обязательным). Но вы должны будете восполнить дни поста по выздоровлении. Это не  является каффярат (восполнение поста без перерыва), следовательно, разрешено держать эти посты прерывая. Если же здоровье совсем не позволяет восполнить дни поста, то за каждый день вы должны оплатить фидию[10].

В случае невозможности оплатить фидию, Аллах Всемогущий, прощающий. Он не обязывает своего раба делать то, что ему не под силу.

Нарушает ли пост использование капель в нос,в глаза?

Капли в глаза не попадают внутрь, и следовательно, не могут нарушать пост[11].

Если же говорить о назальных каплях, нужно учесть, что по своему строению нос связан с пищеводом, и поэтому велика вероятность, что капли попадут во внутрь. По этой причине есть сонования полагать, что капли в нос нарушают пост[12].

Кроме того, уважаемый Пророк (с.г.с) говорил:«При омовении втягивайте воду ноздрями сильней. Но не делайте так в Рамазане»[13], предостерегая, что вода может попасть через нос далее во внутрь.

Капли в нос в период поста желательно оставить на время вечернего разговения. Учитывая, что каплями в нос (особенно летом) пользуются в основном люди, страдающие аллергическими заболеваниями, нужно рассмотреть вопрос замещения капель на инъекции, на время поста.","[1] Ал-Касани, Бадаиъ – 2/607 стр.
[2]
Ибн Абидин – 3/368 стр
[3]
Хидая, Китабус саум – 1/317
[4]
лечении через кровопускание
[5]
Бухари, Саум, 1837-хадис.
[6]
Бухари, Саум, 1838 – хадис.
[7]
Бакара, 286 аят.
[8]
Бакара, 185 аят
[9]
Аль-Касани, Бада’иъ – 2/609 стр.
[10]
В шариате болеющий человек, надежды на выздоровление которого нет, а также старые люди (те, кто не в состоянии восполнить пропущенные дни поста) за каждый день поста должны накормить нуждающегося. Это называется «фидия». Фидию можно также дать и деньгами. Достаточно кормить одного бедного утром и вечером в течение тридцати дней или шестьдесят нуждающихся одноразово угостить утром или вечером. Если у человека нет возможности дать фидию, он просит у Аллаха прощения. М.Исаулы, К. Жолдыбайулы,, Ислам Гылымхалы
[11]
Фатауаль Хиндия – 1/224 стр.
[12]
Тухфатул Фукаһа – 1/355 стр.
[13]
Муснәд Ахмәд ибн Ханбаль - №16035 хадис.",June,6,2016,7,2016-06-07,2026-01-08,3502,Ramadan
Шесть вопросов о Рамадане (2 часть),https://islam.kz/ru/questions/poklonenie/post/shest-voprosov-o-ramadane-2-chast-246/,"4 июня 2016 г., 10:42",11845,30,,"1. Принимается ли пост человека, не читающего намаз?

Если человек, не читающий намаз, постится в Священный месяц Рамазан, он получает награду (саваб) за свой пост. Однако, в то же время он погрязает в грехе за то, что не совершает намаз[1]. Потому что намаз (молитва) является отличительным признаком мусульман. Уважаемый Пророк говорил об этом следующее:«Поистине, признаком, отделяющим мушриков (неверующих) и мусульман является намаз»[2].Поэтому желательно не только держать пост, но и начать поклонение Всевышнему через намаз (молитву).

2. Разрешено ли не держать пост тому, у кого тяжелая работа?

Сам пост является непростым испытанием для нас. Ведь и суть поста в Рамазан состоит в том, чтобы обуздать свой нафс, воспитать себя посредством воздержания от еды, питья, суметь подчинить разуму инстинкты,  не идя на поводу у чревоугодия ради довольства Аллаха. Поэтому, если кратковременный отказ от еды и питья, не влечет за собой опасности смерти или не наносит большой вред здоровью[3], то есть не приведет к тому, что постящийся может потерять сознание, то из-за малых неудобств отказываться от намерения поститься и нарушить тем самым приказ Всевышнего, неправильно. В одном из хадисов Всевышний гласит:«Человек совершает свои деяния ради себя. Но пост в Рамазан – иное дело.  Награду за него даю только Я. Потому что ради Моего довольства он отказывается от еды и питья. У постящегося есть две радости: первая – во время разговения, и вторая в миг встречи с Всевышним. Запах изо рта постящегося для Меня дороже запаха миска (благовония»[4].

3. Как определяется время разговения для пассажиров, летящих в самолете?

Человек, совершающий перелет во время поста время разговения определяет не по таблице, а ориентируется по закату солнца[5]. Например, если в таблице указано время как начало разговения, а солнце еще в зените, то постящийся следит за закатом солнца, и разговляется только после его захода. Таблица предназначена лишь для постящихся в обычных условиях, на земле. Потому что в священном Коране сказано, что время прекращения еды и начала разговения определяется по восходу и заходу солнца[6]. Это правило для тех, кто не желает прерывать пост, даже находясь в дороге и являясь путником. А в целом, наша религия снисходительна и разрешает путникам прерывать пост с условием его возмещения в другие дни.

4. Обязательно ли путнику прерывать пост?

Милостивый Аллах по своей милости разрешил своим рабам в некоторых случаях не держать пост. К примеру тем, кто находится в пути[7]. Путником считается тот, кто выехал из своего дома, родного города, села на расстояние больше 85-90 километров. В таких случаях постящийся может прервать свой пост, но это не обязательное условие. Поэтому если постящийся решит не прерывать пост несмотря на то, что находится в дороге, это похвально. То есть если путник уверен, что у него хватит сил и позволяет здоровье, то желательно не прерывать пост.

5. Можно ли во время поста Рамазан получать систему – капельные растворы внутривенно?

Иногда людям, не имеющим возможности по разным причинам питаться обычным способом,  для поддержания сил делают внутривенные инъекции. Поэтому ученые считают,что подобные процедуры (получение внутривенных инъекций или капельниц) нарушают пост, другие же лекарственные средства, полученные внутривенно, пост не нарушают[15]. То есть можно резюмировать, что получение капельницы в медицинских целях, то есть для лечения, пост не нарушает. Однако, получать инъекции, чтобы восстановить силы постящемуся нельзя до разговения.

6.Нарушает ли жевательная резинка пост?

От вкуса свежей жевательной резинки, появляется сладкая жидкость во рту, которое попадает в желудок, и, соответственно, нарушает пост. Учитывая, что жевательная резинка относится к разряду пищевых продуктов, придется за ее использование во время поста восполнять кафарят, Аллаху аълям.. То есть, человек, использовавший свежую жевательную резинку и сглотнувший выработанную сладкую жидкость вызванную жеванием, должен после окончания месяца Рамазан держать пост в течение двух месяцев непрерывно. Если же говорить об использовании жвачки, у которой вкус уже потерян, то это – макрух (нежелательное действие).

Если же вы хотите использовать жевательную резинку для того, чтобы избавиться от неприятного запаха изо рта, советуем вам прибегнуть к другим способам. В частности, вместо жвачки можно использовать мисвак или зубную пасту. Нужно лишь следить за тем, что бы не сглотнуть пену от зубной пасты. Если же нечаянно пена попала вам в желудок, то вы будете должны восполнить пост только за этот день. Кафарят (восполнение) не нужно, потому что зубная паста не относится к пищевым продуктам.","[1] а) У.Зухайли: Фатауа Муаасыра – 32 бет. Дамаск.; б) http://qaradawi.net/
[2]
Муслим, Иман – 134.
[3]
Имам Мухаммад Әбу Захра, Фәтәуә: Сиям.
[4]
Бухари, саум, 2; Муслим, Сиям, 152.
[5]
Доктор Проф. Али Жума: http://www.dar-alifta.org/ViewFatwa.aspx?ID=859; Diyanet fetvalari fetva nom. 83.
[6]
Бакара - №187 аят.
[7]
Құран Кәрім, Бақара сүресі – 184 аят.
[8]
Мажмагуль Фикхиль Ислами ад-Дуали, 1997г, постановление 91-96, принятое в период 03 – 28 августа.; Din Isleri Yuksek Kurulu, Oruc. 42-s. Ankara. 2010 sene",June,6,2016,4,2016-06-04,2026-01-08,3505,Sha'ban
Шесть вопросов о Рамадане (1 часть),https://islam.kz/ru/questions/poklonenie/post/shest-voprosov-o-ramadane-1-chast-245/,"1 июня 2016 г., 11:38",10869,36,,"Хвала Аллаху, совсем немного осталось до благословенного месяца Рамазан! 29 дней мусульмане всего мира будут держать пост ради довольства Всевышнего. От рассвета до заката верующие будут воздерживаться от еды и питья. Священный месяц - замечательное время для воспитания своего нафса. Ведь смысл и цель поста не просто отказ от пищи и воды, но и воздержание от сквернословия, сплетен, раздоров, всего запретного, то есть победа воли над плотью. Но даже если намерения чисты и желание поститься велико, случаются казусы, и казалось бы незначительный вопрос разрастается в большое сомнение, лишая покоя, и главное, сея смуту в душе постящегося. В целях оказания помощи всем новичкам, тем, кто имеет намерение держать пост впервые ради довольства Аллаха, мы публикуем ответы на наиболее часто задаваемые вопросы. Помимо этого, мы будем рады ответить и на ваши вопросы, если таковые возникнут.

С уважением редакция сайта Ислам.кз

1.Можно ли купаться в водоеме постящемуся человеку?

Во время поста можно купаться с намерением охладиться или сделать гусль (полное омовение) и это не портит пост[1]. Однако, нужно следить за тем чтобы через нос и рот не попала вода. В хадисе от Абу Давуда говорится о том, что Пророк (с.гс.) во время поста спасаясь от жары и жажды, лил себе на голову воду[2]. По мнению ученых, не портит пост и вода, попавшая в уши во время купания[3].

2.Разрешается ли мазать крем человеку, который держит пост во месяц Рамазан?

Вещества, проникающие через поры на кожном покрове человека, не портят пост. К примеру, можно пользоваться кремами, мазями, маслами, делать перевязку на раны. Однако, употребление крема или мази должно быть в меру. Потому что излишне плотный слой крема или мази может препятствовать проникновению воды во время тахарата - омовения, и он не будет правильным.

3.Нужно ли поститься беременным?

Шариат позволяет беременной или кормящей женщине не держать пост, отложив его на потом, если есть опасность за здоровье и жизнь ребенка или матери[4]. В хадисе, приведенном сахабой Анесом бин маликом, наш Пророк (с.гс.), говорит: «…Поистине Всевышний укоротил намаз для путника,а пост не сделал обязательным для путника, беременной, кормящей женщины…»[5]

4.Если проспал на сухур – утренний прием пищи, как быть?

Если по разным причинам ( в том числе и по причине сна) верующий,  держащий пост, пропустит  сухур – утренний прием пищи, то в этот день он должен (без приема пищи) сделать ниет и держать пост. Потому что наш любимый Пророк (с.г.с), в «День ашура»[6] приказал объявить:«Если кто-нибудь нечаянно съел что либо, пусть прекратит сразу же и продолжит свой пост до конца дня. Тот же, кто не успел ничего поесть, пусть держит свой пост до конца»[7]. Как видим из этого хадиса, даже если постящийся не встал по каким-либо причинам на сухур, он должен сделать ниет и держать пост.

5.Портится ли пост, если нечаянно или намеренно сглотнуть слюну?

Если человек, держащий пост, сглатывает слюну, его пост не нарушается. Кроме того, пост не считается нарушенным, даже если человек сглотнул соплевидные массы из носа.

6.Если во время поста поцеловать человека в щеку, испортит ли это пост?

Поцелуй в щеку постящегося человека не портит его пост. Потому что по свидетельству матери всех правоверных Аиши, Пророк (с.г.с), будучи постящимся, целовал своих жен (в щечку)[8].

Нужно особо отметить следующее: если целующий свою жену уверен, что во время поцелуя не произойдет семяизвержения и поцелуй не повлечет за собой половой близости, то целовать разрешено. Если же такой уверенности нет, то это действие из разряда макрух[9].","[1] Фатауаль Исләмия, Даруль Ифта әл-Мысрия, 1/100 бет.
[2]
Әбу Дәуід, Китабус Сиям, 2365-хадис. Сахих.
[3]
Фатауаль Һиндия – 1/224 бет.
[4]
Әл-Кәсәни, Бадаиғ – 2/614 бет.
[5]
Ибн Мәжә – 1667.
[6]
Десятый день месяца Мухаррам
[7]
Сахих Бухари, Китабус Сиям, 1824-хадис
[8]
Бухари, Китабус саум – 1827.
[9]
Хидая – 1/310 бет.; Әл-Айни, Биная - 4/44 бет.",June,6,2016,1,2016-06-01,2026-01-08,3508,Sha'ban
Портят ли омовение вагинальные выделения у женщин?,https://islam.kz/ru/questions/dlya-jenshin/portyat-li-omovenie-vaginalnye-vydeleniya-u-jenshin-244/,"31 мая 2016 г., 10:55",374222,429,"1.Вопрос:

Ассалямалейкум! Хоть и неловко, но спрошу, потому что это важно. В соответствии с физиологией у женщин бывают гинекологические выделения. У меня же выделений довольно много, бывает даже во время намаза портится омовение. Иногда приходится за один намаз 3-4 раза обновлять омовение. Из-за этого даже в процессе намаза мои мысли крутятся вокруг этого, я беспокоюсь, как бы не испортилось омовение и не замечая, что читаю. Относится ли эта ситуация к узр? Если нет, то, как мне быть? Хочется увидеть подробный ответ. Ведь вопрос волнует многих моих подруг, совершающих молитву. Да будет вами доволен Аллах! Гульмира.

2. Вопрос:

Ассаляму алейкум ва рахматулляхи ва баракатух!

Перед чтением намаза я волнуюсь, и нередко перед молитвой нарушается омовение (тахарат). Поэтому приходится совершать омовение повторно. Относится ли такая ситуация к узр (извинительному состоянию)?Согласно информации на вашем сайте, повторное омовение обязательно если во время намаза появятся выделения. На других сайтах пишут, что ситуации вроде моей относятся к категории узр.Какое из мнений все же правильное? Заранее благодарю. Гулим.

3. Вопрос:

У женщин (девушек) согласно особенностям физиологии, помимо менструаций, есть выделения. Нарушается ли омовение каждый раз, когда идут выделения?","Ва алейкум ассалям ва рахматуллахи ва баракатух!

Как говорится, что естественно, то небезобразно. Все выделения, как у женщин, так и у мужчин можно разделить на три вида - «мази» или «смегма» (иногда женские выделения называют«القذى-казаа»),«уади»и«мани». Уади –это жидкость, выделяемая после мочеиспукания. Третье же «мани» - это сперма. Первые два вида выделений портят омовение, сперма жев большинстве случаевнарушает и гусль (полное омовение). Все три вида выделений относятся к нечистотам – наджас.

Кроме того, есть и выделения, свойственные только женщинам. В книгах по фикху их называют«рутубатуль фарж», жидкие выделения, идущие из женского влагалища.

Согласно медицинским данным, подобные выделения выполняют определенную роль и необходимы организму также как и слюна, слезы, пот или слизь, выделяемая человеком. Следует отметить, при отсутствии выделений организм жнщины подвержен разным болезням.

Появлениевыделений с активным выходом наружуусиливается во время полового созревания, постклимакстерический период или других случаях гормонального дисбаланса. Следует отметить при этом, что жидкость выделяется непроизвольно и женщина не может остановить или придержать, как при позывах к мочеиспуканию.

С точки зрения Шариата:

Если же говорить с точки зрения шариата,в частности ученых древнеисламского мира, по мнению Имама Агзам Абу Ханифы и в целом ханафитского мазхаба, если жидкость, выделяемая из влагалища, не смешивается с жидкостями, как мани, мази, относящимися к категории нечистот – наджас, считается чистой. Как, например, не относится к нечистотам пот.

В книгах по фикху это называют«Рутубатуль Фаржи ад-Дахиль – Влажность внутренних женскихполовых органов.

Однако, Имам Абу Юсуф и Имам Мухаммед, принимая во внимание, что данная жидкость выделяется из нечистого места (половых органов), относили выделения к нечистотам. В мазхабе Малики также считается наджасом.

.В мазхабах Шафиги и Ханбали существуют две точки зрения. Так, в одном их относят к наджасу, во втором считают чистыми. Однако, по наиболее правильному мнению, у них они считаются чистыми. И в случае попадания на одежду, не становятся препятствием для намаза.

Кроме того, следует отметить, в книгах по фикху в Ханафитском мазхабе наряду с внутренней влажностью сказано также о влажности внешней -«Рутубатуль Фаржи әл-Хориж – Влажность внешних женскихполовыхорганов».И эту разновидность влажности ученые всех мазхабов относят к чистым.(Внешняя сторона в медицине называется «вульва», в казахском языке существует определение - «сарпай»).

На вопрос о том, портит ли омовение выделение из влагалища,то есть говоря языком фикха «внутренняя влажность», в трудах древних ученых ханафитского мазхаба мы ответа не нашли. Однако, современные ученые опираясь на существующее мнение, что «все выходящее из интимных мест (переднего и заднего прохода) портит омовение», считают, что жидкость из влагалища не наджас, но омовение нарушается.

Вместе с тем, ряд исламских ученых, основываясь на медицинских определениях, полагают, что: «жидкость, выделяемая влагалищем, омовение не нарушает». К примеру, известный ученый, специалист по фикху ханафитского мазхаба Шейх Мустафа Зарка(1907-1999г.),недавно отошедший в мир иной признанный специалист по фикхуУаһбату Зухайли,  Верховный совет по религиозным делам (D.i.K.) Турции и др.

Врачи отмечают, что женские половые органы отличаются от мужских не только внешне, но и внутренним строением. Так, влагалище расположено между мочеиспускательным каналом и прямой кишкой,являясь одним из трех промежных отверстий женщины. То есть жидкость, выделяемая влагалищем, минуя мочеиспускательный канал, прямиком выходит наружу. Здоровая женщина при необходимости может контролировать позывы к мочеиспусканию и дефекации, однако влиять на выделяемую из влагалища жидкость, она никак не может, потому что она вытекает произвольно. Как правило, физиологическая жидкость из влагалища бывает белого цвета, без запаха и вязкой консистенции, напоминает слизь.

«Согласно фикху, учитывая, что жидкость, выделяемая влагалищем выходит наружу, не смешиваясь с наджасом, она не нарушает омовение. Потому что по фикху, если предметы, относящиеся к чистым, к примеру как камень, выходят из мочеиспускательного канала или прямой кишки, не смешавшись с наджасом, считаются чистыми. И портят омовение только в случае когда выходят смешавшись с наджасом - нечистотами. Это же относится и к жидкости. Омовение портится, лишь если к жидкости, выделяемой влагалищем, примешивается другая, делая также нечистым и места, задетые жидкостью. В других случаях, омовение не нарушается» по мнению последней группы ученых.

Заключение:

Резюмируя сказанное, отметим, что жидкость из влагалища не считается нечистой, то есть наджасом, в случае, если выходит, не смешавшись с другой жидкостью (например как мани, мази, ваади или жидкостью, выделяемую при болезни).

Возвращаясь же к вопросу о нарушении омовения, если жидкость вырабатывается, но наружу вытекает нечасто, то как только это будет замечено женщиной,  желательно при выделении жидкости обновить тахарат (омовение).Если же жидкость выделяется и вытекает наружу постоянно, к примеру несколько раз за время одного намаза, в таких случаях разрешено опираться на заключение ряда ученых«что жидкость из влагалища не портит омовение».

Кроме того, указанная жидкость, вытекая смешавшись с жидкостью другого происхождения, становится наджасом и портит омовение.

Истина же ведома лишь Аллаху!

Абдусамат Касым

Перевод с казахского Зарины Нокрабековой","Использованная литература:
1) Ибн Габидин: Хашияту ибни Габидин.  «Дарус сақафа», Дамаск-Сирия.
2) Вахбату Зухайли: Фетва Мухасира. «Даруль фикр». Дамаск-Сирия.
3) Проф.Доктор Рахми Яран: «Kadinlardan Gelen Vajinal Akintinin Tahirligi ve Abdeste Etkisi».
4) Рукия бинт Мухаммед: Маса’илу Хассати биль Мар’ә. Рияд-Саудовская Аравия.
5) «аль-Маусугатуль фикһия»: «фарж»; «рутуба»; «наджаса».
6) http://cinselsagligimm.blogspot.com/
7) https://kk.wikipedia.org/wiki/
8) http://www.health-ua.org/",May,5,2016,31,2016-05-31,2026-01-08,3509,Sha'ban
"Не будет ли харамным сыр, в который добавляют ""телячий фермент""?",https://islam.kz/ru/questions/raznoe/ne-budet-li-haramnym-syr-v-kotoryi-dobavlyayut-telyachii-ferment-243/,"27 мая 2016 г., 11:45",7698,22,"В составе многих сыров, реализуемые в торговых домах, магазинах присутствует «телячий фермент». Является ли этот ингредиент халяльным? Махамбет","Уважаемый Махамбет! «Телячий фермент» - это органическое вещество, сродни белку, добываемый из сычуга (отдел желудка жвачных животных). Этот самый телячий фермент используют в процессе производства сыра в качестве закваски.

Основой для сыра служит молоко. Состав молока можно условно поделить на «твердую» и «жидкую» части. Для производства сыра необходима твердая часть, и для того, чтобы отделить эту часть от жидкой и требуется фермент. После добавления сычужного фермента молоко загустевает, появляются белковые крупинки. Это и есть сырные сгустки[1].

По шариату:

Если же рассмотреть вопрос с точки зрения шариата, можно привести следующие данные. В свидетельстве, приведенном в сборнике хадисов Абдураззака (211 г.до хижры) «аль-Мусаннаф», у Азирета Омара кто-то спросил:

- Люди производят сыр и добавляют в него фермент мертвых животных.

На что Азирет Омар ответил:

- Произносите «Бисмилля» и ешьте [5].

В арабском варианте этого хадиса «фермент» обозначен слово  «الإِنْفَحَة-инфаха» , множественное число «анафих». Вообще, «инфаха» в арабском языке обозначает последний отдел желудка жвачных животных[2]. В казахском языке его называют«ултабар»[3]. Именно из этого сычуга и берется фермент.

В ханафитском мазхабе «инфаха», то есть фермент животного считался халяльным. Даже если он взят из желудка мертвого животного, или не зарезанной по всем правилам скотины, определение едино.(Однако, харам считается фермент свиньи).[4].

Резюмируя сказанное, отметим, что сыры, реализуемые в торговых точках, в составе которых присутствует«телячий фермент», мы не относим к хараму. Истина же ведома лишь Аллаху!

Абдусамат Касым

Перевод с казахского Зарины Нокрабековой","[1] http://syrodelie.com/
[2]
аль -Маусугатуль Фикһия – 40 том: инфаха.
[3]
https://kk.wikipedia.org/
[4]
Имам Сарахси: аль-Мабсут.
[5]
аль-Мусаннаф - №8782 (8389).",May,5,2016,27,2016-05-27,2026-01-08,3513,Sha'ban
Можно ли совершать омовение газированной водой?,https://islam.kz/ru/questions/poklonenie/omovenie/mojno-li-sovershat-omovenie-gazirovannoi-vodoi-242/,"26 мая 2016 г., 13:02",10814,24,"Ассаляму алейкум! Да снизойдет добро и благодать от Всевышнего на всех мусульман! Хотел спросить, можно ли совершать омовение газированной водой? Как-то не было воды и я совершил омовение минеральной водой «Сарыагаш». И знакомый, оказавшийся рядом вселил сомнение, сказав, что газированной водой делать омовение нельзя. Я всегда считал, что можно, может быть я ошибался. Гумырбек Толегенулы","Ва алейкум ассалям ва рахматулляхи ва баракятух!

Уважаемый Гумырбек, чтобы ответить на ваш вопрос, первоначально следует разделить понятия «газированная вода» и «газированный напиток».

Газированная вода – это та же вода, но с газом. Поэтому в случае отсутствия воды можно совершить омовение водой с газом, например, такой как «Сарыагаш» и другими.

Газированные же напитки не являются водой, поэтому ими совершать омовение нельзя. Например «Кока-кола», «Спрайт» и другие напитки. (Если же воды нет, совершается таяммум «сухое омовение»)

Потому что в Коране сказано, что для «омовения» и для «гусль» необходимо употреблять  только воду.

«وَيُنَزِّلُ عَلَيْكُمْ مِنَ السَّمَاءِ مَاءً لِيُطَهِّرَكُمْ– «Он – Творец с небес низвел на вас воду, чтобы очистить вас»[1].

«Если вы хотите побольше узнать какая вода пригодна для омовения, можете послушать видеолекции, пройдя по следующей ссылке (на казахском):

Абдусамат Касым

Перевод Зарины Нокрабековой",[1]сура аль-Анфаль  –11 аят,May,5,2016,26,2016-05-26,2026-01-08,3514,Sha'ban
Можно ли во время хайза слушать Коран?,https://islam.kz/ru/questions/dlya-jenshin/mojno-li-vo-vremya-haiza-slushat-koran-241/,"13 мая 2016 г., 11:49",80726,20,"Ассаляму Алейкум. Можно ли во время месячных слушать Коран, через телефон или если рядом человек Коран читает вслух? Маржан","Ваалейкум ас салямуарахматуЛлахиуабаракятуху!

Уважаемая Маржан, в сборнике хадисов «Сахих Бухари» приводится хадис, в котором Айша (р.а.) жена пророка (с.а.у.) говорит:

«Когда я была в период менструации, Пророк прикладывал свою голову к моей груди и читал Коран».(Сахих Бухари: КитабульХайд: №293 хадис).

Из этого следует, что во время хайза (менструации) или же во время джунуба (ритуальное осквернение) можно слушать Коран как в адио, так и в видеозаписях посредством мобильного носителя или же от читающего вживую.

В связи с этим хочу напомнить, что в Шариате во время менструации и ритуального осквернения запрещается читать Коран или же держать его без обложки.",,May,5,2016,13,2016-05-13,2026-01-08,3527,Sha'ban
Как бороться с гневом?,https://islam.kz/ru/questions/semya/semya/kak-borotsya-s-gnevom-240/,"11 мая 2016 г., 14:51",5614,30,"Ас саляму алейкум! Как избавится от гнева, злости, эгоизма, раздражительности, гордыни и ненависти? Я совершаю намаз, стараюсь слушать Коран, делаю зикр. Вроде у меня становится хороший нрав, но меня постоянно одолевают эти чувства, и в порыве гнева я веду себя отвратительно (порой у меня все тело дрожит, я готова бить себя), могу наговорить очень много тяжелых слов (а именно своему мужу). После такого гневного срыва я ненавижу себя, чувствую себя ужасно как физически, так и психологически.Я стараюсь работать над собой, сдерживать себя, но в итоге снова не могу справится. Делаю дуга, но они мне кажутся не искренними, потому что во время дуга мне в голову лезут всякие мысли. Я не знаю, что с собой делать, мне так тяжело со своим характером, я и своего мужа мучаю этим. Я осознаю свои недостатки в характере, что я поступаю не правильно. Но вновь поступаю не хорошо. Мой муж наверное разведется со мной, из-за моего плохого нрава. М.","Уа алейкум ас салям уа рахматуллахи уа баракатуху!

Произносите во время гнева слова ""ауузу биллахи минаш шайтанир раджим"". Потом если сидите, то встаньте, или же наоборот. Поменяйте свое место, если есть возможность уйдите в другую комнату. Три раза плюньте через левое плечо. И, наконец, возьмите омовение, так как оно успокаивает.

Почаще произносите имена Аллаха – «ар-Рахман» - «Милостивый», «ар-Рахим» - «Милосердный», и ""аль-Халим"" - ""Спокойный"", ""мягкий"", а именно «Йа, Рахману! Йа, Рахиму! Йа, Халиму!»

""Воистину, Аллах не меняет положения людей, пока они не изменят самих себя""(Коран, 13/11).

Дай Аллах Вам всего наилучшего.",,May,5,2016,11,2016-05-11,2026-01-08,3529,Sha'ban
Как распознать истинный путь?,https://islam.kz/ru/questions/veroubejdenie/kak-raspoznat-istinnyi-put-239/,"6 мая 2016 г., 12:55",7816,32,"АссаламуалейкумуарахматуЛлахиуабаракатуху! Пусть Аллах благословит Вашу работу. Сайт очень хороший и полезный. Скажу честно, я сейчас в духовном упадке. Ранее всегда ходил в мечеть на проповеди, читал много книг и рос духовно. Но у меня всегда были разногласия в душе. Я вроде делаю что-то, но всегда задаюсь вопросом, а почему я так делаю? Зачем мне это? Где доказательство того, что я делаю? Это во многих вопросах.

Я начал изучать христианство, иудаизм, буддизм и их ответвления. Начал изучать исламские течения суннизма, шиизма, суфизма, ваххабизма и многие другие. Ведь каждое течение считает себя правильным.

У нас в стране много течений, если пойти в мечеть я вижу, особенно сейчас, братья-мусульмане раздельно сидят друг от друга. Ханафиты, ваххабиты какие-то мадхалиты, нуршылар, гюлены...

Почему никто не считает себя мусульманином? Говорят «я ханафит»,«я шиит» или«я суфий». Я бросил все и ищу истину. Пока не найду не приму ничего кроме Корана.

Недавно,перед сном я взял гусль и просто сделал дуа Аллаху, чтобы он мне указал прямой истинный путь. И уснул. Был мне сон. В нем я зашел в небольшую мечеть и начал разглядывать все по сторонам, окна были из деревянных решеток, палас был старый и светлый. Там не было ламп, только солнечный луч пробивался. Потом я подумал совершить два ракаата намаза, после салема в обе стороны я почувствовал вибрацию и страх во всем теле. Смотрю на левую ногу, а на ней рука и слева сидит человек в желтой одежде, похожую на наш шапан но без ою, в капюшоне и лица не видно, он мне говорит «пойдем», и я иду за ним. Мы быстро оказались в каком-то месте, где стоят люди спиной к нам. Мы подходим они потихоньку поворачиваются, и потом человек, который меня привел, говорит «поздоровайся с ними».Один из них был в зеленом шапанеи в капюшоне, лица не видно только свет. И он  берет меня за руку, чтобы поздороваться. Человек, который меня привел, говорит«это Али ибн Абу Талиб из ахлю аль байт, следуй за ним и никогда не заблудишься, он на истине».

После этого я проснулся весь дрожа. Подняться с постели сразу не смог. Посмотрел в интернете, что такое «ахль байт», оказывается семья пророка нашего.

Как это можно растолковать, может в книгах написано что-нибудь? Улан.","Уаалейкум ас салам уарахматуЛлаһиуабаракатуһ!

Пророк, да благословит его Аллах и приветствует, говорил в своем хадисе (перевод хадисов был взят с интернета):

""Иудеи разделятся на семьдесят одно течение, а христиане – на семьдесят два. И разделится моя община на семьдесят три течения».

В другом хадисе от Му’ауии сказано: «Семьдесят две группы в Огне, а одна в Раю». И ещё в другой версии от ‘Абдуллаха ибн ‘Амра сказано: «И разделится моя община на семьдесят три группы: все они окажутся в Огне, кроме одной». Люди спросили: «Кто же они, о, посланник Аллаха?» На что он ответил: «Следующие тому же, чему следую я и мои сподвижники». В другой версии хадиса, рассказанном со слов ‘Ауфа ибн Малика сказано, что на вопрос, «Кто же они, это спасшаяся группа?» – пророк  ответил: «Это – джама’а». Эти хадисы содержатся в сборниках Ахмада 4/102, Абу Дауда 2/503, Ат-Тирмизи 3/367, Ибн Маджи 2/479, ад-Дарими 2/241, аль-Хакима 1/128, и Ибн Абу ‘Асыма 63.

В другом риваяте описал спасшуюся группу как «самое превосходящее большинство, и великое множество(ассауадуль аъзам)».

Поэтому истинный путь - это тот путь, который соответствует Хадисам пророка, да благословит его Аллах и приветствует, и того, чего придерживались сахабы, а также впоследствии большинство мусульман всего мира.

Называется он ""ахли сунна уальджамаа"". Пророк говорил в другом хадисе: «Моя община (умма) не объединится в заблуждении». То, что во всем мире большинство соблюдающих мусульман придерживается акыды ""ахли сунна уальджамаа"", еще одно подтверждение истинности этого.

А, сон, не может стать доказательством истинности того или иного пути.

Я вам дам ссылку на видео по этой теме, можете его посмотреть, только она на казахском языке.

http://islam.kz/kk/media/darister/aqida-darisi-sauadul-agzam-2-tarau-ahli-sunnet-jolynan-bolinbe-abdusamat-qasym-312/#gsc.tab=0",,May,5,2016,6,2016-05-06,2026-01-08,3534,Rajab
Можно ли женщине наблюдаться у гинеколога-мужчины?,https://islam.kz/ru/questions/dlya-jenshin/mojno-li-jenshine-nablyudatsya-u-ginekologa-mujchiny-238/,"4 мая 2016 г., 15:05",21713,16,"1.Ассалямалейкум ва рахматулляхи ва баракятух! Подскажите, будет ли грехом наблюдаться у врача-гинеколога,мужчины? Мынбаева Асель

2. Ассалямалейкум! Моя супруга, находясь в положении, наблюдается у врача-гинеколога, мужчины, потому что врача женского пола нет. К тому же недавно жена перенесла операцию на интимном месте, которую также проводил мужчина-хирург, опять же по причине отсутствия женщины-хирурга. Будут ли эти действия греховными? Максат","Ва алейкум ассалям ва рахматулляхи ва баракятух!

Согласно предписаниям шариата, женщине запрещено показывать аурат (постыдные места) постороннему мужчине. Священный Коран гласит:«…пусть не показывают своей красы, помимо лишь того, что явно (посторонним мужчинам)…»[1]. Как и сказано в аяте, верующим женщинам показывать аурат, то есть все, кроме лица, рук до запястья и стоп ног чужим мужчинам, неправильно и посему запрещено. Поэтому по возможности, нужно найти врача-женщину. В наше время дефицита во врачах из числа представительниц прекрасного пола, нет. Однако, если поиски врача-женщины не увенчались успехом, то наблюдаться у доктора-мужчины не запрещено. Ислам снисходителен к человеку, оказавшемуся в затруднительной ситуации.

В книге «аль-Фатава аль-Хиндия» относительно этого вопроса сказано следующее:

«Если в постыдном месте женщины появилась болячка, нужно искать врача-женщину. Или же доктор-мужчина учит другую женщину способам лечения. Если же заболевшая женщина почувствует себя хуже, или же если ее жизни будет угрожать опасность, а женщины врача не найдут, в таких случаях разрешено лечиться у доктора-мужчины. В процессе лечения следует оставлять открытым лишь тот участок тела, который болит или на котором есть болячка. Доктор же по возможности должен осматривать лишь это место, избегая смотреть на другие участки тела» )…»[2].

Примечание: аль-Фатава аль-Хиндия – это известная книга по ханафитскому фикху, включающая примерно почти 25 тысяч фетв от авторитетных ученых. Есть данные, что над созданием книги трудились более 500 компетентных ученых под руководством шейха Низамуддина аль-Бурханфури по приказу великого правителя династии Моголов Мухаммада Аурангзеба Алагмира (жившего в 17 веке).

Перевод с казахского Зарины Нокрабековой","[1] сура Ан-Нур – 31 аят.
[2] аль-Фатава аль-хиндия – 5/407 стр.",May,5,2016,4,2016-05-04,2026-01-08,3536,Rajab
"Как ислам относится к празднованию ""1 мая""?",https://islam.kz/ru/questions/raznoe/kak-islam-otnositsya-k-prazdnovaniyu-1-maya-237/,"30 апреля 2016 г., 14:50",10028,68,"Ассалям алейкум, приветствую вас, редакция сайта! На вашем портале мы находим подробные ответы на самые актуальные вопросы. Да будет вами доволен Аллах! Я хотел просить относительно 1 мая с религиозной точки зрения. Не запрещает ли шариат праздновать этот день? Потому что некоторые выступают против 1 мая, мотивируя тем, что такого праздника в Исламе нет. Заранее благодарю!","Ва алейкум вассалям ва рахматулляхи ва баракатух!

Уважаемый наш читатель, в Священном Коране Создатель говорит:

В другом аяте Священного Корана говорится:

Прочитав эти два аята, можно еще раз убедиться, что жить в согласии, сохранять дружбу и единство между этносами и представителями разных религий – путь, угодный Всевышнему.

Кроме того, безусловными факторами успеха и процветания любого общества являются: стабильность, спокойствие, единство и согласие.

И во времена Пророка (с.г.с), и потом, в период господства Ислама, мусульмане не обделяли представителей других конфессий в их правах по религиозному и национальному признаку. Посланник Аллаха (с.г.с) в своей прощальной хутбе говорил:

«О, люди! Аллах – един. Мы все потомки Адама. Адам был сотворен из глины. Самый почитаемый Аллахом тот, кто боится Его больше всех. Нет превосходства у арабов перед другими, не арабами. Люди могут быть превосходить друг друга лишь по уровню богобоязненности»

Конечно религиозных  два праздника – Курбан айт и Рамазан айт. У других праздников статуса религиозного праздника нет. Однако, с религиозной точки зрения нет ничего предосудительного если в какой те стране официально празднуют день, посвященный единству народа страны, пропагандирующий дружбу и согласие между этносами, имеющий важное значение для сохранения мира и стабильности в обществе. Главная цель – обратить внимание на роль, значение праздника в обществе. Истина же ведома лишь Аллаху!

Абдусамат Қасым

Перевод Зарины Нокрабековой","[1] сура Хужурат – 13 аят.
[2] Мумтахана – 8 аят.",April,4,2016,30,2016-04-30,2026-01-08,3540,Rajab
"Будет ли грехом, если сделать аборт при беременности, зачатой от прелюбодеяния?",https://islam.kz/ru/questions/meditsina/budet-li-grehom-esli-sdelat-abort-pri-beremennosti-zachatoi-ot-prelyubodeyaniya-236/,"28 апреля 2016 г., 15:13",12301,10,"Будет ли грехом, если сделать аборт при беременности, зачатой от прелюбодеяния? Анон.","Во времена достопочтимого Пророк (с.г.с) одна женщина из племени «Гаамид» забеременеет, совершив прелюбодеяние. Грешница придя к Посланнику Аллаху (с.г.с), попросит очистить (то есть быть наказанной согласно шариату). Поначалу Пророк не примет ее просьбы и отправит, наказав «сделать тауба (искренне раскаяться) и просить прощения у Аллаха». Однако после того, как женщина сказала о том, что ждет ребенка от запрещенной связи, Посланник Аллаха (с.г.с), прикажет придти после родов. Спустя время, женщина благополучно разрешится от бремени. Всю заботу о новорожденном возьмет на себя один из сахабов из числа ансаров. А женщина понесла наказание согласно шариату.[1].

Из данного хадиса следует, что Пророк (с.г.с) не разрешил наказывать женщину до родоразрешения, как и не сказал о том, что от ребенка нужно избавиться. Напротив, сказал ждать до тех пор, пока малыш благополучно придет в этот мир. Потому что ребенок, зачатый в грехе, от прелюбодеяния, ни в чем не виноват. Он также как и другие, является творением Аллаха. И никто не вправе ограничивать его право на жизнь.

Если с момента зачатия прошло 40 и более дней, то прерывать беременность – харам. И неважно, каким путем был зачат этот ребенок. По истечении указанного срока, то есть от 40 до 120 дней, разрешается делать аборт только в следующих случаях:

Абдусамат ҚасымПеревод с казахского Зарины Нокрабековой","[1] Сахих Мүслим – Китабуль худуд, №3213",April,4,2016,28,2016-04-28,2026-01-08,3542,Rajab
С какого возраста детям нужно прикрывать аурат?,https://islam.kz/ru/questions/semya/semya/s-kakogo-vozrasta-detyam-nujno-prikryvat-aurat-235/,"23 апреля 2016 г., 11:40",6844,12,"Ассалям алейкум! Подскажите, с какого возраста у детей положено закрывать аурат (постыдные части тела)? Нурлыбек","Ва алейкум ассалям ва рахматулляхи ва баракатух!

По мазхабу Абу Ханифы мальчики с 4 до 10 лет должны прикрывать интимные места (спереди и сзади), на ребят страше 10 лет распространяются те же правила, что и на взрослых, то есть прикрытым должно быть от пупка до колена.

По мазхабу Шафиги, аурат детей не отличается от аурат взрослых – от пупка до колен. Последователи мазхаба Ханбали мальчики от 7 до 10 лет закрывают интимные места (спереди и сзади). У девочек этого же возраста ауратом считается перед родными, близкими от пупка до колена, а перед чужими людьми от груди и до колена.  [1].

Абдусамат КасымПеревод Зарины Нокрабековой",[1]аль-Маусугатуль фикһия – стр 27/27 бет. Кувейт.,April,4,2016,23,2016-04-23,2026-01-08,3547,Rajab
Можно ли расторгнуть помолвку?,https://islam.kz/ru/questions/semya/nikyah/mojno-li-rastorgnut-pomolvku-234/,"21 апреля 2016 г., 10:31",8896,6,"Здравствуйте! Я страдаю недугом, для исцеления врачи рекомендуют выйти замуж. Один мужчина сделал мне предложение. Мне он показался серьезным, понятливым. Он даже встречался с моими родителями.  Я честно предупредила его о своей болезни, он обмолвился, что его родители могут быть против. Однако, при последней встрече взял с меня обещание, что я не буду встречаться с другими мужчинами. После этого он как в воду канул. Я же незнаю как мне быть,можно ли мнепринять предложениедругихмужчин, предлагающих создать семью? Или же мне поговорить с женихом, с которым мы договаривались о женитьбе? Не будет ли это неудобным, неправильным? Какой совет вы мне дадите? Р.С.","Здравствуйте! Помолвка – это не никах. Как жених, так и невеста по разным причинам вправе расторгнуть помолвку. Но все же будет лучше, соблюсти условия, и не нарушать их без весомых причин.[1].

Вам же мы можем посоветовать, по возможности попробуйте открыто поговорить с женихом, расставить все точки над «и». Потому что причины молчания вашего жениха могут быть вескими (например, он мог заболеть, попасть в больницу и т.д). Если же он совсем прервет общение, то как уже было сказано, помолвка – это не никах, и вы имеете право на ее расторжение, взяв свое слово обратно.","[1] У.Зухайли, аль-Уажиз – 3/24 стр.",April,4,2016,21,2016-04-21,2026-01-08,3549,Rajab
«Ложить горсть земли» усопшему при погребении – обычай или религиозный ритуал?,https://islam.kz/ru/questions/raznoe/lojit-gorst-zemli-usopshemu-pri-pogrebenii-obychai-ili-religioznyi-ritual-233/,"20 апреля 2016 г., 11:53",7443,12,"Ассалямалейкум! После погребения, по сложившемуся обычаю собравшиеся кладут по горстке земли (на лопату). Некоторые называют это традицией, другие утверждают, что это действие производится согласно сунне. Что относительно этого говорит наша религия Ислам? Аманкулов","Валейкум ассалям ва рахматулляхи ва баракатух!

В книгах хадисов приводится следующий хадис, переданный сахабой Абу Хурайрой:

«Посланник Аллаха (с.г.с) после заупокойной молитвы (джаназа намаза) прошел к изголовью могилы и бросил три горсти земли»[1].

Кроме того, в хадисе, переданном сахабой Амром ибн Рабийа говорится:

«Пророк (с.г.с) прочитал джаназа намаз по Усману ибн Мазууну, произнес четыре раза такбир. После погребения он стоя у изголовья могилы бросил три горсти земли»  [2].

Согласно этому, считается сунной (или мустахабом), после того, как усопшего опустили в могилу, каждый мусульманин, пришедший на погребение бросит по три горсти земли.[3].

Есть основания полагать, что сформировавшаяся в нашей стране традиция ложить горсть земли при погребении берет начало из указанных хадисов.

Абдусамат КасымПеревод Зарины Нокрабековой","[1]Ибн Мажа – Китабуль Жанаиз,хадис №1565.
[2] Дарукутни
[3] У.Зуһайли: аль-Фикһул Ислами уа адиллятуһу.",April,4,2016,20,2016-04-20,2026-01-08,3550,Rajab
"Можно ли планировать зачатие, используя специальный календарь ?",https://islam.kz/ru/questions/semya/semya/mojno-li-planirovat-zachatie-ispolzuya-spetsialnyi-kalendar-232/,"13 апреля 2016 г., 9:39",12139,22,"Ассалям алейкум! Меня интересует, не запрещается ли планировать зачатие? Говорят, что есть специальные календари, помогающие рассчитать дату зачатия, чтобы родить ребенка определенного пола – мальчика или девочку? Не будет ли это ширком? Анон.","Валейкум ассалям ва рахматулляхи ва баракатух!

В сборнике хадисов «Сахих Муслим» приводятся слова Пророка Мухаммеда (с.г.с):

«...Семя] мужчины белого [цвета], а женщины — жёлтого, и если в случае их соединения семя мужчины преобладает над женскими, с соизволения Аллаха получается ребёнок мужского пола, если же выделения женщины преобладают над семенем мужчины, с соизволения Аллаха получается ребёнок женского пола...»[1].

Можно сказать, что данный хадис повествует о физиологической закономерности. То есть, по воле Аллаха, сотворившего мир, природа подчинена закономерным процессам. Также  то, какого пола будет оплодотворенный эмбрион, изначально зависит от ряда закономерностей. И если производить расчет, с учетом этих закономерностей, то ничего греховного в этом нет, и это не будет ширком.

Вместе с тем, сложно сказать, что результат таких расчетов всегда соответствует ожидаемому. Потому что это, как и все, происходит по воле Всевышнего. И каким бы выверенным и точным не казался расчет, нужно помнить, что исполнится лишь воля Всевышнего.

К слову, отметим, что нередко некоторые родители просят сына (сыновей), другие же мечтают и просят Аллаха подарить им дочь (дочерей). И в этом нет ничего предосудительного. Однако, если не желать рождения дочери, считая, это ненужным, это неправильно. В Священном Коране говорится: «Когда кому-либо из них сообщат весть о рождении дочери, лицо его чернеет, и он сдерживает свой гнев»[2],-  и Аллах порицает таких людей.

Абдусамат Касым

Перевод с казахского Зарины Нокрабековой","[1] Сахих Муслим – Бабу баяни сиффати мәни ар-ражули уаль марати - №315.
[2] сура ан-Нахл  – 58 аят.",April,4,2016,13,2016-04-13,2026-01-08,3557,Rajab
Запрещено ли фотографироваться?,https://islam.kz/ru/questions/raznoe/zapresheno-li-fotografirovatsya-231/,"7 апреля 2016 г., 14:52",5788,24,"Ассаляму алейкум! От своих знакомых я слышал, что запрещено не только рисовать, но и фотографироваться. Так ли это на самом деле? Запрещает ли шариат фотографирование?","Валейкум ассалям! Современные ученые считают, что в изображениях, сделанных при помощи фотоаппарата, нет ничего предосудительного. Потому что фотографию можно сравнить с изображением, которое отражается в воде или в зеркале. [1].

Вместе с тем, по мнению ученых, одним из оснований запрета на рисование (изображение живых существ), действующего в Исламе, является предостережение от возможных мыслей о том, «что я тоже мастер как Всевышний» (Астагфируллах). В фотографиях же, сделанных фотоаппаратом, такого понятия быть не может.  [2].Следовательно, фотографироваться не запрещено.

Если вы хотите узнать больше информации касательно «селфи», пройдите по следующей ссылке:http://islam.kz/ru/questions/raznoe/razresheno-li-v-islame-selfi-189/#gsc.tab=0

Абдусамат КасымПеревод с казахского Зарины Нокрабековой","[1] Проф.Доктор У.Зухайли: Фетва  Мухасыра – 315 бет. Дамаск-Сирия.
[2] Доктор Ю.Кардауи: аль Халал уаль Харам – 104 бет. Кайр-Мысыр.",April,4,2016,7,2016-04-07,2026-01-08,3563,Jumada al-Thani
Подтверждает ли чихание правдивость сказанных слов?,https://islam.kz/ru/questions/veroubejdenie/podtverjdaet-li-chihanie-pravdivost-skazannyh-slov-230/,"1 апреля 2016 г., 10:45",34115,16,"Ассалям алейкум. Является ли чихание подтверждением сказанного? Часто говорят, что если человек чихнул при разговоре, то все сказанное при этом чистая правда или же обязательно сбудется, так как при чихании  ангелы говорят «амин». Правда ли это? Алихан","Уаалейкум ассалям! В некоторых книгах есть свидетельства, соответствующие этому понятию. В частности, сахаба Абу Хурайра свидетельствует, что Пророк (с.г.с) говорил: «Если один говорит, а другой человек при этом чихнет, то все сказанное – правда».

Имам ан-Навои, который привел этот хадис, отмечал, что все передатчики хадиса заслуживают доверия, то есть достоверны. И только относительно одного из передатчиков, некого Бакияту ибн аль-Валида  мнения специалистов разделились» [1].

Ученый хадисовед аль-Байхаки (994-1066 г.г) не принял данный хадис, назвав его «мункар». В свою очередь Табарани (873-970 г.г) в своем сборнике хадисов «аль-Аусат» охарактеризовал этот хадис как «слабый». [2].  Некоторые и вовсе считают хадис вымышленным.

В то же время, в книге Табарани (р.а) в свидетельстве, приведенном сахабой Анасом, Пророк (с.г.с), говорит: «Самые правдивые слова те, при которых стоящий рядом человек чихнул»[3]. Хадисовед аль-Хайсами про это свидетельство говорит так: «Среди передававших хадис есть человек по имени «Умарату ибн Зазан». Его свидетельства являются слабыми, другие же приведенные достоверны».

Подводя итог, отметим, что в Исламе истина определяется через конкретные доказательства. На языке Корана это называется «Бурхан». Отсутствие точности рождает сомнения, появляются предположения. В Коране сказано: «Сомнения против истины ничто» («Предположения никак не могут заменить истину»). Поэтому для того, чтобы утверждать о правдивости слов, недостаточно лишь того, чтобы кто-нибудь чихнул. Хадисы же, приведенные выше, не могут служить доказательством. Истина же ведома лишь Аллаху!

Абдусамат ҚасымПеревод с казахского Зарины Нокрабековой","[1] Фатва аль-Имам ан-Навои – 72-73 стр.
[2]аль-Хайсами – Мажмахуз зауаид: Китабуль адаб, 12913 –хадис.
[3] аль-Хайсами – Мажмахуз зауаид: Китабуль адаб, 12914 –хадис.
[4] сура Йунус, 36-аят.",April,4,2016,1,2016-04-01,2026-01-08,3569,Jumada al-Thani
Являются ли жвачки Оrbit и Dirol халяльными?,https://islam.kz/ru/questions/raznoe/yavlyayutsya-li-jvachki-orbit-i-dirol-halyalnymi-229/,"29 марта 2016 г., 14:31",83744,429,Являются ли жвачки Оrbit и Dirol халяльными? Бакдаулет Кынабай,"Уважаемый Бакдаулет! Для того, чтобы определить, являются ли жевачки оrbit и dirol ""халяль"" или ""харам"", необходимо провести специальное лабораторное исследование.

Но, в целом стоит учесть, что в составе жевательной резинки содержатся добавки, которые и сточки зрения медицины и сточки зрения религии не пригодны. К примеру, в жвачке присутствует сахарозаменитель «аспартам», а также загуститель, ароматизатор, поддерживающий нужную температуру влажности «глицерин» (Е422). Следует отметить, что избыток глицерина может стать причиной головных болей, тошноты, повысить уровень сахара в крови.

Кроме того, Е471- Е477 моно - и диглицериды и их модифицированные формы , получают из растений или животных. Определить в обычных условиях  из каких именно растений или животных приготовлены добавки невозможно, поэтому мы относим добавки под маркером Е471- Е477 к категории сомнительных. Потому что даже если предположить, что добавка изготовлена из животного, мясо которого в Исламе разрешено, мы не можем знать был ли забой животного осуществлен согласно шариату. (Необходимо помнить, что при изменении химического состава/структуры, если оно было взято даже не из разрешенного животного, то будет считаться «халяль»)[1]. Истина же ведома лишь Аллаху!

islam.kzПеревод с казахского Зарины Нокрабековой","[1]
http://www.gimdes.org/",March,3,2016,29,2016-03-29,2026-01-08,3572,Jumada al-Thani
Можно ли назвать девочку именем «Асия»?,https://islam.kz/ru/questions/veroubejdenie/mojno-li-nazvat-devochku-imenem-asiya-228/,"28 марта 2016 г., 11:22",29213,429,"Ассалямалейкум! Можно ли новорожденную девочку назвать именем «Асия»? Ведь известно, что Пророк (с.г.с) изменил имя «Асия» у одной мусульманки. Потому что имя переводится как «противоречащая», «противящаяся». Однако, супругу Фирауна, известную своим благочестием и богобоязненностью, звали Асия. И именно Асия одна из 4 (четырех) великих мусульманок, которые войдут в Рай. Можно ли в честь супруги фирауна назвать девочку Асией? Может у этого имени есть и другие значения, кроме «противоречащей»? Шынар.","Валейкум ассалям ва рахматуллахи ва баракатух!

islam.kz/ru",[1] http://www.almaany.com/,March,3,2016,28,2016-03-28,2026-01-08,3573,Jumada al-Thani
Не запрещает ли Ислам использовать смайлики?,https://islam.kz/ru/questions/raznoe/ne-zapreshaet-li-islam-ispolzovat-smailiki-226/,"15 марта 2016 г., 14:45",53762,16,"Ассалямалейкум ва рахматулляхи ва баракятух!

Можно ли использовать в социальных сетях, мобильных приложениях типа «ватсап» смайлики? Не будет ли это харамом? Я слышала, что в Акырете (Судный День) Всевышний будет приказывать оживить те существа, которые мы нарисовали в обычной жизни. И по этой причине использование смайликов также называют харамом. Я не согласна с этим, ведь смайлики не изображают живое существо. Есть ли доказательства правоты одного из этих мнений? Жания","Ваалейкум ассалям ва рахматулляхи ва баракятух!

Уважаемая Жания! По мнению исламских ученых, если стереть с изображения живого существа часть тела, без которой в реальной жизни оно не может существовать, или порвать именно эту часть, то рисунок не будет считаться как макрух. [1].

Поэтому ученый Ханбалитсого мазхаба Ибн Кудама (1146-1223 г.г.) в своей книге фикха «аль-Мугни» пишет:

«…если изображается просто голова без туловища или тело без головы, или же к изображенной голове живого существа пририсовать неодушевленный предмет, то это не относится к запрету, указанному в хадисе» [2].

Потому что в книге хадисов сообщается от Абу Хурайры, да будет доволен им Аллах, что посланник Аллаха, да благословит его Аллах и да приветствует, сказал:

«Ко мне явился Джибриль, (мир ему), и сказал: “Я приходил к тебе вчера, но мне помешало войти в дом, где ты находился лишь то, что над дверью была статуя [с изображением людей], занавеска, на которой имелись изображения, а также собака, находившаяся в доме. Так прикажи же обезглавить статую, которая в доме, чтобы она стала подобна дереву, вели разрезать занавеску и сделать из нее пару подушек, которые можно мять, и прикажи вывести собаку”»[3].

В книгах также приводятся слова ученого ханафитского мазхаба Мухаммеда ибн Хусумуддина аль-Кухустани (1555 г.г):

«Изображение просто (только) головы – не макрух»[4].

Поэтому можно сказать, что запрет, указанный в хадисах, не распространяется на смайлики, используемые в социальных сетях, мобильных приложениях. Потому что большей частью смайлики – это изображенные головы без туловища.

Кроме того, ученые Ханафитского мазхаба разрешили использовать вещи с изображением живых существ в обыденных, непочетных местах. Например, в качестве наволочек (постели) ковриков (под ногами)[5]. Использование смайликов в целях отражения внутренних эмоций при  переписке в сетях, также можно отнести к обыденному действию. Ведь никто не будет использовать изображение уважаемого им человека как смайлик.

Истина же ведома лишь Аллаху!

Абдусамат Касым

Перевод с казахского Зарины Нокрабековой","[1] Ибн Габидин: Раддуль Мухтар – 2/418 бет; Ибн Кудама, «аль-Мугни»: Китабуль валима.
[2] Ибн Кудама, «аль-Мугни»: Китабуль валима.
[3] Тирмизи: Китабул адаб - №2806.
[4] Ибн Габидин: Раддуль Мухтар – 2/416 стр
[5] Раддуль Мухтар – 2/416, 419 бет;  Хашиятут Тахтауи аль Ханафи  – 360 стр",March,3,2016,15,2016-03-15,2026-01-08,3586,Jumada al-Thani
Можно ли в бывшей пивной соорудить мечеть?,https://islam.kz/ru/questions/poklonenie/molitva-namaz/mojno-li-v-byvshei-pivnoi-soorudit-mechet-224/,"14 марта 2016 г., 15:44",5012,7,"Ассалям алейкум! Наша мечеть расположена вприспособленном помещении, то есть это здание не было построено специально для мечети. Прежде здесь была чайхана и даже пивной магазин. Кроме того, по слухам, здесь было совершено убийство человека. Позже по воле Всевышнего, оно стало мечетью. Теперь же, некоторые люди высказывают негативное мнение по этому поводу: «Как же здесь будет мечеть? Раньше это была пивная, даже человека убили, такое место не может быть мечетью!?Иногда бывает мы не знаем как аргументированно отвечать на подобные выпады. Что сказано относительно этого в шариате? Какой весомый ответ мы можем озвучить таким возмущенным людям? Нуржан Жумадилов.","Ваалейкум ассалям ва рахматуллахи ва баракатух!

В сборнике хадисов от Абу Давуда есть следующий хадис. Сахаба Осман ибн Абуль Хас (р.а)передает:

«Пророк (с.г.с)приказал все помещения, где мушрики поклонялись идолам, превратить в мечети»[1].

Этот хадис свидетельствует, что в здании, где располагалась пивная, может быть сооружена мечеть. Относиться же с предубеждением, все время вспоминая о прошлых предназначениях здания мечети, неправильно.","[1] Абу Давуд, Бабу фи бина-иль Масжид - №450 хадис.",March,3,2016,14,2016-03-14,2026-01-08,3587,Jumada al-Thani
Три вопроса о татуаже и пластических операциях,https://islam.kz/ru/questions/meditsina/tri-voprosa-o-tatuaje-i-plasticheskih-operatsiyah-223/,"11 марта 2016 г., 17:05",12475,34,,"- Будет ли пластическая операция тяжким грехом? Есть ли в Коране аяты или хадисы Пророка (с.г.с), касающиеся этой темы? Какая кара может постигнуть тех, кто прибегал к подобным операциям?

- Подвергать себя пластическим операциям лишь для того, чтобы выглядеть моложе своих лет или для того, чтобы откорректировать внешние данные, значит пытаться «изменить то, что дано Всевышним», и, согласно Шариату, это грех. Сахаба Абдулла ибн Масгуд говорил: «Я слышал, как Пророк (с.г.с) проклинал женщин, выщипывающих брови и делающих щель между зубами ради красоты»[1].

В хадисе отмечено - «ради красоты». Следовательно, делать пластическую операцию, чтобы изменить свою внешность, в погоне за «красотой» или с намерением выглядеть моложе, скрыть свой возраст – деяние, навлекающее гнев Аллаха. Это результат наущений, васвас нечистого. Дабы не быть голословным напомню, что проклятый Аллахом шайтан обещал наущать человека, подталкивать к плохим делам, а также  обещал «…приказывать ему изменять то, что сотворено Аллахом» [2] .

- Можно ли прибегать к пластическим операциям в случаях крайней нужды,  чтобы избавиться от врожденных патологий? К примеру, для исправления видимых дефектов, как заячья губа, волчья пасть, лишних или сросшихся конечностей, преждевременного старения, увядания кожи (как у Нуржана  Оркешбаева) или же для того, чтобы убрать посттравматические шрамы. Будет ли это грехом?

- Как вы отметили, в случаях крайней необходимости (жизненно важных) делать операции разрешено. Сам Посланник Аллаха (с.г.с) сахабе по имени Урфажа (р.а), потерявшему на войне нос, разрешил «имплантировать» нос, сначала из серебра, а потом из золота[3]. Опираясь на этот хадис, исламские ученые склонны считать, что проведение пластических операций в случаях крайней (особой) необходимости, как, например, для удаления шрамов, следов ожогов, лишних конечностей, разрешено.

-Что же говорит Шариат относительно татуажа? Ведь, по сути, татуаж один из разновидностей пластического вмешательства, так как призван изменять внешность. То есть это тоже грех?

- Что такое татуаж? Это искусственный долговечный макияж. Вводя под кожу специальные краски, мастер меняет вам форму губ, бровей, наносит макияж на веки, который продержится ближайшие несколько лет. Кроме того, используя разные методики и краски, мастер может кардинально изменить форму губ, бровей, цвет век.

То есть, прибегая к татуажу, дамы, недовольные своей внешностью, преображаются в одночасье. Наверняка есть и обратная сторона медали этой рукотворной красоты, и татуаж не так уж безвреден. Но мы с вами рассмотрим вопрос с точки зрения Шариата.

Во-первых, татуаж выполняется с помощью специального инструмента с иглой. В связи с этим татуаж можно сравнить и даже приравнять к татуировкам. А татуировки в Шариате – харам. Пророк Мухаммад (с.г.с), в одном из хадисов говорил: «Алла Тааля проклял тех, кто рисует на теле других (уашимат), и тех, кто разрешает (мустаушимат) рисовать на своем теле»[4].Слово «уашим», употребленное в хадисе означает процесс, рисования сурьмой на теле человека, предварительно проколотое иглой [5].

Во-вторых, татуаж на долгое время скрывает истинную внешность человека, дарованную ему Всевышним. То есть это действие, близкое к обману.

Выше мы приводили хадис, в котором говорится: «.. Пророк (с.г.с) проклинал женщин, выщипывающих брови и делающих щель между зубами ради красоты». Из толкования хадиса следует, что в давние времена женщины бальзаковского возраста, стремясь выглядеть моложе своих лет, подпиливали зубы, делая между ними щели. За свое стремление казаться моложе и за изменения в сотворенном Всевышним без особой причины, эти женщины заслужили проклятие Аллаха.

Следует отметить, что приравнивать татуаж к ежедневной декоративной косметике (используемую с целью нравиться своему мужу) нельзя. Макияж, накладываемый каждый день, недолговечен и легко смывается. К тому же в этом случае краска не проникает в глубокие слои кожи, как при татуаже. Поэтому нельзя их приравнивать, у каждого из них свое заключение.

Истина же ведома лишь Аллаху!

Абдусамат КасымИнтервьюАйнур Ермаxанова(для журнала «Жастар үні»)Перевод Зарины Нокрабековой","[1] Сахих Бухари; Сахих Муслим
[2] сура ан-ниса – 119 аят.
[3]Тирмизи, Либас -31.;  Diyanet Ilimhali, 2-том, 83 стр.;
[4] Сахих Муслим, «Китабул Либас» – 3666.
[5] Имам ан-Навави: Шарх Сахих Муслим. №2125 хадис",March,3,2016,11,2016-03-11,2026-01-08,3590,Jumada al-Thani
Можно ли поехать для отдыха  в Таиланд?,https://islam.kz/ru/questions/raznoe/mojno-li-poehat-dlya-otdyha-v-tailand-222/,"9 марта 2016 г., 14:45",6723,14,"Ассаляму алейкум ва рахматуллахи ва баракатух! Подскажите, можно ли мусульманам поехать в Таиланд на отдых?В туристическую программу включено посещение буддийского храма, и подобных мест. Можно ли бывать в таких местах?А.","Ваалейкум ассалям ва рахматуллахи ва баракатух!

В целом Ислам не запрещает посещать немусульманские страны по служебным делам, в путешествиях, с целью отдохнуть.

И лишь в некоторых случаях такое путешествие может быть признано как макрух или харам. Так, ехать отдыхать в страну, где  господствует грех, царит упадок морали, (даже не имея намерения приобщаться к греховным делам) – макрух. Харамом является поездка в любую страну, если человек едет с целью совершить грех, делать харамные дела.

Ученый Ханафитского мазхаба Ибн Габидин говорил:

«…Путешествие признается как мубах (то есть не имеющее сауаба – награды, и не содержащее греха). Однако, в некоторых случаях поездка (путешествие) могут стать благим делом, за который будет сауаб(саваб). Например, поездка с целью совершить хадж. Иногда же поездки приравниваются к делам греховным. Например, поездка с целью совершить разбой или другие неправедные дела»[1].

Таким образом, ученый подчеркнул, что от цели поездки, путешествия зависит каким будут они признаны – грешным или праведным.

В вашем случае, мы уверены, что вы ваша поездка в Таиланд продиктована исключительно желанием отдохнуть, увидеть новую страну. Но все же мы рекомендовали бы вам  для отдыха вместо этой выбрать одну из мусульманских стран.

Если же говорить о посещении храмов других конфессий в познавательных целях, то большинство исламских ученых считает, что посещение храмов (мест поклонения) других религий в познавательных целях не запрещено. И это мнение небезосновательно. К примеру, в книге сборников хадисов Сахих Бухари, приведено свидетельство от матери всех правоверных Аиши:

«Как-то Пророк (с.г.с) приболел. Одна из жен вспомнила церковь, которую видела в Хабашистане. Называлась та церковь «Мария». Супруги Пророка (с.г.с) Умм Саляма и Умм Хабиба (р.а) рассказали о красоте церкви Мария, которую они видели во время поездки в Хабашистан, говорили об изображенных внутри храма ликах. . Тогда Пророк подняв голову сказал: «Когда умирает какой-либо хороший человек, они строят в его честь возле склепа храм. Потом они украшают его изнутри изображениями (о которых вы говорите). И это наихудшие из творений Аллаха»[2].

Согласно этому хадису Пророк (с.г.с) хоть и говорит о неверности действий христиан, но не запрещает смотреть, бывать в храмах других вероисповеданий.  Истина же ведома лишь Аллаху!

АбдусаматКасым

Перевод Зарины Нокрабековой","[1] Раддул Мухтар, 2/121 стр.
[2] Сахих Бухари, хадис №1261 .",March,3,2016,9,2016-03-09,2026-01-08,3592,Jumada al-Awwal
Можно ли читать намаз (молитву) перед зеркалом?,https://islam.kz/ru/questions/poklonenie/molitva-namaz/mojno-li-chitat-namaz-molitvu-pered-zerkalom-221/,"1 марта 2016 г., 16:06",14491,16,"Дома в месте, где я читаю намаз, напротив стоит зеркало. Практически я читаю намаз (молюсь), смотрясь в зеркало. Насколько это правильно?","Валейкум ассалям ва рахматуллахи ва баракатух!

Как-товзглядПророка (с.г.с). во время намаза привлекли узоры на одежде. После молитвы Посланник Аллаха сказал: «Эта одежда отвлекла меня, сбивая намерение во время намаза. Отнесите ее Абу Джахму и возьмите у него однотонную одежду»[1].

Поэтому все, что отвлекает человека, когда он выполняет один из пяти обязательных действий, предписанных мусульманам, то есть совершает намаз, является «макрух»[2]. Ваше отражение в зеркале отвлекает во время намаза и может спутать намерение, поэтому совершать молитву перед зеркалом, будет «макрух». Однако, намаз не становится недействительным.

Перевод Зарины Нокрабековой","[1] Бухари, Китабус Сала – хадис 366.
[2]Туһмәз, аль Фикхуль Ханафи – 1/233 стр.",March,3,2016,1,2016-03-01,2026-01-08,3600,Jumada al-Awwal
В школе обязывают рисовать. Что мне делать?,https://islam.kz/ru/questions/raznoe/v-shkole-obyazyvayut-risovat-chto-mne-delat-220/,"29 февраля 2016 г., 17:54",6646,3,Ассалям алейкум! В школе учитель ИЗО (изобразительного искусства) дает детям задание рисовать. Как шариат относится к рисованию?Не запрещено ли изображать что или кого либо?,"Валейкум ассалям! В шариате разрешено изображать неодушевленные предметы. Например, природу, здания.небо, и тд. Что же касается изображения одушевленного, то есть людей, животных, Пророк (с.г.с), запретил изображать живые существа[1].

Однако, некоторые ученые, внимательно изучив подтекст (иносказательный смысл) хадиса, отнесли запрет к раннему периоду Ислама (то есть когда в обществе еще не исчезло верование Политезма[2]), то другие ученые (мазхаб Малики) считали, что рисовать на бумаге, стене или тканях не является харамом (макрух). Кроме того, по их мнению, не возбранялось создавать скульптуры, изваяния, из недолговечных материалов.[3].

Основываясь на приведенных выше данных, можно сделать вывод, что рисовать по заданию учителя, преподающего предмет, утвержденный в школьной программе, не запрещается.

*Политеизм – религиозное верование, основанное на веровании нескольких божеств.

Абдусамат КасымПеревод Зарины Нокрабековой","[1] По свидетельству Бухари и Муслим.
[2] Относительно вопроса о запрете изображений, ученый Ханафитского мазхаба Бадруддин аль-Айни в пояснении, приведенном в сборнике хадисов «Сахих Бухари», принимая во внимание вышеприведенные хадисы, приводит следующее заключение: «В эпоху зарождения Ислама, идолопоклонство еще не изжило себя. Пророк (с.г.с) запретил любые изображения, даже рисунки на тканях. Впоследствии, когда «таухид». То есть единобожие распространилось и укрепилось в сознаниях людей, Пророк (с.г.с) разрешил рисунки на тканях. Разрешил также использовать ткани с изображениями в определенных местах».
[3]  аль- Маусугатуль Фикхия – 12/101 стр. Кувейт",February,2,2016,29,2016-02-29,2026-01-08,3601,Jumada al-Awwal
Можно ли использовать розетки на рабочем месте для личных нужд? Не будет ли это использованием чужого имущества без спроса?,https://islam.kz/ru/questions/torgovlya/mojno-li-ispolzovat-rozetki-na-rabochem-meste-dlya-lichnyh-nujd-ne-budet-li-eto-ispolzovaniem-chujogo-imushestva-bez-sprosa-219/,"26 февраля 2016 г., 11:49",4831,14,"Ассалям алейкум! Меня интересует можно ли заряжать телефон или другие устройства на работе? По-моему, это будет считаться использованием чужого имущества. .Пусть Аллах будет вами доволен. Аноним","Ва алейкум ассалям ва рахматуллахи ва баракатух!

Уважаемый читатель!

В хадисе, приведенном в сборнике хадисов ,Имама Тирмизи рассказывается, что как-то один человек спросил у Пророка Мухаммеда (с.г.с), относительно плода, висящего на ветке. На что Посланник Аллаха (с.г.с) ответил: «Если плод съест человек нуждающийся, то в этом не будет греха. Однако не разрешается ему уносить их в своей одежде (с собой – прим.ред.)».[1].

В связи с этим, использовать розетки в общественных местах, доступных для свободного посещения всем, будь это мечеть, учреждение, оказывающее услуги населению или рабочее место, для того, чтобы зарядить телефон,ноутбук,планшет либо  любой другой гаджет, не возбраняется. Потому что в подобных местах розетки устанавливаются для общественного пользования.

Для использования же розетки в чьем-нибудь кабинете или доме,  нужно спросить разрешения хозяев.

Перевод с казахского Зарины Нокрабековой",[1] Тирмизи – хадис №1306 .,February,2,2016,26,2016-02-26,2026-01-08,3604,Jumada al-Awwal
Разрешены ли фокусы в Исламе?,https://islam.kz/ru/questions/veroubejdenie/razresheny-li-fokusy-v-islame-218/,"23 февраля 2016 г., 9:25",15796,6,"Ассалям алейкум ва рахматуллахи ва баракатух! У меня вопрос следующий. Как относится Ислам к экстрасенсорике, фокусам? Динара Сеит","Валейкум ассалям ва рахматуллахи ва баракатух!

Фокусы, (иллюзионизм),экстрасенсорное восприятие, гипноз, магия – все это стоит в одном ряду с колдовством. Потому как в шариате колдовством называют, основанные на обмане, иллюзиях, создающие реалистичные, но не соответствующие действительности и увлекающие человека от реальности, действия [1].

В связи с этим магов, колдунов, фокусников можно разделить на две категории:

Любой вид колдовства, магии в Исламе запрещен и является харамом. В Коране сказано:

«Сулеймен не был неверующим. Неверующими были дьяволы, и они обучали людей колдовству…» (аль-бакара-102)

Все виды фокусов основаны на обмане, поэтому запрещены в Исламе. Потому что Пророк (с.г.с) в одном из своих хадисов говорил: «Вруны, лжецы, хитрецы – в Аду»[2].

Вместе с тем, всем известна история о схватке пророка Мусы с колдунами, описанная в Священном Коране. В ней говорится, что они хотели обмануть людей, ввести в заблуждение:

«И тут ему( Муса г.с)представилось, что их веревки и посохи от их колдовства пришли в движение» [3].

«Когда же они бросили то очаровали взоры людей, вселили в них страх и явили великое колдовство» [4].

Магов, вступивших в схватку с пророком Мусой, можно отнести к первому виду представителей «волшебников», описанных выше. Они выполняют свои трюки за счет ловкости рук и обмана зрения, или короче говоря, это иллюзионисты. И это доказывает, что искусство фокуса чуждо Исламу и запрещено шариатом.

В этой связи следует отметить следующее. Некоторые религиоведы, теологи и ученые от религии в данное время озвучивают мнение,  что представители этой «волшебной»профессии, то есть фокусники, являются грешниками, но не являются неверующими (кафирами). Слова, приведенные в аяте о кафирах, относятся к колдунам, магам, целителям, получающим помощь от нечистой силы.  Истина же ведома лишь Аллаху!","[1] Фахруддин ар-Рази: ат-Тафсирул-Кабир. Сура аль-Бакара, 103-аят. В этом тафсире (толковании Корана) рассмотрено 8 видов колдовства.
[2] сура Таха, 66 аят.
[4]сура аль-Араф, 116 аят.
[5] Судя по данным, колдуны для придания реальности своим колдовским действия перед публикой использовали две вещи: первое – аркан, похожий на змею, второе – жидкость. Похожая на ртуть, реагирующая на высокую температуру. Окунув арканы в эту жидкость, они бросали их на камни. Жидкость приводила арканы в движение, делая их похожими на извивающихся змей. Так, используя ловкие руки и обман зрения, они вводили людей в заблуждение. Однако, пророк Муса (г.с), благодаря мугжизе (чудодейственным способностям), дарованным Аллахом, превратил в прах их деяния.",February,2,2016,23,2016-02-23,2026-01-08,3607,Jumada al-Awwal
"Обязательно ли готовить только те блюда, которые нравятся мужу?",https://islam.kz/ru/questions/semya/semya/obyazatelno-li-gotovit-tolko-te-blyuda-kotorye-nravyatsya-muju-217/,"22 февраля 2016 г., 13:02",5252,21,"Ассалямалейкум! Обязательно ли готовить только ту еду, которая нравится мужу? Не возбраняется ли иногда готовить блюда, не учитывая вкусы и предпочтения супруга? Готовить отдельно себе не всегда хватает времени. К тому же думаю, что неправильно питаться раздельно. А.","Валейкум ассалям, уважаемый читатель! Жена мусульманка, как правило, старается угодить мужу, совершая дела, которые ему по нраву. В хадисе сказано: «Жена, которой был доволен муж, попадет в рай».

Муж-мусульманин в свою очередь также должен относиться с уважением к супруге. Не забывая, что жена дана ему от Аллаха в аманат. Потому что нашей религией предписано относиться к супругам с должным почитанием.

Касательно вашего вопроса, можно сказать, что всегда готовить только ту еду, которая нравится мужу, необязательно. Конечно, в народе бытует мнение, что «путь к серцу мужчины лежит через желудок». Однако это не значит, что при приготовлении пищи нужно учитывать лишь пожелания главы семейства, игнорируя предпочтения других. Правильно будет доверить продумывание семейного меню жене. Если же вдруг будет приготовлено блюдо, не отвечающее вкусам кого-то из членов семьи (мужа в том числе), необходимо проявить терпение и понимание. Так учит наш Пророк (с.г.с). в сборнике хадисов «Сахих Муслим» сахаба Абу Хурайра (р.а) свидетельствует: «Посланник Аллаха никогда не критиковал еду. Если предложенная ему еда приходилась по нраву, он угощался. Если же еда ему не нравилась, он ее не употреблял»[1] .

Абдусамат Касым

Перевод Зарины Нокрабеково",[1] Сахих Муслим –хадис  №2064 .,February,2,2016,22,2016-02-22,2026-01-08,3608,Jumada al-Awwal
Можно ли верить приметам?,https://islam.kz/ru/questions/veroubejdenie/mojno-li-verit-primetam-215/,"19 февраля 2016 г., 14:29",24683,17,"Ассалям алейкум! У казахского народа существует много примет. Насколько правильно верить этим приметам, следовать им? Например, все знают примету, что если черная кошка перебежит дорогу, нужно сделать семь шагов назад и поплевать три раза. Я очень жду от вас ответ. Заранее благодарю.

Азиз.","Валейкум ассалям ва рахматуллахи ва баракатух!

Уважаемый, Азиз! В целом приметы казахского народа можно условно поделить на «хорошие» и «плохие». К хорошим можно отнести  приметы, дающие человеку надежду, рождающие в его душе тягу к жизни, помогающие в определнные моменты преодолеть препятствия, мыслить позитивно.  К примеру: Если дергает правый глаз, будешь радоваться. Если же шумит в правом ухе, значит кто-то хвалит тебя. Чешется правая ладошка, обязательно к деньгам, а малыш наклоняется только к визиту гостей, и другие.

К плохим можно отнести приметы, связанные с отрицательными явлениями, предрекающие плохое, сеющие негатив. Например: Если черная кошка перебежит дорогу, в этот день не повезет. Качать пустую колыбель (бесик) – накликать бездетность. Нельзя бежать в сторону дома и опираться на палку – это к покойнику. Если кричит сыч, быть беде, и другие.

Первый вид примет не противоречит шариату. Как говорится, «хорошее слово – уже полдела». И если говорится о хороших приметах, знаменующих доброе, то не запрещается сказав «Амин», считать их добрым предзнаменованием. Посланник Аллаха (с.г.с), говорил: «Придя на жаназу, говорите хорошее. Поистине, ангелы говорят «амин» всем вашим словам»[1].

Плохие же приметы шариат не одобряет. Потому что, во-первых, они способствуют возникновению слепой веры, во-вторых, формируют негативное мышление. В книге хадисов «Сахих Бухари» приводится следующее свидетельство. Пророк (с.г.с) говорил:

«В Исламе нет Тияры (طِيَرَةٌ-предрекания плохому-).Самое лучше же Фа’ль(فَأْل)». Тогда рядом стоящие люди спросили Пророка (с.г.с): «Что такое Фа’ль?». На что Посланник Аллаха (с.г.с) ответил: «Хорошие слова, которые слышит каждый из вас»[2].

Кроме всего, есть приметы, имеющие воспитательное значение. Например: Съедающий хлебные крошки будет богатым. Класть нож острием вверх, значит быть забою домашних животных. Нельзя наступать на хлеб, рассыпать соль, потягиваться в присутствии старших и т.д. Такие приметы, призывающие совершать хорошие поступки, отвращающие от плохого также нельзя назвать противоречащими шариату.

Истина же ведома лишь Аллаху!

Абдусамат Касым

Перевод с казахского Зарины Нокрабековой","[1] Сахих Мүслим * №1533 хадис.
[2] Сахих Бухари: Китабут Тыб – Бабу аттияра.",February,2,2016,19,2016-02-19,2026-01-08,3611,Jumada al-Awwal
Мой муж – алкоголик. Как мне быть?,https://islam.kz/ru/questions/semya/semya/moi-muj-alkogolik-kak-mne-byt-214/,"17 февраля 2016 г., 14:07",8482,7,"Здравствуйте!  У меня к вам есть вопрос. Мой муж на протяжении многих лет злоупотребляет алкоголем. Я стараюсь сохранять сабыр (спокойствие), но иногда не сдерживаюсь, злюсь. Скажите, как  я должна вести себя с супругом, как подобает истинной мусульманке? У нас четверо детей. Я делаю дуа, прошу Аллаха,совершая пятикратный намаз. Разводиться не хочу. С.","Здравствуйте! Читая ваш вопрос, вспомнил достопочтенную Асию доч Музахим, супругу Фирауна, женщину, о которой упомянуто в Коране. Ее муж мнил себя богом (Астагфируллах). Опасаясь за свое будущее, в ничтожной попытке сохранить себе престол, он приказал истребить младенцев мужского пола. Его жена Асия была полной противоположностью супруга. Втайне от мужа она поклонялась Всевышнему, искренне верила в Аллаха[1].

Пророк  (с.г.с) назвал Асию в числе четырех великих  женщин в Исламе, которые войдут в Рай[2]. Рай уготован этой необыкновенной женщине за ее благочестивость, веру, доброту. Несмотря на богатство, сердце Асии, в отличие от мужа, не  было поражено недугом высокомерия.  Именно она спасла младенца, брошенного в воды реки, от рук своего мужа. Этот малыш впоследствии стал одним из достойных сынов в Исламе – пророк Муса. [3]. Несмотря на откровенное безбожество своего мужа, Асия не предала своей веры, втайне от супруга совершая поклонения Аллаху, только у Него ища защиты и помощи.

Вам же мы хотим порекомендовать лишь одно. Сохраняйте сабыр, не прекращайте поклонений, просите Всевышнего наставить на путь истинный отца ваших детей. В Священном Коране говорится: «…обратитесь за помощью и терпением к намазу…»[4]. Все, что сокрыто в сердцах людских ведомо лишь Аллаху, и только он сможет поселить в его сердце веру – иман, направить на правильный путь.

Кроме того, можно обратиться за дополнительной помощью к психологам. Консультация у специалистов поможет определить первопричину алкогольной зависимости вашего мужа. Грамотная психологическая диагностика поможет выстроить правильный алгоритм оказания моральной помощи для преодоления зависимости.

Перевод Зарины Нокрабековой","[1] сура ат-Тахрим , 11 аят.
[2] Сахих Бухари.
[3] сура аль-Касас, 9 аят.
[4] сура аль-Бакара, 45 аят.",February,2,2016,17,2016-02-17,2026-01-08,3613,Jumada al-Awwal
Можно ли пить безалкогольное пиво?,https://islam.kz/ru/questions/raznoe/mojno-li-pit-bezalkogolnoe-pivo-213/,"12 февраля 2016 г., 17:06",11993,31,"Безалкогольное пиво весьма популярно в народе. И хотя его именуют безалкогольным, воздерживаюсь от его употребления, ведь все же это пиво. Разрешено ли в Исламе употребление безалкогольного пива? Даурен","- «Безалкогольное пиво» употреблять нельзя. Потому что в его составе пусть в малых количествах, но все же есть алкоголь. Доказательством может служить тот факт, что человек, выпивший одновременно две или три бутылки такого якобы «безалкогольного» пива, заметно пьянеет. Кроме того, спциальные исследования данного напитка, проведенные в Сирии, показали, что в его составе присутствует алкоголь  (в1000 граммах - 4 грамма алкоголя. 6 грамм алкоголя достаточно, чтобы вызвать опьянение у человека - ред). Посланник Аллаха (с.г.с) в своем хадисе говорил: «Даже малая часть опьяняющего в большом количестве вещества является харамом».*.

[*Существуют несколько свидетельств, созвучных по содержаниию этому хадису. Сахаба Абдулла ибн Омар свидетельствует, что Пророк (с.г.с) говорил: «Все (напитки) вызывающее опьянение – харам. То, что опьяняет в большом количестве, является харамом и в малом количестве»Ибн Мажа, Ашриба – хадис №3392].

Доктор Абдулмәлик ибн Абдурахман әс-СаъдиПеревод с казахского Зарины Нокрабековой",,February,2,2016,12,2016-02-12,2026-01-08,3618,Jumada al-Awwal
Три вопроса про таляк (развод),https://islam.kz/ru/questions/semya/talak-razvod/tri-voprosa-pro-talyak-razvod-212/,"10 февраля 2016 г., 17:40",9748,18,,"- Здравствуйте! Подскажите, если свидетельство о браке порвалось, не будет ли это считаться как таляк (разводом)?

- Здравствуйте! Испорченное свидетельство о браке не является основанием считать, что произошел таляк и супруги теперь в разводе. Таляк считается свершившимся и действительным в следующих случаях:

- В сердцах я сказал своей невесте, с которой мы уже договорились о женитьбе, что она может найти себе другого. Будут ли мои слова считаться как слова о разводе – талак?

- Слова таляк (развод) могут быть произнесены только в отношении супруги, с которой был заключен никах. Слова же произнесенные чужой женщине, с которой не был заключен брак, не имеют никакой силы, и талаком не считаются. В вашем случае, вы можете восстановить достигнутую ранее договоренность о создании семьи. В шариате это называют «хитба». В исламе существует ряд правил относительно хитбы. Подробней о которых вы можете узнать, перейдя по указанной ниже ссылке (на казахском)[1].

- Ассалям алейкум! Мы сильно поссорились с мужем по причине ревности. В пылу ссоры я сказала,что уйду от него. На что супруг ответил: «Значит ты хочешь уйти? Уходи, давай, беги!». Не стали ли эти слова причиной для развода? Или наш никах по-прежднему действителен?

- Валейкум ассалям!Таляк не было. Истинное значение слов вашего мужа означают: «Уходи, если сможешь. Все равно ведь не уйдешь!». Эти слова не приводят к талаку.Самое лучшее же даже в порыве гнева не говорить об уходе, и вообще слов. О которых потом пришлось бы горько сожалеть.Истина же ведома лишь Аллаху!

[1]http://islam.kz/kk/questions/januya/neke/qyzben-jurudin-hitba-sharttary-qandai-49/

Перевод с казахского Зарины Нокрабековой",,February,2,2016,10,2016-02-10,2026-01-08,3620,Jumada al-Awwal
Что говорится в шариате относительно самоудовлетворения?,https://islam.kz/ru/questions/veroubejdenie/chto-govoritsya-v-shariate-otnositelno-samoudovletvoreniya-211/,"8 февраля 2016 г., 16:07",68811,429,"Ассалямалейкум ва рахматуллахи ва баракатух! Позвольте задать вам немного неудобный вопрос. Что говорит шариат относительно самоудовлетворенияпри помощи рук(онанизма, мастурбации)?Если можно, приведите, пожалуйста далили из хадисов,аятов. Б.","Валейкум ассалаям ва рахматуллахи ва баракатух!

Интересующий вас вопрос в книгах и учебниках по шариату известен под термином «истимна». Учитывая, что подобного рода вопросы задают довольно часто, мы решили опубликовать ответ на него.

В медицине к этому действию относятся двояко. Большинство медиков склоняется к тому, что самоудовлетворение наносит физиологический и психологический вред. Мы же, не останавливаясь на медицинских заключениях, перешли сразу к заключениям исламским, рассмотрев вопрос с точки зрения шариата.

В Коране говорится:«…которые оберегают свои половые органы от всех, кроме своих жен или невольниц…»[1]. Ряд ученых, беря за основу данный аят, признало самоудовлетворение «харамом», другие же отнесли его к действиям из разряда «макрух тахрима». Кроме того, в одном из «слабых» хадисов говорится:«Тот, кто удовлетворял себя рукой, в Судный день встанет с беременной рукой»[3].

В  другом «слабом» свидетельстве говорится:«Человек, удовлетворяющий себя рукой – проклятый»[4].

По мнению ученых мазхаба Абу Ханифы[5], в случаях, когда физиологическая потребность вызывает непреодолимое желание, овладев всеми мыслями человека, может привести его к совершению прелюбодеяния (зина), разрешается облегчить состояние, только для того, чтобы не допустить большого греха – прелюбодеяния. Необходимо помнить, что данное разрешение дается только для того, чтобы человек избежал свершения тяжкого греха – зины, и, превращать это в привычку нельзя.

В любом случае, следует помнить, что наилучший путь контроля своих желаний (нафса) – это ораза, то есть пост. Потому что наш Пророк (с.г.с), советовал всем, кто не имеет возможности жениться держать пост. Поэтому, будет отрадно, если мусульманин прежде чем воспользоваться разрешением ученых, прибегнет к совету Посланника Аллаха (с.г.с), Пост помогает обуздать свои желания, подчинить их воле разума, а также является богоугодным делом, за который предписан сауаб – награда. Истина же ведома лишь Аллаху!

Абдусамат КасымПеревод с казахского Зарины Нокрабековой","[1] сура аль-муминун, 5-аят.
[2] Маусугатул фикһия аль-куайтия.
[3] Аль-Байхаки: «шухбатул иман». Хадис из разряда слабых.
[4] И другие хадисы подобного содержания признаны слабыми.
[5] Ибн Габидин: Раддул Мухтар – Китабус саум.",February,2,2016,8,2016-02-08,2026-01-08,3622,Rabi al-Thani
Не запрещает ли Ислам использовать навоз животного в качестве удобрений?,https://islam.kz/ru/questions/veroubejdenie/ne-zapreshaet-li-islam-ispolzovat-navoz-jivotnogo-v-kachestve-udobrenii-210/,"5 февраля 2016 г., 16:12",9354,35,"Ассалаям алейкум! Не запрещает ли Ислам использовать куриный или другой навоз животного происхождения в качестве минеральных удобрений? Не будет ли греховным употреблять в пищу овощи-фрукты, выращивая которые был использован навоз? Марат Шадибаев","Валейкум ассалям! Большинство ученых мазхаба не против использования животный навоз в качестве удобрения. Овощи и фрукты, выращенные с использованием навоза также не считаются нечистыми. Потому что навоз удобряет почву, обогащая ее, ноне проникает внутрь растущих на этой почве культур. Кроме того, в книгах есть свидетельства, что  сахаба Саад ибн Абу Укас удобрял почву человеческими фекалиями.  [1].

В связи с этим, согласно правилам ханафитского мазхаба, разрешено продавать, использовать в качестве топлива, удобрений навоз животного происхождения. Однако, человеческие испражнения могут продаваться лишь в перемешанном с почвой виде.[2].","[1] Аль-Маусугатуль Фикһия аль-Кууетия. 25/237 стр.
[2] Раддул Мухтар – Китабул Буюғ; аль-Фатауал Хиндия; Бахрур раик.",February,2,2016,5,2016-02-05,2026-01-08,3625,Rabi al-Thani
Можно ли сделать аборт кошке?,https://islam.kz/ru/questions/veroubejdenie/mojno-li-sdelat-abort-koshke-209/,"3 февраля 2016 г., 12:59",6560,4,"Ассалямалейкум ва рахматуллахи ва баракатух! Разрешено ли сделать прерывание беременности у кошки? Следует отметить, что кошка – уличная. Срок беременности меньше месяца. Ветеринар сказал, что противопоказаний для аборта нет. Но все же хотелось бы узнать ответ на этот вопрос с точки зрения шариата.

Айдана","Валейкум ассалям ва рахматуллахи ва баракатух!

Уважаемая Айдана! В шариате заключения о прерывании беременности касательно только людей. Поэтому, при необходимости, по показаниям делать аборт кошке (и другим животным) не запрещается. Однако, беременность должна прерываться медицинским путем, то есть квалифицированным специалистом, ветеринаром. Кроме того, перед операцией животному нужно дать обезболивающий препарат, для того, чтоб не допустить мучений.",,February,2,2016,3,2016-02-03,2026-01-08,3627,Rabi al-Thani
Почему воют собаки?,https://islam.kz/ru/questions/veroubejdenie/pochemu-voyut-sobaki-208/,"2 февраля 2016 г., 15:44",43511,53,Ассаламалейкум! Можете ли вы рассказать почему воют собаки? Мансур,"Валейкумассалам, Мансур! В целом, причин, вызывающих у собак вой, может быть множество. К примеру, так собаки сообщают о состоянии голода, если им холодно, или же при боли.

Кроме того, есть основания говорить о том, что собаки воют, когда видят нечистую силу (джиннов, шайтана). Основанием этому служит хадис, переданный сахабой Жабир ибн Абдиллой (р.а), свидетельствующем, что Пророк (с.г.с) говорил:

«Если вы услышите ночью вой собаки или рев осла, ищите убежища у Аллаха, произносите («Агузу биллахи минашшайтанин раджим»). Поистине они видят то, что не видите вы. [1].

Еще в одном хадисе гворится:

«Когда слышите пение петуха, просите у Всевышнего изобилия. Потому что петух поет, когда видит ангелов. Если же вы слышите рев осла (или вой собаки), ищите убежища у Аллаха(«Агузу биллахи минашшайтанин раджим»). Поистине он кричит, когда видит сатану. [2],

В арабском варианте последнего хадиса не говорится о вое собаки, однако,связав два хадиса, несложно понять, что собаки воют при виде шайтана.","[1] Абу Давуд - №5103
[2] Муслим – 2729; Бухари – 3303.",February,2,2016,2,2016-02-02,2026-01-08,3628,Rabi al-Thani
Читается ли жаназа по мертворожденному ребенку?,https://islam.kz/ru/questions/veroubejdenie/chitaetsya-li-janaza-po-mertvorojdennomu-rebenku-207/,"21 января 2016 г., 14:56",5850,28,,"Согласно ханафитскому мазхабу, если младенец рождается живым, затем умирает, прожив некоторое время, ему обязательно дают имя, совершают омовение, облачают в кафан (саван для покойных в Исламе),и читают жаназа (намаз-заупокойная молитва по покойному).

Если же плод рождается уже мертвым, омовения не делают[1], и хоронят, завернув в белую ткань, не читая жаназа [2]. Об этом наш любимый Пророк (с.г.с) говорил:«Если младенец, родившись, подал голос, и умер, через какое-то время, по нему читают жаназа, и считают его наследником. Если же плод после рождения не подавал голоса (то есть родился мертвым), омовение не совершают, жаназа не читают и наследником его не считают».[3]

Перевод Зарины Нокрабековой","[1] Аль Касани – 2/312
[2] а) Маргинани, Хидая – 1/148 бет. Бабуль жанаиз.;а) Маусули, Ихтияр – 1/316 стр
[3] Тирмизи -3503.",January,1,2016,21,2016-01-21,2026-01-08,3640,Rabi al-Thani
Являются ли последователи течения Ахмадия мусульманами?,https://islam.kz/ru/questions/veroubejdenie/yavlyayutsya-li-posledovateli-techeniya-ahmadiya-musulmanami-206/,"20 января 2016 г., 11:14",8168,17,"Ассаламалейкум! Один молодой человек все время пишет мне: «Пророк Иса умер, и он не будет воскрешен». На мои расспросы ответил, что он ученик Имама Махди, и является мусульманином Ахмади. Существует ли такое течение в Исламе? Нуркен Исаев.","Валейкум ассалам, Нуркен! Ахмадия – это название течения, возникшего в конце XIX века (1880 годы) в Индии. Его основатель – Мирза Гулам Ахмад (1835—1908). Второе название данного течения «Кадияния».

Мирза Гулам Ахмад распространял идеи, противоречащие основам верования Ислама. К примеру, он называл себя Махди, который, как известно, появится с приближением Судного Дня.[1] В своей книге «Фатхуль Ислам» говоря о том, что он и есть Махди, писал:

«О, люди! Если вы считаете себя верующими и религиозными, прославляйте Аллаха и совершайте сажда, в знак покаяния (шукр). Потому как пришло время, которого ждали ваши прадеды. Вы живете в это долгожданное время. Цените счастье, которое выпало вам. Не упускайте шанс. Повторяю, я и есть тот самый человек. Я был послан для того, чтобы возвысить правду и вновь зародить в сердцах людских веру».

Кроме этого, Мирза Гулам Ахмад, провозгласив себя пророком, объявил о том, что Аллах дает ему уахи (откровения) [2]:

«Я связываю свое пророчество со следующими явлениями: Мне дано счастье беседовать с Всевышним. Поистине, Аллах долго говорил со мной и дал ответы на мои вопросы. Так же Он открыл передо мной тайны мироздания…После этого он объявил меня пророком. То есть согласно приказу Аллаха, я – пророк…»

«В своем труде «Дополнительно к течению Ахмадия» он говорит: «Вера в то, что после пророка Мухаммеда (с.г.с) дверь в откровения от Аллаха закрыта навеки, безосновательна и бездоказательна…». Отмечая при этом, что таинство откровений не завершено на пророке Мухаммеде(с.г.с). В книге «Ценный якут» он также открыто заявлял о том, что ему было ниспослано откроение от Всевышнего:

« Я слышу откровения от Аллаха.  Аллах чист от ошибок, аяты, посланные мне, также верны, как и ниспосланный Коран. Клянусь Аллахом, я в это верю. Клянусь Аллахом, поистине это правдивые слова Его. Пречист и Един».

Для придания правдивости своих слов, он даже приводит аяты из Священного Корана,  добавляя туда свои слова, предъявлял их людям как «уахи» (откровение). К примеру:

«О, человек! Ты со своей супругой живите в раю. О, Мариям! Ты и твой супруг, живите в раю. О, Ахмад (Гулам)! Ты со своей супругой живите в раю». (Из книги Уахи Мукаддас)3].

Течение Ахмадия богато и на другие весьма несуразные верования. Например:

Заключение:

Верования и учения течения Ахмадия совершенно не соответствуют Исламу. Об этом ученые от Ислама, в том числе «Всемирная организация исламского фикха» опубликовала фетву, в которой говорится, что Мирза Ахмад Гулам, а также его последователи вышли из Ислама, то есть стали «муртад».[5]. То есть, последователи течения Ахмадия, не являются мусульманами.

Абдусамат КасымПеревод с казахского Зарины Нокрабековой","[1]
Махди, Мади
(с араб.: المهدي‎ — указывающий верный путь, ведущий путем Аллаха) — согласно религиозным учениям, это религиозный деятель, который родится в будущем, когда приблизится Судный День.  [2]
Уахи – Откровение.
Священный Коран был ниспослан пророку Мухаммеду (с.г.с) через откровения.  [3] Доктор Ъамир ан-Нажжар: фи мазахиби әл-Исләмия, ""аль-Қадияния"". Каир. 2003 ж.
[4] http://ar.islamway.net/article/1830
[5]http://www.fiqhacademy.org.sa/qrarat/2-4.htm#_ftn1",January,1,2016,20,2016-01-20,2026-01-08,3641,Rabi al-Thani
"Если произнести салават после слов аттхията в первоначальном сидении, нужно ли начинать намаз заново?",https://islam.kz/ru/questions/poklonenie/molitva-namaz/esli-proiznesti-salavat-posle-slov-atthiyata-v-pervonachalnom-sidenii-nujno-li-nachinat-namaz-zanovo-205/,"16 января 2016 г., 11:46",21073,3,"Ассалям алейкум!Если читая намаз, в середине молитвы после слов «аттахият» произнести «салават», нужно ли начинать намаз с начала?","Валейкум ассалям ва рахматуллахи ва баракатух!

Если при чтении намазов  фарз или витр, в котором три или четыре ракагат, в первоначальном сидении – кагда, после «ташаххуда» будет произнесен салават, то намаз далее читают, не прерывая. При этом, за запоздалое выполнение в намазе фарза (обязательного), а в вашем случае это киям третьего ракағата, то в конце намаза следует совершить «сажда саху».

Верующий, совершающий этот сажда, в последнем сидении после чтения «аттахията»,произнеся приветствие в правую сторону один раз[1], произносит «Аллаху акбар» и дважды совершает сажда. Потому что в хадисе говорится: «В каждом  сажда саху после приветствия совершается два сажда»[2].

После этого снова произносятся аттахият, салават и дуа, совершается приветствие в обе стороны и намаз завершается. Имран бин Хусайн свидетельствует: Пророк (с.г.с) будучи имамом, ошибся, и, в конце намаза, совершив дважды сажда, прочитав ташаххуд, произнес приветствие и только после этого завершил свой намаз»[3].

Абдусамат Касым

Перевод Зарины Нокрабековой","[1] Шүрунбүлали, «Имдадуль Фаттах». 482 бет.; Али аль-Кари, «Фатх». 1/349 бет.
[2] Абу Давуд - №1038; Ибн Мажа - хадис №1219.
[3] Абу Давуд – хадис №1039.",January,1,2016,16,2016-01-16,2026-01-08,3645,Rabi al-Thani
Можно ли окуривать (аластау) спичками или подожженным растением гармалой (адыраспан) колыбель (бесик) в Исламе?,https://islam.kz/ru/questions/veroubejdenie/mojno-li-okurivat-alastau-spichkami-ili-podojjennym-rasteniem-garmaloi-adyraspan-kolybel-besik-v-islame-204/,"13 января 2016 г., 14:42",33522,77,"Ассламалейкум! Некоторые казахи бесик (колыбель) и ребенка, лежащего в нем, окуривают (аластау) спичками или подожженным растением гармалой (адыраспан).Насколько это правильно? И соответствует ли это канонам Ислама?

Пусть будет вами доволен Аллах! Азамат","Валейкум ассалаям ва рахматуллахи ва баракатух!

«Аластау», что означает очищение огнем, произошло от слова «алас», то есть огонь. Само действие «аластау» уходит корнями вглубь веков, когда казахи исповедовали анимистическое и тотемистическое  верование. Можно с уверенностью говорить, что свое начало оттуда берет и ритуал очищения огнем. Поклонявшийся огню степной народ верил, что огонь нейтрализует негатив и избавляет от сглаза, дурного языка. С огнем обходили углы в доме, освящали колыбели, веря, что это способствует спокойному сну ребенка. При этом нужно было не просто обойти огнем углы и закоулки, но и приговаривать особые «волшебные» слова: «Алас, алас, алас, защитит от болезней, от сглаза, от злого языка». [1].

Ритуал окуривание огнем бесик (колыбельку) младенца, зародившись в далекие времена, когда казахи поклонялись огню, сохранился по сей день, хотя уже не так популярен. И еще можно увидеть мамочек с заправским видом, «очищающих» колыбельку или кроватку малыша спичками, приговаривающую «магические» слова.

«Анимистика» или «анимизм» ( от лат. animus — «душа» или «дух») –вера в одушевленность всей природы, всех вещей.

«Тотемизм» -религиозно-социальная система, в основании которой лежит культ так называемогототема. Вид поклонения, с которым считают себя родственно связанным и по имени которого себя называют.[2].

По шариату:

В Исламе (согласно шариату) нет ритуала или правила, согласно которому нужно совершать окуривание огнем колыбели или чего либо другого. Вместо этого, можно повесить амулет, в котором хранятся написанные аяты Священного Корана. Потому что сохранились данные, что сахаба Абдулла ибн Амр одевал детям амулеты с написанными внутри дуа, которым он научился у Пророка (с.г.с), а также, что этим дуа, сахаба обучал подростков. [3].

Перевод с казахского Зарины Нокрабековой","[1] «Традиционная система казахских этнографических категорий, понятий и названий»http://el.kz/
[2] https://kk.wikipedia.org/
[3] Тирмизи, Давват – 3528.
Подробней о ритуале «аластау» травой-оберегом (адраспаном), чт=итайте здесь:
http://islam.kz/ru/questions/veroubejdenie/mojno-li-izgonyat-djinnov-s-pomoshyu-rasteniya-garmala-adyraspan-3/#gsc.tab=0",January,1,2016,13,2016-01-13,2026-01-08,3648,Rabi al-Thani
"Правда ли, что младенцы улыбаются, когда видят ангелов?",https://islam.kz/ru/questions/veroubejdenie/pravda-li-chto-mladentsy-ulybayutsya-kogda-vidyat-angelov-203/,"11 января 2016 г., 13:32",58791,7,"Говорят, что младенец улыбается, когда видит ангелов. Есть ли основание этому в нашей религии?","Очень часто новорожденные улыбаются, смеются без видимых на то причин. Особенно, малыши смеются, когда лежат на спине, бывает смотрят не отрываясь, словно видят кого-то. Психологи называют это «рефлексным явлением». К примеру, малыш опорожняет мочевой пузырь по мере его наполнения, то есть следует потребностям организма. Удовлетворение простейших потребностей приносит удовольствие, то есть, если младенец сухой, чистый, и нигде не болит, то состояние комфорта вызывает у него непроизвольную улыбку. Однако, наука до сих пор не может объяснить, почему новорожденный улыбается и смеется.

Простой народ же старался найти объяснение этому в мире непознанного. Некоторые говорят, что младенцы улыбаются, когда видят ангелов, другие уверены, что улыбку у малышей вызывают отрадные картины из своей будущей жизни, которые они якобы видят. Согласно этой же теории, гримасы новорожденного зависят от картины будущей жизни, которую им показывают.

Но в Исламе нет оснований этим теориям. То есть, мы не нашли ни хадиса, ни слов сахабов, подтверждающих эти теории. Истина же ведома лишь Аллаху!

Перевод с казахского Зарины Нокрабековой",,January,1,2016,11,2016-01-11,2026-01-08,3650,Rabi al-Thani
"Обязательно ли прикрываать аурат, принимая ванну (душ) одному?",https://islam.kz/ru/questions/veroubejdenie/obyazatelno-li-prikryvaat-aurat-prinimaya-vannu-dush-odnomu-202/,"8 января 2016 г., 10:58",8219,6,"Можно ли находиться в бане, в отдельной кабинке,с неприкрытым ауратом, без изара? Баглан","При посещении общественных бань, саун желательно прикрывать аурат.[1]. Об этом в хадисе, переданном Жабир ибн Абдуллой, говорится, что Пророк (с.г.с) сказал: «Если же кто верит в Аллаха, в Судный День, пусть не заходит в баню без нижнего белья»,[2], заостряя внимание на том, что неприкрытый аурат даже в бане недопустим.

Если же человек принимает ванну, душ или другие  гигиенические процедуры в месте, закрытом для посторонних глаз, то прикрывать аурат не является обязательным, но будет «мустахаб» (желательное действие). В «сахих хадисах», приведенных в книгах, говорится о пророке Мусе, который не бывал в общественных банях (потому что там мужчины не прикрывали аурат), а моясь один, в закрытом от людских глаз месте, пророк не прикрывал аурат.[3].

Почему «мустахаб»? Один из сахабов спросил Пророка (с.г.с): «Человек иногда остается один, нужно ли и в эти минуты прикрывать аурат?». На что Посланник Аллаха ответил: «Стыдливость перед Аллахом важнее стыдливости перед другими»[4]. Поэтому, даже находясь одному в бане или ванной, желательно прикрывать аурат, хотя бы самые постыдные места.

Обратите внимание:

В банях и других местах, предназначенных для мытья, могут обитать джинны и другая нечистая сила. Поэтому, заходя нужно произносить дуа, которое говорится при входе в туалет или просто «бисмиллях». Когда верующий произносит «Бисмиллях» между ним и нечистью образуется невидимая глазу завеса, таким образом человек защитит свой аурат от влияния нечистой силы. По свидетельству, приведенном Азретом Али, Пророк (с.г.с) говорил:«Когда человек уединяется(«الخلاء»- то есть заходя в баню или туалет), пусть произносит «Бисмиллях», защитив тем самым свой аурат от нечистой силы» [5].","[1] Ибн Абидин, Раддуль Мухтар, «Китабуль Ижара»
[2] Тирмизи, Китабуль Адаб – 2801.
[3] Сахих Муслим:  Китабул хайз» - №339 хадис; Сахих Бухари:Китабул гусл - хадис №274.
[4] Тирмизи:Китабул адаб - №2769.
[5] Тирмизи - хадис №606",January,1,2016,8,2016-01-08,2026-01-08,3653,Rabi al-Awwal
Можно ли дома надевать одежду мужа?,https://islam.kz/ru/questions/dlya-jenshin/mojno-li-doma-nadevat-odejdu-muja-201/,"6 января 2016 г., 12:55",29329,24,"Ассалям алейкум, устаз! Разрешается ли женщине носить дома одежду мужа? Правильно ли  обобщенно понимать запрет, приведенный в хадисах:«…женщины не должны носить мужскую, а мужчинам запрещено одевать женскую одежду»?

Айдар","Валейкум ассалям, Айдар! Хадис, в котором говорится о запрете ношения одежды другого пола (женщинам запрещено надевать мужскую и наоборот), относится ко всем. Сахаба Абу Хурайра (р.а), свидетельствовал: «Пророк (с.г.с), проклял женщин, одевающих мужскую одежду, и мужчин, облачающихся в женские одеяния».[1].

Поэтому, женщинам не стоит одевать одежду мужчин, даже находясь дома, за исключением случаев крайней нужды. Потому что женщина и дома, перед мужем должна стараться сохранить присущую ей  женственность и нежность. Тогда как мужская одежда делает женщину угловатой, лишая ее очарования женственности. Нашим хранительницам очага следует помнить, что супруг, приходя домой должен видеть ухоженную, опрятную, нежную женщину, ни в чем не уступающую, а даже превосходящую нарядных женщин при полном макияже, которых он видит в течении дня на улице.

Перевод с казахского З.Нокрабековой",[1] Аль-Хаким: аль-Мүстадрак – Китабул атъима - №3087 хадис.,January,1,2016,6,2016-01-06,2026-01-08,3655,Rabi al-Awwal
Обязательно ли носить черный платок для соблюдения траура по близкому человеку?,https://islam.kz/ru/questions/semya/semya/obyazatelno-li-nosit-chernyi-platok-dlya-soblyudeniya-traura-po-blizkomu-cheloveku-200/,"30 декабря 2015 г., 10:45",10906,16,,"В старину у казахов овдовевшая женщина, облачалась в черную одежду, вплоть до головного убора. Согласно некоторым данным, жена, потерявшая мужа, должна была также снять все украшения и не надевать их до определенного времени.

Весьма интересно процесс прощания с близким человеком описал Мухтар Ауэзов в своем культовом романе-эпопее «Путь Абая». Читатель узнает, что во времена, описанные писателем, для покйного ставилась отдельная специальная юрта, в которой не было мебели, только весь пол застлали коврами. С правой стороны установили большую кровать с костяными украшениями, покрытую черным ковром, на этом ложе укладывали умершего. С правой стороны на юрту крепили знамя (полотнище, прикрепляемое к пике копья) . Цвет полотна зависел от возраста покойного. Если хоронили молодого - знамя было красным, почивший дожил до почтенного возраста, значит знамя белого цвета, если же покойный ушел  в расцвете сил, не состарившись – знамя состояло из двух цветов – белого и красного. Жены же и дочери умершего c повязанными на голове черными шалями, причитали, рассказывая о своей беде, о достоинствах ушедшего в специальной песне-плаче – жоктау...[1]

С течением времени традиция сошла на нет, и сейчас процедура похорон изменилась.

По шариату:

В шариате есть понятие, близкое к трауру, называемое«ихдад»(الإحداد).Согласно этому, вдова в течение четырех месяцев и десяти дней не носит украшения, не пользуется благовониями (духами), не наряжается, и не выходит из дома мужа без особой на то нужды.

Облачаться же в черную одежду, дабы таким образом выразить степень своего горя, необязательно. Однако и запрета на это нет, то есть если вдова захочет одеть черное, в этом нет ничего предосудительного. И лишь в некоторых религиозных книгах говорится, что предаваться горю и носить черное больше трех дней нельзя.  [2].

Следует отметить, что соблюдение ихдад – является фарзом (обязательным) для вдовы покойного, но для его дочери и сестер это мубах. При этом состояние мубах не должно длиться больше трех дней. Наш Пророк (с.г.с) говорил:

«Женщина, верующая в Аллаха и в Судный день не должна соблюдать ихдад (быть в трауре) больше трех дней. Вдова же соблюдает траур (ихдат) по своему ушедшему мужу четыре месяца и десять дней.[3].

Абдусамат Касым

Перевод с казахского Зарины Нокрабековой","[1] М.Ауэзов, Путь Абая: Смерть Божея
[2] Татархания, Китабут талак.; Раддул Мухтар - 10/352 бет; Хидая - Китабут талак.
[3] Сахих Бухари, Китабут талак –хадис №5024.",December,12,2015,30,2015-12-30,2026-01-08,3662,Rabi al-Awwal
Как относится шариат к теории телегонии? (влиянии первого полового партнера),https://islam.kz/ru/questions/meditsina/kak-otnositsya-shariat-k-teorii-telegonii-vliyanii-pervogo-polovogo-partnera-199/,"29 декабря 2015 г., 12:25",26429,81,"Ассалям алейкум! Что говорится в шариате относительно телегонии (влиянии первого полового партнера)? Пожалуйста, разъясните подробно. Заранее благодарю. Калдырхан.","Валейкум ассалям, уважаемый Калдырхан! Для начала дадим определение термину «телегония». Согласно этой гипотезе, возникшей в XIX веке, хромосомный след, оставленный в организме женщины первым сексуальным партнером, остается навсегда. И даже более того, выражается и в детях, рожденных впоследствии от других мужчин. Однако, современные ученые признали эту гипотезу бездоказательной. [1].

Конечно, хромосомы мужчины (партнера), остаются в организме женщины какое-то время, но по истечении определенного периода, они исчезают. Основываясь на трудах ученого института Альберта Эйнштейна Роберта Гиллхама, мождно утверждать, что для полного исчезновения хромосомного следа мужчины из организма женщины требуется около четырех (4) месяцев.  Кстати, это соответствует сроку, которое должна выждать женщина после смерти супруга - «идда» (сура аль-Бакара 234 аят).

Согласно правилам шариата, после развода или смерти мужа, женщина должна выждать определенный срок – «Идда-عِدَّةٌ». Смысловое значение слова «идда» - «вести счет», «считать».  Время, которое должна выждать вдова – 4 месяца и 10 дней.[2]. Разведенная женщина выжидает период, равный трем менструациям (примерно три месяца).

(Хромосомы(хромо… и греч. soma — тело)([1])— органоиды, присутствующие в ядре клетки, предназначенной  для хранения, реализации и передачи наследственной информации).

Заключение:

Шариат признает явление наследственности. Однако, это вовсе не телегония. Теория телегонии построена на гипотезе хромосомного следа, который, организм женщины якобы запоминает и хранит всю жизнь, передавая признаки первого партнера и потомству от последующих партнеров.

Наследственность же – это физиологические и биохимические особенности родителей, передаваемые от поколения к поколению. То есть «гены».

В целом, считаю, что понятие телегонии таит в себе социальную опасность, и даже может нанести вред, сыграть злую шутку в судьбе женщин, по разным причинам оставшихся без мужа, после развода или смерти супруга. Потому что мужчина, свято верящий в правдивость и незыблемость теории телегонии, не будет связывать свою жизнь с женщиной, уже побывавшей замужем.

По шариату, каждый потомок принадлежит своему отцу. Поэтому женщина после развода или овдовев, выждав определенное время, имеет право вновь выйти замуж. И дети, рожденные ею в новом браке, являются потомством ее нового супруга. И никакого отношения первый супруг к этому не имеет. Состоятельность гипотезы телегонии определяет наука, которая в настоящий момент, называет эту теорию бездоказательной.

Абдусамат Касым

Перевод с казахского Зарины Нокрабековой","[1]tts://ru.wikipedia.org/wiki/Телегония
[2] сура Аль-Бакара 234-аят.
[3] сура Аль-Бакара, 228-аят.",December,12,2015,29,2015-12-29,2026-01-08,3663,Rabi al-Awwal
Три вопроса о Новом Годе,https://islam.kz/ru/questions/raznoe/tri-voprosa-o-novom-gode-198/,"28 декабря 2015 г., 12:32",5878,74,,"- Ассалям алейкум! 31 декабря мои родители по традиции будут накрывать дастархан и празднично встречать новый год. Как быть, если будут звать и меня за стол, накрытый в честь нового года? Сахинур

- Валейкум ассалям! Если на столе нет спиртных напитков, алкоголя, то ничего предосудительного в том, что вы отведаете угощений, посидите вместе с родителями за дастарханом, нет. Согласно сведениям, имеющим место в сборнике хадисов Абу Бакра ибн Аби Шайба ""аль-Мусаннаф"", сахаба Абу Барза аль-Аслами (р.а) говорил своей семье: ""Если в честь праздника Наурыз мажуси (поклоняющиеся огню), принесут (в качестве угощения) фрукты, ешьте их. Ежели они принесут мяса, не употребляйте его""[1]. Поэтому, данный праздник не считается мусульманским, но в том, чтобы угощаться едой, приготовленной в честь празднования нового года, нет ничего запретного (плохого). Истина же ведома лишь Аллаху!

- 31 декабря родные, близкие и друзья поздравляют по телефону с наступающим годом. Будет ли грехом, если приняв их поздравления и пожелания, я также отвечу пожеланиями?Муслимка

- В целом, по шариату, отвечать на добрые пожелания, благодарить за теплые слова не является греховным. Поэтому, обвинить человека, пожелавшего, чтобы наступающий новый год был успешным, будет неверным и нетактичным. Истина же ведома лишь Аллаху!

- Моя маленькая дочь верит в Деда Мороза. Является ли это ширком? Дастан

- Во-первых, ребенок не несет ответственности перед Всевышним. Поэтому, если ребенок верит в то, что есть некий персонаж – Дед Мороз, не является ширком. Во-вторых, нет ребенка, который не верит в сказки и волшебные истории. И то, что ваша дочь верит в существование Деда Мороза – лишнее тому подтверждение. Однако, говорить дочери (детям вообще) о том, что «мы мусульмане и исполнить желания просим у Аллаха», нужно и важно, в этом сокрыт большой воспитательный смысл.

Думаем, что будет уместным привести здесь один хадис. Согласно свидетельству хадиса, описанного в сборнике Абу Давуда, у матери правоверных Аиши была игрушечный двукрылый конь. Аиша (р.а) рассказывала так:

Пророк (с.г.с) спросил у меня:

- Конь!, - ответила я.

- А что это у него по бокам?

- Два крыла.

- Так значит это двукрылый конь?!, - воскликнул Пророк (с.г.с). А я ответила:

- Я слышала, что у пророка Сулеймена тоже был двукрылый конь. На что Посланник Аллаха (с.г.с) засмеялся, обнажив зубы. [1].

Как видим из этого хадиса, Пророк (с.г.с) не порицал веру юной Аиши (р.а) в чудеса, и даже находил это забавным. Истина же ведома лишь Аллаху!

Абдусамат Касым

Перевод с казахского Зарины Нокрабековой","[1] Статья ""
О празднике Наурыз
"". Автор: Жумагулов Канат
[1]
Абу Давуд – Сунан: Адаб. Хадис №4932",December,12,2015,28,2015-12-28,2026-01-08,3664,Rabi al-Awwal
"Иногда на приветствие «Ассалямалейкум», отправленное в чате, некоторые отвечают коротко «уаг.ас». Правильно ли это?",https://islam.kz/ru/questions/raznoe/inogda-na-privetstvie-assalyamaleikum-otpravlennoe-v-chate-nekotorye-otvechayut-korotko-uagas-pravilno-li-eto-196/,"24 декабря 2015 г., 16:25",8652,97,,"–Отвечать на приветствие «Ассалаям алейкум» является ваджибом или фарзом? В разны источниках приводятся разные ответы. Какой позиции придерживается ханафитский мазхаб?

–Ответить на приветствие для одного человека является ваджибом, а для большинства фарз кифая. То есть, достаточно если на приветствие ответит кто-нибудь из джамагата, с остальных обязательство снимается.

–Сейчас время современных технологий. И все чаще и больше мы общаемся посредством социальных сетей, через гаджеты. Распространяется ли правило относительно приветствия, адресованного через Интернет, посредствомWhatsapp, будет ли это также ваджиб?

–Отвечать на приветствие адресованное вам через Whatsapp или электронную почту, в письменном виде или устно (даже если не слышит), является ваджибом.

–Иногда на приветствие «Ассалямалейкум», отправленное в чате, некоторые отвечают коротко «уаг.ас». Правильно ли это?

–На приветствие обязательно отвечать полноценно. Отвечать на приветствие сокращенно, вроде «уаг.ас», неправильно. Потому что в Священном Коране сказано: «Когда вас приветствуют, отвечайте еще лучшим образом или тем же самым. Воистину, Аллах подсчитывает всякую вещь»[1].

Абдусамат КасымПеревод с казахского Зарины Нокрабековой","[1] сура ан-Ниса , 86 аят.",December,12,2015,24,2015-12-24,2026-01-08,3668,Rabi al-Awwal
Можно ли употреблять кроличье мясо?,https://islam.kz/ru/questions/veroubejdenie/mojno-li-upotreblyat-kroliche-myaso-197/,"24 декабря 2015 г., 16:22",90379,429,"Ассалям алейкум! Я хотел спросить, можно ли употреблять в пищу мясо кролика? Ведь говорят, что будучи голодным, он способен съесть своего детеныша. Аслан Камбаров.","Ваалейкум ассалям!Мясо кролика считают «харамом» и не употребляют в пищу шииты*. Ученые же Ахли Сунны Джамаата считают мясо кролика дозволенным. Потому что в хадисах есть сведения о том, что сахабы и Пророк (с.г.с), употребляли в пищу кроличье мясо[1]. Имам Навави (м.1233-1278 ж.) так говорил об этом:

(*Шииты (араб.:شيعة‎ —группа, течение, секта) — течение, возникшее после смерти пророка Мухаммада.  Они уверенный что быть халифом после смерти Пророка достоин Азрет Али. А то, что Абу бакр и Омар является халифом, считали незаконным. Шииты (особенно рафизиты) обвиняют нескольких сахабов в лицемерии, назвав их мунафиками, они также обвинили мать всех правоверных Аишу в прелюбодеянии. Шиизм исповедуют В Иранской Исламской Республике[3]).","[1] Сахих Бухари – Китабул һиба, бабу кубули һадиятис сойд. №2433
[2] Имам Навави, шарх Сахих Мүслима. Хадис №1953.
[3] Подробно о различиях между суннитами и шиитами вы можете прочитать здесь:  (орысша):
http://islam.kz/ru/questions/veroubejdenie/sunnity-i-shiity-v-chem-razlichiya-110/#gsc.tab=0",December,12,2015,24,2015-12-24,2026-01-08,3668,Rabi al-Awwal
Можно ли дома ставить ёлку? Как относится к этому шариат?,https://islam.kz/ru/questions/veroubejdenie/mojno-li-doma-stavit-elku-kak-otnositsya-k-etomu-shariat-195/,"21 декабря 2015 г., 13:10",80954,33,"1.Ассаламу алейкум! Будет ли грехом, если дома поставить елку? Опубликуйте пожалуйста, подробный ответ. Да будет вами доволен Аллах. Батырбек

2.Здравствуйтте! Подскажите, можно ли наряжать и ставить дома елку, не с целью праздновать Новый год, а для того, чтобы украсить дом? Как относится Ислам к этому? Шынар","Валейкум ассалям ва рахматуллахи ва баракатух!

В целом, такое почитание к елке  встречается в традициях многих древних народов. Например, в Древней Греции ель считалась священным деревом бога охоты Артемида, а народность «ханты» накануне нового года в честь елки приносили в жертву животное, удмурты же и вовсе поклонялись лесной красавице, зажигали свечи.

(Ханты — народность,преимущественно населяющая Ханты-Мансийский автономный округ в России. Удмурты –народность, проживающая в одноименном автономном округе РФ.).

Традиция наряжать елку берет начало в истории древнегерманского народа, свято веривших, что ель – это лесная королева. В новогодние праздники они шли в лес, выбирали елку, а после украшали ее кусочками разноцветной ткани, свечками. К тому же возле украшенной ели проводили религиозные обряды. Со временем елку начали приносить в дом, по обычаю наряжая ее уже дома.

С приходом христанства и распространением христианской религии среди немецкого народа, изменились и мотивы столь трепетного отношения к ели. Зеленое деревце стало атрибутом не только нового года, но и Рождества – религиозного христианского праздника. Постепенно ель утратив статус «лесной королевы» стала олицетворением древа жизни, находящееся в Эдеме- вечном раю описанное в Библии, на земле [1].

Кроме того,  в 17 веке появилась традиция подвешивать елку стволом кверху. В таком перевернутом виде елка представляла собой лестницу, идущую с неба. А яблоки и сладости, подвешенные на елке, были символом сладкой жизни в раю.[2].

Почему почитали именно ель, а не другое дерево?

У древнегерманского народа существовала традиция праздновать ночь «йоль», выпадавшую на самую длинную ночь в году с 21 на 22 декабря. Местный народ в честь сезона Йонь делали торжество. В понимании древнегерманского народа, вечнозеленые растения олицетворяли собой «вечность», «жизнь»[3]. Неудивительно, что в качестве дерева почитания была выбрана ель.

На Руси начало традиции наряжать ель в 1819 году положил князь Николай Павлович, по просьбе супруги Шарлотты- уроженки Пруссии.

В 1915 году, царь Николай ІІ издал указ, запрещающий наряжать елки. Вскоре большевики, придя к власти проявили лоялность к традиции, осатвшейся с царских времен. Стоит отметить, что даже вождь пролетариата В.И.Ленин очень любил новогодние елки. Однако. После смерти Ленина, наряжать елку считалось преступным, и в 1926, 1929 годах коммунисты запретили наряжать елку, также как и праздник Рождества.

И только в 1935 году, с легкой руки второго секретаря Укаринского Центрального Комитета (ЦК) Павла Постышева, традиция украшать елку на новый год вернулась в обиход. Во время встречи со Сталиным в Москве, Постышев спросил у Сталина, почему бы не вернуть этот праздник детям. Грозный глава страны советов дал согласие. С тех пор миллионы мальчишек и девчонок наряжают ель, предвкушая скорый праздник, и ни одно мероприятие в канун нового года не проходит без этого символа - ели.  [4].

Естественно, что эта традиция пришла и прижилась и в нашей стране, бывшей в составе большое империи – Казахской ССР.

По шариату:

В целом Ислам не поощряет, когда мусульмане повторяют религиозные ритуалы, стремление подражать чужим религиозным традициям. Наш Пророк (с.г.с) говорил:

«Кто уподобляется какому-то народу, тот становится одним из них»[5].

И хотя первоначальное значение действия (наряжать елку) и философия забыты, а многие из нас воспринимают и относятся к елке лишь как к одному из обязательных символов нового года, в корне деяния лежит стремление поражать чуждым идеалам. Поэтому мусульманам живущим в соответствии в канонами Ислама, ставить дома елку нецелесообразно.

При этом, не стоит воспринимать тех, кто все же решил украсить дом наряженной елкой, исключительно как грешников. Здесь необходимо помнить и придерживаться определения «ат-тадарудж», означающее, «постепенность». Со времен зарождения Ислама, некоторые запреты по религиозным соображениям проводились обоснованно и не спеша. К примеру, даже употребление алькоголя и рабовладение было искоренено постепенно.

Не стоит забывать об использовании принципа «постепенность», который является одним из основ ""даавата"", и что все деяния в Исламе оцениваются относительно намерения, с которым они были проведены. Вся Истина ведома лишь Аллаху!

Абдусамат Касым

Перевод с казахского Зарины Нокрабековой","[1] Рождественская елка, Е.В.Душечкина.
[2] http://foma.ru
[3] Рождественская елка, Е.В.Душечкина.
[4] https://ru.wikipedia.org/wiki/
[5] Абу Давуд, Либас – 3512.",December,12,2015,21,2015-12-21,2026-01-08,3671,Rabi al-Awwal
Как шариат относится к понятию «кіндік  шеше»?,https://islam.kz/ru/questions/veroubejdenie/kak-shariat-otnositsya-k-ponyatiyu-kindik-sheshe-194/,"12 декабря 2015 г., 12:36",12477,83,"1.Не запрещает ли Ислам быть «кіндік  шеше?

Г.Оспанова

2.Как шариат относится к понятию «кіндік  шеше»?

Турсынгуль","Для начала давайте рассмотрим понятие «кіндік  шеше». В прямом и первоначальном значении – это женщина, перерезавшая пуповину малыша при рождении. В давние времена, когда больниц не было, и роды на дому были привычным явлением, кроме повивальной бабки, ведающей делами акушерскими, обязательно присутствовала«кіндік  шеше» - женщина, перерезающая пуповину. У казахов перерезавшая пуповину женщина на всю жизнь приобретала особый статус, уважение и даже определенные права в отношении ребенка. Кроме функционального значения «кіндік  шеше» представляла моральную значимость, давая семьям дополнительный повод для общения, сближения. Так, чисто гигиеническая процедура у казахов не просто обрела смысл, но и стала частью традиции.

В мире современном, когда таинство рождения происходит в клинических условиях, понятие «кіндік  шеше» стало номинальным, не утратив при этом своей моральной, духовной ценности.

В исламе такого понятия нет, однако, как известно, наша религия не запрещает, и даже поддерживает традиции, не противоречащие шариату. Поэтому называться «кіндік  шеше» и выполнять роль второй мамы, по сути, Ислам не запрещает.

При этом следует отметить, что «кіндік  шеше» не является родственной связью. Если же волею случая, к примеру, названый сын «кіндік  шеше» будет сватать родную дочь «кіндік  шеше», в этом нет ничего предосудительного.",,December,12,2015,12,2015-12-12,2026-01-08,3680,Rabi al-Awwal
"Нет ли греховного в том, чтобы продавать специальные новогодние сладости и подарки?",https://islam.kz/ru/questions/veroubejdenie/net-li-grehovnogo-v-tom-chtoby-prodavat-spetsialnye-novogodnie-sladosti-i-podarki-193/,"10 декабря 2015 г., 11:57",6681,6,"Ас-саламу алейкум уа рахматуЛлахи уа баракатуху! Я работаю в компании по изготовлению кондитерских изделий (халва, конфеты и печенье). Наша продукция имеет знак халал, но на декабрь месяц происходит изготовление ""Новогодних подарков"". Является ли грехом продажа именно новогодних подарков, что мне делать в данной ситуации? Отказаться от продажи этой категории? Малика.","Ва алейкум ассалям ва рахматуллахи ва баракатух!

Уважаемая Малика!

Если в новогодних подарочных упаковках нет предметов, запрещенных шариатом, то ничего греховного в том, чтобы продавать их, нет. К примеру, нельзя продавать алкоголь, сладости, содержащие алкоголь, предметы с изображением атрибутов других религий (например, будды, и т д).

Продавать же различные подарочные (сладкие) наборы для нового года, хлопушки, фейерверки, игрушки и другие вещи, не противоречащие канонам шариата, разрешено. Истина же ведома лишь Аллаху!",,December,12,2015,10,2015-12-10,2026-01-08,3682,Safar
Говорят в Аду будут гореть даже камни. В чем сокровенный смысл этого?,https://islam.kz/ru/questions/veroubejdenie/govoryat-v-adu-budut-goret-daje-kamni-v-chem-sokrovennyi-smysl-etogo-192/,"8 декабря 2015 г., 14:36",7625,22,"Ассаляму валейкум! В ряде хадисов пророк (с.г.с) говорит о том, что в Аду будут гореть даже камни. Есть ли причина, разъясняющая это или сокровенный смысл? Шынар","Валейкум ассалям, Шынар! В Коране говорится:«…побойтесь Огня растопкой которого являются люди и камни. Он уготован неверующим»[1].

До прихода Ислама было широко распространено идолопоклонство. Большинство арабов поклонялись рукотворным каменным идолам. Они свято верили, что эти каменные изваяния будут для них защитой в загробном мире. Незыблемость постулатов и слепую веру мушриков в пух и прах разносит приведенный аят. Говоря о бесполезности и беспомощности камней, которые сами послужат растопкой для Огня, Коран словно показывает, что ждать милости, помощи от каменных идолов, как и кого или чего бы то ни было, кроме Аллаха, глупо и нелепо.

Вместе с тем слово «камень», приведенный в аяте, может означать и «уголь». Всем известно, что жар от угля лучше, чем от дерева.

Как бы ни было, очевидно, что в  словах «камень» и «огонь» аяте сокрыт сокровенный смысл. Кто знает, возможно в будущем будут проведены лабароторные исследования и дан более точный научно обоснованный ответ.",[1] аль-Бакара  24-аят.,December,12,2015,8,2015-12-08,2026-01-08,3684,Safar
Обязательно ли попадание воды в дырочки от сережек в ушах при полном омовении?,https://islam.kz/ru/questions/dlya-jenshin/obyazatelno-li-popadanie-vody-v-dyrochki-ot-serejek-v-ushah-pri-polnom-omovenii-191/,"7 декабря 2015 г., 14:32",12959,51,"Ас-саляму алейкум ва рахматуллахи ва баракатуху!Подскажите, когда женщина совершает полное омовение (гусль) обязательно ли, чтобы в дырочки для сережек в ушах попала вода? Серикжан","Ва алейкум ас-салям ва рахматуллахи ва баракатуху!

Ученый ханафитского мазхаба Хасан аш-Шурунбуляли (Х.993-1069 ж.) в своей книге по фикху «Маракил Фалях» отмечал:

«При совершении гусль женщина обязательно должна подвигать сережки, потому что дырочки от них очень маленькие…»

То есть, женщина при совершении полного омовения (гусль), должна подвигать сережки, для проникновения в отверстия воды. Это относительно вопроса о совершении гусля женщинами при наличии у них сережек. Если же сережек в ушах нет, то промывать эти дырочки не обязательно.",,December,12,2015,7,2015-12-07,2026-01-08,3685,Safar
Запрещено ли в Исламе готовить куклы для детей и продовать их?,https://islam.kz/ru/questions/torgovlya/zapresheno-li-v-islame-gotovit-kukly-dlya-detei-i-prodovat-ih-190/,"4 декабря 2015 г., 15:21",14339,46,"Здравствуйте! Я хотела бы сама изготавливать игрушки. Подскажите, не запрещено ли это в Исламе, говорится ли в Коране относительно этого?","Здравствуйте! Готовить куклы для детей и игрушки в форме фигур (изваяний) одушевленных существ, разрешено [2].  Потому что в сборнике хадисов Абу Давуда, есть хадис, в котором говорится об игрушке матери правоверных Аишы , в виде  крылатого коня. Об этом сама Аиша говорила так:

Пророк (с.г.с) спросил у меня:

- Что это?- Конь! – ответила я.- А что это у него по бокам?- Два крыла.- Значит это двухкрылый конь.- Я слышала, что у пророка Сулеймана (с.г.с) был двухкрылый конь, - сказала я, и Посланник Аллаха (с.г.с) засмеялся, обнаджив свои зубы [3].

Резюмируя вышесказанное, можно сказать, что наша религия не запрещает детские игрушки, играть ими, продавать, покупать. Нужно лишь помнить, что в игрушках,которые вы продаете или покупаете, готовите, не должно быть деталей, образов, силуэтов, отрицательно влияющих на психику ребенка, или же приучающего его к непристойным вещам.","[1]аль-Маусугатуль Фикһия – 12/112 бет. Кувейт.
[2]абу Давуд, Адаб– хадис №4932.",December,12,2015,4,2015-12-04,2026-01-08,3688,Safar
Разрешено ли в Исламе селфи?,https://islam.kz/ru/questions/raznoe/razresheno-li-v-islame-selfi-189/,"2 декабря 2015 г., 12:45",20243,146,Есть ли фетвы относительно селфи? Можно или нельзя? Прошу дать по возможности подробный ответ. Пусть будет вам благоденствие от Аллаха! Ризагали,"Уважаемый Ризагали!

XXI век – время новейших технологий. Многие вещи, о которых даже в прошлом XX веке могли лишь мечтать или видеть в фильмах жанра фэнтези, сегодня стали обыденными товарами. К примеру, даже в 90-х годах прошлого столетия вряд ли кто мог подумать, что можно будет звонить всего лишь прикасаясь к экрану мобильного телефона. Сейчас мы делаем это постоянно, используя сенсорные телефоны. Тоже можно сказать о компьютерах,флешках, планшетах, виртуальной лазерной клавиатуре, фильмах в формате 3D, 5D, 7D.

Вместе с суперсовременной техникой, гаджетами в нашу жизнь пришли новые, доселе неизвестные психологические явления. «Селфизм» и есть один из них.

Селфи – по мнению психологов, вид эксгибиционизма, условно назвать его можно «сетевым» (повышенная склонность к самолюбованию, рекламированию себя). Селфизмом увлекаются чаще всего люди, которые нуждаются во внимании и признании других. Выкладывая свои фотографии в широкий доступ, они получают моральное удовлетворение от «лайков», повышается самооценка. При этом с виду безобидное увлечение селфи и «лайками» ведет к духовному обнищанию и даже может привести к депрессии. Психологи считают, что у людей, страдающих «селфизмом», присутствуют  психологические нарушения.

Специалисты называют XXI  век веком «нарциссизма». И по их мнению, именно «сетевой эксгибицинизм» в числе других причин привело к переоценке моральных ценностей, нарушив веками сложившиеся традиции родственных и дружеских отношений. И все чаще многие из нас беседе и живому общению с друзьями предпочитают жизнь в сети, отслеживая количество лайков и комментариев.

(*Нарциссизм– самовлюбленность, излишне повышенная самооценка)

Согласно шариату:

Как известно, во времена Пророка (с.г.с) не было фотоаппаратов и проблемы «селфизма». Поэтому относительно этого явления современные ученые от религии сделали заключение «ижтихад» и вынесли фетву. Надо отметить, что многие из них не видят ничего предосудительного в том, чтобы фотографироваться.

Однако, основная цель селфи – не просто запечатлеть себя в кадре, а желание хвастовства, стремление повысить свою значимость, обратить на себя внимание.

В Исламе конечной и главной целью каждого действия является обретение довольства Всевышнего. Поэтому, действия некоторых мусульман читающих намаз, совершающих курбан или хадж в режиме «селфи» обесценивает морально-психологическую ценность понятия «ради довольства Аллаха», на котором, по сути зиждется вера. Также это противоречит заповеди пророка (с.г.с): «Пусть левая рука не ведает о милостыне (садака), которую дает правая рука».

Нередко увлекаются селфи и сестры мусульманки, используя различные ужимки (надувая губы, натяжно улыбаясь и т.д). Тогда как Посланник Аллаха (с.г.с), приравнивал к прелюбодейке женщину, которая надушившись (благовоняими, духами) прошла мимо чужого мужчины с целью привлечения внимания к себе. Кроме того, приверженность к селфи взращивает в характере человека хвастовство, качество-порицаемое в Исламе. Известно, что Аллах не любит хвастливых.

Заключение:

В заключение отметим, что в целом фотографироваться не запрещается. Однако, мы считаем, что «селфизм» не соответствует и даже противоречит исламским моральным устоям. Истина же ведома лишь Аллаху!

Абдусамат Касым

Перевод с казахского Зарины Нокрабековой",,December,12,2015,2,2015-12-02,2026-01-08,3690,Safar
"Можно ли молиться, используя наушники, пока не выучил суры для намаза?",https://islam.kz/ru/questions/poklonenie/molitva-namaz/mojno-li-molitsya-ispolzuya-naushniki-poka-ne-vyuchil-sury-dlya-namaza-188/,"30 ноября 2015 г., 13:38",24618,429,"Ассаляму алейкум! Можно ли читать намаз при помощи наушников, если исполнять пятикратную молитву начал недавно и наизусть слов пока не знаешь? Султан","Ва алейкум ассалям, Султан!

Имам Агзам Абу Ханифа говорил: «Если во время намаза заучивать аяты Корана (которые до этого не знал), с помощью кого-то, намаз нарушается»

Исходя из этого, можно сделать вывод, что читать намаз, молиться прибегая к помощи наушников, неправильно. Потому что это тоже означает «…заучивать аяты Корана с помощью другого». Поэтому постарайтесь как можно быстрее выучить суры Корана и дуа, необходимые для чтения намаза. Истина же ведома лишь Аллаху!",,November,11,2015,30,2015-11-30,2026-01-08,3692,Safar
"Какое дуа читать, если в сердце печаль и грусть?",https://islam.kz/ru/questions/raznoe/kakoe-dua-chitat-esli-v-serdtse-pechal-i-grust-187/,"25 ноября 2015 г., 12:05",82296,48,"1. Здравствуйте! Подскажите, какое дуа читать, обращаясь за помощью к Аллаху когда тяготы и проблемы бренного мира окружили плотным кольцом? Т.

2. Здравствуйте! Не могли бы вы написать, какую суру лучше читать, для того, чтобы быть терпеливым, сохранять сабр даже в самых тяжелых ситуациях? А.","Всем доброго дня. Поделюсь с вами одним дуа. Если прочесть его в минуты, когда вами овладевает грусть, когда сердце полно печали, а душа болит, по воле Всевышнего ваше сердце успокоится, душа наполнится покоем. Читать нужно внимательно, несколько раз.:

«ХасбунаЛлаху, саю’тинаЛлаху мин фадлихи, иннаа илаЛлахи роогибуун!»

Смысл дуа: «Нам достаточно Аллаха. Аллах нас одарит своей милостью. Без сомнения, мы просим лишь у Аллаха. И ждем помощи лишь от него».",,November,11,2015,25,2015-11-25,2026-01-08,3697,Safar
"Разрешено ли по шариату держать в клетке птиц, в аквариуме рыбок?",https://islam.kz/ru/questions/veroubejdenie/razresheno-li-po-shariatu-derjat-v-kletke-ptits-v-akvariume-rybok-186/,"21 ноября 2015 г., 12:54",15262,26,"Ассалаям алейкум ва рахматуллахи ва баракатух! Скажите, не запрещает ли Ислам держать дома в клетке птиц, в аквариуме рыбок? Заранее благодарен, да будет вами доволен Аллах! Серикжан","Валейкум ассалам ва рахматуллахи ва баракатух!

Сахаба Анас ибн Малик (р.а) передавал:

«Посланник Аллаха (с.г.с) обладал лучшим нравом среди людей. У меня был младший брат. Его называли «Абу Умайр» ( по-видимому, это было время, когда его только отлучили от груди), и у него былКанареечные вьюрки(жёлтые снегири), с которой он игрался. Пророк (с.г.с) каждый раз. Бывая у нас спрашивал у Абу Умайра: «О, Абу Умайр! Как поживает твой маленький питомец?»[1].

(Канареечные вьюрки()илижёлтые снегири()(лат.Serinus.араб.النُغَر) — родпевчих птициз семействавьюрковых).

Основываясь на данном хадисе, исламские ученые пришли к выводу, что содержать дома птиц в клетках не возбраняется. Лишь нужно с должной заботой, вовремя кормить. Потому что в другом хадис приведен пример о женщине, которой за то, что уморила голодом кошку, был уготован ад  [2].

Учитывая вышесказанное, считаем, что содержать рыбок в аквариуме также не запрещено.","[1] Сахих Бухари - №5762; Сахих Мүслим - №4010
[2] Сахих Мүслим – хадис №2242.",November,11,2015,21,2015-11-21,2026-01-08,3701,Safar
Меняет ли дуа судьбу?,https://islam.kz/ru/questions/veroubejdenie/menyaet-li-dua-sudbu-185/,"20 ноября 2015 г., 14:37",8012,7,"Ас-саляму алейкум! Скажите, изменяет ли дуа судьбу? Мадияр","Ваалейкум ас-салям! Уважаемый Мадияр, в хадисе приведенном сахабой Салманом аль-Фариси, Пророк (да благословит его Аллах и приветствует) говорит: «Предназначение судьбы можно изменить лишь с помощью дуа. Жизнь можно продлить лишь посредством добрых дел» [1].

Арабское слово «қаза'» в данном хадисе мы перевели как «предназначение» в значении «судьба».

В другом хадисе Посланник Аллаха (да благословит его Аллах и приветствует) говорил: «…Тяготы, уготованные человеку, прежде чем обрушиться на его голову, встречаются с его мольбами, дуа, обращенными к Всевышнему. И их борьба происходит вплоть до Судного Дня», отмечая, что мольбы верующего способны предотвратить разные беды.

В целом, понятие «суждено», «судьба» мусульманские ученые делят на два вида:

Заключение:

В качестве вывода хочется привести слова известного исламского богослова Имама Газали (м.1058-1111 г.): «Дуа – приближает хорошее и отдаляет бедствия. Так же, как урожай зависит от посева, а щит служит защитой от стрел» [3].","[1] Тирмизи, Китабул Кадар. Хадис №2139.
[2] аль-Хаким, аль-Мүстадрак. Хадис (699) №1856.
*Более подробно по вопросу судьбы, ее предназначении можете прочесть, перейдя по следующей ссылке:
http://www.islam.kz/kk/articles/aqida/arturli/tagdyrdy-qalai-tusinemiz-ustaz-ben-shakirt-arasynda-bolgan-suhbat-825/#gsc.tab=0
[3] Ихя улумиддин.",November,11,2015,20,2015-11-20,2026-01-08,3702,Safar
Какое дуа читать переезжая в новый дом?,https://islam.kz/ru/questions/veroubejdenie/kakoe-dua-chitat-pereezjaya-v-novyi-dom-183/,"17 ноября 2015 г., 14:56",34150,45,"Ассалям алейкум! Я к вам обращаюсь по просьбе своей матери. Скажите существует ли специальное дуа, которое нужно читать, заезжая в новый построенный дом, или же просто при переезде, смене места жительства?","Валейкум ассалаям! Относительно этого вопроса в сборнике хадисов «Сахих Муслим» приведен хадис. Сахаба из числа женщин Хаула бинт Хаким ас-Суламия свидетельствовала, что Пророк Мухаммед (с.г.с), говорил:

«Если кто поселяясь в каком либо доме прочитает это дуа, плохое будет обходить его стороной вплоть до его переезда в другое место: «Агузу бикалиматиЛЛяхит Таммати мин шарри маа Халяк»[1].

Содержание дуа: «Защищаюсь совершенными словами Аллаха от зла сотворенных творений»

Также хотелось бы отметить, что в домах, где читают намаз и читают Коран есть благоденствие – береке. Поэтому желательно читать пятикратный намаз, воздерживаться от греховных деяний (не употреблять спиртное). Следует помнить о том, что пропитание для своей семьи нужно добывать честным и дозволенным Всевышним путем, по мере возможности давать садака.","[1] Сахих Муслим, Китабуд дуъа уаз зикр.  Хадис №4887",November,11,2015,17,2015-11-17,2026-01-08,3705,Safar
"Разрешен ли в Исламе ""временный брак""?",https://islam.kz/ru/questions/semya/nikyah/razreshen-li-v-islame-vremennyi-brak-182/,"16 ноября 2015 г., 11:58",13157,429,"- В последнее время нередко говорят о «временном» браке. Расскажите подробней об этом, обязательно ли брак должен заключаться на всю жизнь?","- Согласно фикху (шариатскому праву) временный брак называют «Никах Муаккат». При заключении временного брака оговаривается срок, до какого дня действительно супружество. Например, перед двумя свидетелями произносится:«…беру в жены такую-то на один месяц или один год, и т д».

Однако, следует отметить, что в шариате брак – никах заключается с целью прожить с определенным человеком всю жизнь, а не несколько дней или месяцев, лет. Поэтому, по мнению ученых как Ханафитского, так и других мазхабов, временный никах рассматривается как «никах фасид».То есть заключенный  с намерением временного супружества брак, с точки зрения шариата браком не считается, и никакой силы не имеет.

Выдающийся исламский законовед, ученик имама Абу Ханифы Имам Зуфар (728-775 ж), отмечал, что никах заключается на всю жизнь, и временным быть не может. И даже если кто-либо заключит временный брак, оговорив сроки, никах будет считаться полноценным, обретая все права, как при никахе,заключенным на всю жизнь. А оговоренный срок (в период которого брак был бы действителен), теряет свою силу (согласно правилам фасид).

Заключение:

Основываясь на мнении разных ученых, можно резюмировать, что временно заключенный никах – браком не является. И молодые, вступившие в такой брак, супругами не считаются. Истина же ведома лишь Аллаху!",,November,11,2015,16,2015-11-16,2026-01-08,3706,Safar
Правильно ли говорить «Құда қаласа»?,https://islam.kz/ru/questions/veroubejdenie/pravilno-li-govorit-quda-qalasa-181/,"13 ноября 2015 г., 10:37",9416,36,"Ас-саляму алейкум!Скажите насколько правильно говорить «Құда қаласа», ведь в казахском языке слово «құда» означает «сват». Не получится ли, что это будет означать «если захотят сваты»? Ерасыл","Ваалейкум ас-салям, Ерасыл!

В казахском языке слова«Құда»и«Құдай»заимствованы из персидского языка. Значение обоих слов одинаково –«Создатель». А если быть точными, слово «Құда» в персидском«خدا - Худа означает (Всевышний, Бог)»а слово «Құдай» -«خدای-Худай (Мой Бог, Мой Создатель)»  является аналогичным примером в казахском языке.

Кроме того, можно отметить, что и казахское «Құда», и персидское «Худа», являются производными от арабского «Һүдә-هُدى», что означает «шариат», «верный путь», «хидаят».

То есть словосочетание «Құда қаласа», существующее в обиходе нашего народа уже не первый десяток лет, означает «Если Аллах пожелает» - «Алла қаласа» - «Ин ша Аллах». И сваты тут явно не при чем. Аллаху алим!",,November,11,2015,13,2015-11-13,2026-01-08,3709,Safar
Можно ли супругам вместе мыться в бане?,https://islam.kz/ru/questions/semya/semya/mojno-li-suprugam-vmeste-mytsya-v-bane-180/,"10 ноября 2015 г., 16:28",10326,66,"Ассаламалейкум! Я хотел узнать, не запрещено ли супругам совместно мыться в бане?","Валейкум ассалям! Совместное купание супругов в бане не является грехом. Потому что супруга Пророка (ﷺ) Маймуна рассказывала о том, что мылась вместе с мужем – Посланником Аллаха в бане. [1].

Однако не стоит забывать,что баня – место обитания джиннов, нечистой силы. Поэтому при входе не забудьте произнести «Бисмиллях». Благодаря этому между человеком и нечистью появляется завеса, что защищает аурат от воздействия джиннов и шайтана.

Азрет Али свидетельствует, что Посланник Аллаха (ﷺ) говорил:

«Если человек, уединяясь, входя в туалет или баню скажет «Бисмиллях», он тем самым защищает свой аурат от воздействия джиннов и нечисти»[2].","[1] Сахих Мүслим.
[2] Тирмизи – хадис №606",November,11,2015,10,2015-11-10,2026-01-08,3712,Muharram
Какое дуа поможет в уплате долга?,https://islam.kz/ru/questions/veroubejdenie/kakoe-dua-pomojet-v-uplate-dolga-179/,"10 ноября 2015 г., 16:13",5454,27,"Ассаляму алейкум, брат! Какое дуа нужно читать человеку, погрязшему в долгах? Джанан","Валейкум ассалям, Джанан! В  бытность Азрета Али халифом, к нему подошел человек с вопросом: «О, правитель муминов (мусульман)! Я не в состоянии выплатить долг «мукатаба»( хозяину, согласно заключенному ранее договору). Окажи мне помощь!». На что  Азрет Али ответил: «Научить тебя словам, которым научил меня Пророк (с.г.с)? (Если ты будешь их произносить) Всевышний поможет (одарит тебя ризыком, благополучием) тебе расплатиться с долгами, даже если они громадны словно гора Сир. Говори так: «Аллахуммак финии бихаляялика ан хароомик. Уа агнинии бифазликя амман сиуаак!»[1].

Смысл этих слов таков: «О, Аллах! Сделай так, чтобы дозволенное Тобой избавило меня от необходимости обращаться к запрещенному Тобой. И по милости Своей избавь меня от необходимости в ком бы то ни было, кроме Тебя!»

*Мүкатаба – договор между рабом и хозяином, о выкупе рабом своей свободы за определенную сумму.

*Гора Сир – гора, расположенная на северо-западе г.Медины","[1] Тирмизи, №3515; аль-Хаким, аль-мүстадрак - №1907 хадис.",November,11,2015,10,2015-11-10,2026-01-08,3712,Muharram
"Можно ли взять кредит для того, чтобы поехать на хадж?",https://islam.kz/ru/questions/poklonenie/molitva-namaz/mojno-li-vzyat-kredit-dlya-togo-chtoby-poehat-na-hadj-178/,"9 ноября 2015 г., 17:20",5639,30,"Здравствуйте! Я хотела узнать, можно ли взять кредит для того, чтобы поехать на хадж? Будет ли принято поклонение, то есть хадж, в этом случае? Балхия.","Здравствуйте, Балхия! Хадж является обязательным лишь для мусульманина, обладающего достатком. В священном Коране написано:  «مَنِ اسْتَطَاعَ إِلَيْهِ سَبِيلاً –если они способны проделать этот путь…»[1]. Шариат не обязывает верующих совершать хадж во что бы то ни стало, обременяя себя долгами. К тому же, брать кредит, где используется способ процентных ставок, в Исламе запрещено. Хадж не выполняется посредством запрещенных действий, являющихся харамом. В случае же. Если мусульманин все же совершил хадж таким способом, хоть он  (хадж) и  считается выполненным, сауаб – награды от такого деяния не будет, и Всевышний не примет его поклонения, совершенного в обход правил, считают ученые. Как говорил наш любимый пророк (с.г.с): «Без сомнения – Аллах наилучший, Великий. Он принимает лишь лучшее, хорошее». [2].","[
1] Али Имран – 97.
[2] Сахих Муслим – Китаб уз закат. Бабу Кабули садака.",November,11,2015,9,2015-11-09,2026-01-08,3713,Muharram
Можно ли женщине водить автомобиль?,https://islam.kz/ru/questions/veroubejdenie/mojno-li-jenshine-vodit-avtomobil-177/,"6 ноября 2015 г., 14:28",9349,21,"Скажите, как относится Ислам к тому, что женщина водит автомобиль?","- На самом деле, некоторые религиозные деятели выступали и выступают против того, чтобы женщины водили автомобили. Однако, другая часть ученых считает, что с точки зрения религии, ничего предосудительного в этом  нет. В частности, по этому поводу профессор из Кувейта, признанный специалист по фикху  (шариатскому праву), Ахмед Хаджи аль-Курди, высказывается так:

«В целом, в шариате нет конкретных препятствий и запретов на вождение автомобиля женщиной. Однако, водить машину женщине (одной) разрешено лишь в пределах города или другого населенного пункта, в котором она проживает. В случае, если женщина отправляется  в дальнюю дорогу, то за руль садиться ей одной не разрешается, тольковместе с родными (с семьей, с мужем)».

Заключение:

По нашему мнению, нет ничего греховного в том, что женщина (девушка) водит автомобиль. Но в целях безопасности желательно, чтобы в дальней дороге или ночью ее сопровождал муж или  родные – брат, отец или другой родственник мужского пола.",,November,11,2015,6,2015-11-06,2026-01-08,3716,Muharram
В каких случаях в Исламе разрешен аборт?,https://islam.kz/ru/questions/meditsina/v-kakih-sluchayah-v-islame-razreshen-abort-176/,"5 ноября 2015 г., 12:08",203045,132,"1.Ассаляму алейкум! Незадолго до беременности моя сестра переболела корью. Наша тетя, врач по профессии, сказала, что в связи с перенесенной болезнью велика вероятность рождения малыша с врожденным уродством, и, посоветовала прервать беременность. Как относится Ислам к преждевременному прерыванию беременности (аборту) по медицинским показаниям? А.Ж.

2. Ассаляму алейкум! В каких случаях в Исламе разрешено прерывать беременность, если разрешено вообще? А.М.","Валейкум ассалям уа рахматуллахи уа баракатух!

В Шариате эмбрион, имеющий выраженные признаки жизни, называют«жанин».Право на жизнь«жанину», зародившемуся в чреве, дает Всевышний. Поэтому, никто, и родители в том числе не имеют права лишать его права на жизнь.

Согласно правилам шариата, человек, ставший причиной гибели плода –«жанина», обязан выплатить«гурра»- своеобразный выкуп. Размер выплатыгурраравен50 золотымдинарам (примерно 212,5 грамм золота) или 500 серебряным монетам (примерно 1500 грамм серебра).

То есть, прерывать беременность после того, как плод примет очертания человеческого тела, а в плоть его, по воле Всевышнего, вдохнут жизнь, запрещено и является «харамом».

1. Относительно абортов до указанного срока, когда плод еще не является«жанин»- имеющим дух, ученые Ханафитского мазхаба высказали два мнения:

2. Большинство же ученых мазхаба Малики, считают, что делать прерывание беременности нельзя, независимо от того, сколько недель или дней эмбриону и на каком этапе он развития. Пусть ему нет и сорока дней от зачатия, и в его плоть еще не вдохнули жизнь. С момента своего зачатия эмбрион, по их мнению уже  «жанин», то есть имеющий дух и плоть. Совершивший без веских причин аборт человек или же способствовавший этому, обязаны выплатить «гурру».

3. Группа ученых мазхаба Шафиги считают, что до сорока дней у эмбриона нет души. Поэтому, до сорока дней прерывать беременность можно. Представители же другой группы ученых этого мазхаба убеждены, что с момента оплодотворения женской яйцеклетки мужским семенем, эмбрион готов принять дух. И, мешать превращению эмбриона в плод, а затем в ребенка – грех, следовательно, делать аборт даже на этом маленьком сроке запрещено. [4].

То есть по расчетам древних ученых Ханафитского мазхаба, в плод входит душа по истечении 120 дней, а согласно мазхабу Шафиги, это происходит за сорок дней.

С медицинской точки зрения:

Современной медициной установлено, что за первый месяц (примерно 18 дней) эмбрион вырастает на 1 мм. За это время очертания плода не похожи на человеческое тело, и напоминают вытянутую запятую. Несмотря на то, что внутренних органов у эмбриона нет, уже функционирует сердце. Исходя из этого, некоторые современные религиоведы считают, что лишать права на жизнь живой организм, имеющее сердце, нельзя.

В наше время в медицинских учреждениях по желанию женщины  беременность прерывают на сроке  до 12 недель. На сроках же от 12 до 28 недель беременность прерывают лишь по рекомендации и под наблюдением квалифицированных специалистов - врачей.

Заключение:

Основываясь на фетвах древних ученых разных мазхабов, изложенных  исходя из хадисов и аятов Священного Корана, современные ученые делают следующие выводы:

Вышесказанное заключение основано на постановлений от 29 сентября 1984 года, изданное Собранием фетв Кувейта. Однако, стоит отметить, что ряд современных религиоведов, ученых-теологов категорически против абортов.

Мнения всех ученых объединяет одно – прерывать беременность после того, как эмбрион обрел дух, является харамом. При этом искусственное вмешательство в течение беременности разрешено при угрожающей опасности жизни и здоровью матери, а также при авторитетном мнении врачей о врожденном уродстве и неполноценности плода.

Кроме того, основываясь на мнении ученых, выступающих против абортов вообще, хотим отметить, что за исключением редких случаев, описанных выше, прерывание беременности является нежелательным и неправильным.

Абдусамат Касым

Перевод с казахского Зарины Нокрабековой","Использованная литература:
1) Бахрур Раик, Китабун Никах. Бабу никахир ракик;
2) Ибн Габидин Аль-Һадияту Алаия – 205 стр.
3) Мажаллату мажмаъил Фикһил Ислами.
4) Основано на указе, от 29 сентября 1984 года, изданное Собранием фетв Кувейта.
5) Собрание фетв Кудус Ислами http://www.fatawah.com/Questions/11968.aspx
6) Доктор Хусайни Сулейман Жад, Уасика
7) Профессор, Доктор Али Карадаги, «аль-Кадая ат-Тыббия».
8) http://euro-medicina.ru/",November,11,2015,5,2015-11-05,2026-01-08,3717,Muharram
Заучивание Корана во время хайза… Разрешено ли?,https://islam.kz/ru/questions/dlya-jenshin/zauchivanie-korana-vo-vremya-haiza-razresheno-li-175/,"19 октября 2015 г., 11:50",10218,15,"Здраствуйте! Хотела спросить, можно ли заучивать суры Корана в дни месячных?","Здраствуйте! Пророк (ﷺ)  запретил читать Коран во время менструации[1], поэтому большинство мусульманских ученых придерживаются мнения, что читать Коран во время хайза – харам (запрещено). В то же самое время, ученые маликитского мазхаба, ссылаясь на необходимость (надобность), разрешили преподавателям и студенткам (ученицам) Корана читать во время хайза [2].

Из этого можно сделать вывод, что если вы преподаватель Корана или же студентка религиозного учебного заведения (медресе при мечетях, исламская школа или ВУЗ религиозной направленности), то ссылаясь на необходимость, разрешено читать и заучивать Коран. Но женщинам, которые работают или учатся в других сферах деятельности категорически запрещено данное действие во время менструации!

Аллаху ведомо лучше!","[1] Ибн Маджа - № 595,596 хадис.
[2]
Аль Багдади Малики, Талькин: 1 том ,74 бет. Рияд Маккатуль Мукаррама;",October,10,2015,19,2015-10-19,2026-01-08,3734,Muharram
Дозволено ли в исламе продавать волосы человека?,https://islam.kz/ru/questions/torgovlya/dozvoleno-li-v-islame-prodavat-volosy-cheloveka-174/,"13 октября 2015 г., 11:13",25102,2,"Ас-саляму алейкум! Хотела узнать, дозволено ли исламом продавать свои волосы? Г.","Ва алейкум ас-салям!

В исламе место и статус человека очень велики. И среди прочих созданий человек занимает особое место, ведь даже безжизненное тело человека чтимо.

Поэтому, отвечая на Ваш вопрос, уверенно скажем, что в исламе запрещено продавать или использовать человеческие волосы. Неуважение к каким-либо органам не приемлемо. А, непосредственно продажа волос, является своего рода унизительной по отношению к человеку[1].

Опираясь на мнения ученых, отметим, что в этом вопросе все четыре мазхаба солидарны.","[1]
Ибн Хумам, «Фатхуль Кадир»: Китабуль Байъиль Фасид.",October,10,2015,13,2015-10-13,2026-01-08,3740,Dhu al-Hijjah
Мой муж всё время чем-то недоволен…,https://islam.kz/ru/questions/semya/semya/moi-muj-vse-vremya-chem-to-nedovolen-173/,"7 октября 2015 г., 12:37",9843,54,"Я замужем уже три года. Меня очень расстраивает поведение мужа, он очень много и часто употребляет некорректные, нецензурные слова. Он очень вспыльчив и раздражается из-за пустяков и начинает вести себя не очень адекватно.  Я много раз просила его, что так не надо поступать, от этого нет толку. Меня его поведение уже раздражает, потому что я не понимаю, как взрослый человек может так вести себя. Во всем он винит меня. Слушать и решать проблему у него нет привычки. Когда наблюдаешь со стороны, как он ругается, то кажется, что это слабоумный человек, хотя это не так, он умный, образованный человек. Да, я понимаю, что у него работа, проблемы – все это тяжело, но это же не оправдание такому поведению.","С точки зрения религии:

Посланник Аллаха (мир ему и благословение) сказал: «Верующий не порочит, не проклинает, не совершает ничего непристойного и не сквернословит» (Ат-Тирмизи).

Поэтому каждому мусульманину необходимо научиться сдерживать себя в раздражающих ситуациях. Не должна любая неприятная ситуация сопровождаться непристойными ругательствами. Не нужно злиться и сквернословить при каждом неудобном жизненном обстоятельстве. Мусульманину нужно научиться заменить свои скверные привычки благими. Например, если его что-то выведет из себя, пусть воздаст хвалу Всевышнему за то, что Аллах смыл его грех за этот проблемный момент в жизни. Ведь в хадисе говорится, что если что-либо огорчит мусульманина, даже если его всего лишь уколет колючка, то за это его грехи смоются (аль-Бухарий). Всевышний смывает грех за каждый неудобный момент в жизни человека, даже если жарко или холодно. И вот Аллах простит ему грех, а он сквернословит и берет на себя еще один грех сверху. Он подобен больному человеку, который весь в колючках, лекарь извлекает колючку, а больной обратно вонзает ее себе.

В женах мужья должны находить утешение и успокоение, научитесь вести себя так, чтобы рядом с вами ему было спокойно. Создайте такую атмосферу, чтобы он не нервничал при тех или иных обстоятельствах. Женщины владеют огромной хитростью, Всевышний наделил их этой чертой, чтобы они использовали это во благо в отношениях с мужьями. Сегодня жены используют этот дар против мужей, а надо, наоборот, во благо себе и семье. Где-то уступите, а где-то поступите иначе, в общем, создайте в доме уют, место, где он будет отдыхать. Раз он человек умный, но так ведет себя, значит что-то (или кто-то) дома его раздражает. Поговорите, узнайте, поделитесь с ним соображениями, только не устраивая разборки, это еще больше его разозлит. Поговорите с ним как с другом, близким человеком. Ин шаа-ллах, это даст хороший результат, все в ваших руках, не забывайте просить Всевышнего исправления его нрава в лучшую сторону. Да поможет вам Аллах.

С точки зрения психологии:

Несколько затруднительно дать однозначную оценку, а тем более, раскрыть причины такого, с ваших слов, неадекватного поведения. В этой связи буду исходить из постулата о том, что для любого психического действия необходима реальная причина. Такой подход ведёт нас к мысли о том, что поведение человека продиктовано теми или иными потребностями.

Любой человек, совершая те или иные действия, руководствуется либо стремлением удовлетворить какую-либо внутреннюю потребность, либо стремлением компенсировать её при невозможности удовлетворения. Для обозначения второго случая в психологической науке применим термин фрустрация. Это отрицательное чувство, возникающее у человека при столкновении с реальными или воображаемыми препятствиями на пути удовлетворения своей потребности. Как правило, реакция на фрустрацию носит отрицательный эмоциональный оттенок. Чаще всего, люди, оказавшись в такой ситуации, начинают срываться на окружающих и вести себя несколько неадекватно. Вот по этой причине и необходимо нам выяснить, что именно переживает ваш муж.

Очевидно, что его жизнь складывается не совсем так, как ему бы того хотелось. По всей видимости, у него остаётся неудовлетворённой базовая потребность в самоуважении, и нет ощущения собственной значимости. Именно по этой причине он и придирается к вам. Это своего рода компенсация неудовлетворённой потребности. Он может таким образом самоутверждаться и оправдывать собственное бессилие. Если на самом деле это так, то решение проблемы очевидно: нужно дать ему то, к чему он стремится – почувствовать себя значимым в своей семье.

Попробуйте пересмотреть своё отношение к нему и найти в нём то, что ему самому в себе нравится больше всего. Ведь не может быть такого, чтобы он во всём был нехорошим. Наверняка в нём есть много положительного, но он своим поведением всё это перечёркивает. Задайтесь вопросом, каким он видит себя в ваших глазах. Нравится ли ему то, что он видит? Вполне возможно, вы так или иначе показываете ему, что не уважаете его, не видите в нём сильной личности и т.д. Тут вопрос не в том, соответствует ли ваше представление о нём действительности, а в том, нравится ли ему находиться рядом с вами, чувствует ли он себя комфортно. Мало кому может понравится находиться рядом с тем, кто тебя не уважает и не ценит. Большинство людей при невозможности доказать, что они представляют из себя что-то положительное, начинают вести себя так, как вы описали. Поменяйте в корне подход к решению проблемы, и тогда может появиться реальный шанс её благополучно разрешить.

Попробуйте время от времени отмечать его заслуги. Сделает он на копеечку, хвалите так, будто он заработал миллион, и следите за его реакциями. Главное – ваше поведение должно носить спонтанный, максимально естественный характер, иначе он почувствует, что с ним обходятся как с ребёнком, и снова поведёт себя неадекватно. Если он начнёт говорить что-то, в чём вы с ним не согласны, не спешите доказывать ему свою правоту. Помните, что в споре не бывает победителей, ведь даже если вам и удастся убедить его в своей правоте, он всё равно останется недовольным. Никто не любит, когда ему говорят о том, что его умственных способностей недостаточно, чтобы быть правым. Дайте ему почувствовать себя рядом с вами значимым, и он изменит своё поведение.

На вопрос отвечали:

Саид Абдулаев,теологАлиасхаб Мурзаев,психолог-консультант Центра социальной помощи семье и детям.Источник: www.islam.ru/",,October,10,2015,7,2015-10-07,2026-01-08,3746,Dhu al-Hijjah
"ЗАЧЕМ ПРОИЗНОСЯТ ""АЛЬХАМДУЛИЛЛЯХ"" ПОСЛЕ ЧИХАНИЯ?",https://islam.kz/ru/questions/raznoe/zachem-proiznosyat-alhamdulillyah-posle-chihaniya-172/,"29 сентября 2015 г., 9:44",26592,560,,"Хадисы Пророка (салляллаху алейхи уасаллям) побуждают нас говорить «Альхамдулиллях», когда мы чихаем. «Альхамдулилля» означает «Вся хвала Аллаху». Любознательный человек удивится, почему мы должны выражать благодарность Аллаху за такое незначительное действие как чихание. Однако на самом деле чихание отнюдь не является незначительной реакцией тела. Чихание — это великое благословение от Аллаха, в котором участвуют различные группы мышц. Мышцы живота, груди, шеи и глаз используются для казалось бы незначительной реакции тела. Некоторыми из причин произнесения «Альхамдулиллях» являются следующие:1) Вредные вещества, содержащиеся в теле, выходят во время чихания. При выделении концентрированных вредных веществ можно почувствовать запах. Мы защищены от многих заболеваний посредством естественного чихания, удаляющего из нас вредные вещества.2) Вся наша жизнь находится под контролем Аллаха. Если Аллах пожелает, он может парализовать наше тело так, что мы не сможем и пошевельнуться. Когда человек чихает, его лицо на доли секунды искривляется. Если бы Аллах пожелал, он мог бы зафиксировать это искривленное выражение на наших лицах навсегда. Только посредством милости и милосердия Аллаха наши лица возвращаются в нормальное состояние.3) Когда человек чихает, он автоматически смыкает веки. Если бы глаза оставались открытыми, им мог быть нанесен вред. Аллах заставляет веки сомкнуться, чтобы уберечь нас от вреда.4) Чихание обычно открывает дыхательные пути, позволяя человеку свободно дышать.В обмен на многочисленную пользу, которую мы получаем от чихания, это исключительно справедливо выразить свою сердечную благодарность Аллаху в форме «Альхамдулиллях».А Аллах знает лучше.",,September,9,2015,29,2015-09-29,2026-01-08,3754,Dhu al-Hijjah
"Как быть, если не успел вовремя совершить Курбан - жертвоприношение?",https://islam.kz/ru/questions/poklonenie/jertvoprinoshenie-kurban/kak-byt-esli-ne-uspel-vovremya-sovershit-kurban-jertvoprinoshenie-171/,"25 сентября 2015 г., 9:19",4072,6,,"Если человек, не обладающий материальным достатком, приобрел животное с намерением принести его в  жертву- Курбан, но по разным причинам не успел сделать этого, он должен отдать животное живьем  в качестве садака-милостыни. Если же вовремя не смог совершить жертвоприношение состоятельный мусульманин, он должен раздать деньги, равные цене животного бедным.

Также, если животное, приобретенное с целью жертвоприношения, пало, то мусульманину, не обладающему достатком, не обязательно покупать вместо павшего другое животное. Тогда как человеку богатому, это обязательно[1].","[1]Аль-Айни, аль-Биная – 12/31 стр; Бадаиг – 289-290 стр.",September,9,2015,25,2015-09-25,2026-01-08,3758,Dhu al-Hijjah
Почему лошадь не приносят в жертву - Курбан?,https://islam.kz/ru/questions/poklonenie/jertvoprinoshenie-kurban/pochemu-loshad-ne-prinosyat-v-jertvu-kurban-170/,"23 сентября 2015 г., 16:10",11341,130,,"Лошадь не приносят в жертву потому что в Священном Коране Всемогущий Аллах приказывает:

وَلِكُلِّ أُمَّةٍ جَعَلْنَا مَنسَكًا لِّيَذْكُرُوا اسْمَ اللَّهِ عَلَىٰ مَا رَزَقَهُم مِّن بَهِيمَةِ الْأَنْعَامِ ۗ فَإِلَـٰهُكُمْ إِلَـٰهٌ وَاحِدٌ فَلَهُ أَسْلِمُوا ۗ وَبَشِّرِ الْمُخْبِتِينَِ

«Для каждой общины мы установили  места жертвоприношений (или религиозные обряды), чтобы они поминали имя Аллаха над скотиной, которой он наделил их. Ваш Бог – Бог Единственный. Будбьте же покорными ему. А ты (Мухаммед) сообщи благую весть о рае и великой награде смиренным». (1)

В оригинале аята на арабском языке использовано словосочетание «баһиматуль анъам - بَهِيمَةِ الْأَنْعَامِ». В переводе с арабского «баһима» означает – животное, скотина, а анъам включает в себя четыре вида животных: верблюда, корову (КРС), овцу (барана) и козу. Это значит, что помимо указанных в аяте этих четырех видов, другие  домашние животные и птицы, как лошадь, курица, индюки, гуси итд, для совершения Курбана непригодны. И в этом вопросе среди ученых мазхаба нет противоречий.","[1] Cура Аль – Хадж, 34 аят.",September,9,2015,23,2015-09-23,2026-01-08,3760,Dhu al-Hijjah
Что из мяса жертвенного животного есть нельзя?,https://islam.kz/ru/questions/poklonenie/jertvoprinoshenie-kurban/chto-iz-myasa-jertvennogo-jivotnogo-est-nelzya-169/,"22 сентября 2015 г., 11:32",5976,35,,"В целом, когда закалывают животное, разрешенное для употребления, то есть халал, а не только для совершения Курбан – жертвоприношения, нельзя употреблять в пищу кровь, половые органы, желчный и мочевой пузыри, мешотчатые железы. В Священном Коране говорится: «…Он повелит им совершать одобряемое и запретит им совершать предосудительное, объявит дозволенным благое и запрещенным скверное…»,(1) разрешая тем самым употреблять в пищу только чистую еду. Тогда как названные выше части тела животных относятся к малоприятным в качестве еды для человека. Поэтому их употребление в пищу – харам. (2)

Кроме того, в одном из хадисов Пророка (с.г.с), говорится: «Посланник Аллаха относил к макрух (приближенным к хараму) следующие части тела барана (животных): половые органы, железы, желчный и мочевой пузыри. (3)","(1.)Сура Аль-араф – 157 аят.
(2) Бадаиг –6/272 стр; Ибн Габидин, Альл-Һадия – 194 стр. Имам Агзам считал кровь – харамом, а остальное – макрух, то есть приближенным к хараму.
(3) Байһаки, Ас-Сунануль Кубра.",September,9,2015,22,2015-09-22,2026-01-08,3761,Dhu al-Hijjah
"Правда ли, что представительницам слабого пола  (девушкам, женщинам) нельзя совершать Курбан?",https://islam.kz/ru/questions/poklonenie/jertvoprinoshenie-kurban/pravda-li-chto-predstavitelnitsam-slabogo-pola-devushkam-jenshinam-nelzya-sovershat-kurban-168/,"22 сентября 2015 г., 11:29",4436,1,,"Женщинам (девушкам) не запрещено как собственноручно совершать Курбан-жертвоприношение, так и наблюдать за процессом. В качестве доказательства можем привести хадис, приведенный в  сборнике хадисов «Мустадрак Аль-Хакима»:«Пророк (с.г.с), говорил своей дочери Фатиме: «Ты становись рядом при жертвоприношении за тебя. Как только упадет на землю первая капля крови приносимого в жертву животного, все твои грехи, совершенные ранее, прощаются. Когда совершается Курбан читай: «Без сомнения, мой намаз (молитвы), мое поколонение, и жизнь моя, и смерть все ради Владыки мира Аллаха!»[1]7","[1]Аль-Хаким, «Мустадрак Аль-Хакима»: – глава 3129/7599 хадис.",September,9,2015,22,2015-09-22,2026-01-08,3761,Dhu al-Hijjah
Можно ли продавать шкуру жертвенного животного?,https://islam.kz/ru/questions/poklonenie/jertvoprinoshenie-kurban/mojno-li-prodavat-shkuru-jertvennogo-jivotnogo-167/,"21 сентября 2015 г., 14:59",5095,12,Можно ли продавать шкуру жертвенного животного и торговаться при покупке животного для жертвы - Курбан?,"1)Шкуру принесенного в жертву – Курбан, животного, желательно отдать как садака, то есть безвозмездно, как милостыню. Но можно также использовать ее самому  для хозяйственных нужд. Так же как и мясо, шкура жертвенного животного не является запретной для того, кто эту жертву приносит. Более того, имеются свидетельства, что мать правоверных Аиша, делала из шкуры принесенных в жертву животных  мутара – посуду из кожи (سقاء) [1]

Однако, продавать шкуру животного принесенного в жертву в Курбан – макрух, то есть запрещено, весьма нежелательно. Наш Пророк (с.гс.), говорил: «Кто продаст шкуру жертвенного животного, его Курбан (жертва) не считается»,[2]. В то же время можно продать шкуру с намерением раздать полученные деньги как садака – милостыню. [3].

2)Торговаться с продавцом, покупая животное для совершения Курбан, шариат не запрещает. Самое главное, использовать для совершения Курбан животное, принадлежащее вам и годное для этой цели, то есть соответствующее требованиям.

Учитывая, что по мере приближения Курбан цены на животных «взлетают» и даже становятся иногда заоблачными, вы имеете полное право торговаться с продацом с намерением сбить цену или искать более приемлемые цены.","[1]
Бадаиғ – 6/332 стр.
[2]
Мустадрак: «тафсиру суратиль хаж»– 3520 хадис. (Сахих)
[3]
Бахрур Раик– 8/327 стр.",September,9,2015,21,2015-09-21,2026-01-08,3762,Dhu al-Hijjah
Можно ли поделиться мясом жертвенного животного с соседом-христианином?,https://islam.kz/ru/questions/poklonenie/jertvoprinoshenie-kurban/mojno-li-podelitsya-myasom-jertvennogo-jivotnogo-s-sosedom-hristianinom-166/,"21 сентября 2015 г., 10:22",5311,24,,"Шариат не запрещает делиться мясом жертвенного животного с представителями других конфессий. В Священном Коране сказано:«Аллах не запрещает вам быть добрыми и справедливыми с теми, которые не сражались с вами из-за религии и не изгоняли вас из ваших жилищ. ВоистинуАллах любит беспристрастных» (сура Аль-мумтахана 60\8).

Тем самым в исламе не порицается делать добро представителям других вероисповеданий.  Делиться мясом жертвенного животного тоже является добрым деянием, и, совершать его в отношении представителей других конфессий не возбраняется. Это будет не только дело, за которое предусмотрен  саваб - награда, но и по воле Всевышнего, поспособствует формированию положительного мнения об Исламе у последователей  разных вероисповеданий.

Имеются свидетельства, что и сахабы – сподвижники Пророка (с.г.с), делились мясом жертвенного животного с представителями других религий. Например, в сборнике хадисов Тирмизи, Муджахид приводит:

«В доме сахабы Абдуллы ибн Амра в жертву было принесен один баран. И Абдулла ибн Амр спросил: «Дали ли вы мясо соседу иудею?». И после этого сахаба сказал: «Я слышал как Пророк (с.г.с), говорил: «Джабраил так долго давал мне наставления о необходимости хорошего отношения к соседям, что я подумал, не включит ли он его в число наследников»[24].

Из этого следует, что если вы поделитесь мясом принесенного в жертву животного с соседом-христианином, за это деяние вам будет записан саваб.

Истина известна лишь Аллаху.

www.islam.kz/",,September,9,2015,21,2015-09-21,2026-01-08,3762,Dhu al-Hijjah
Какие животные пригодны для совершения Курбан – жертвоприношения?,https://islam.kz/ru/questions/poklonenie/jertvoprinoshenie-kurban/kakie-jivotnye-prigodny-dlya-soversheniya-kurban-jertvoprinosheniya-165/,"18 сентября 2015 г., 11:55",9689,43,,"В Курбан айт разрешается приносить в жертву овец, коз, крупный рогатый скот  или верблюдов. При этом возраст парнокопытных – овец и коз должен быть не менее одного года, представителей КРС – не менее двух лет, а верблюдам должно быть не меньше пяти лет. Если же полугодовалый ягненок по жирности и размерам не уступает годовалой овце, его также можно использовать для жертвоприношения. Если приносится в жертву  животное из числа парнокопытных (овец и коз)  предпочтительней выбирать самцов, а при выборе крупного рогатого скота, наоборот, желательно использовать самку. Домашняя и другая птица, как курица, утка, гусь, индюк в качестве жертвоприношения не используются.

Наш Пророк (с.г.с) так говорил о животных, непригодных для жертвоприношения:

«Животные с явно выраженной слепотой, а также явно больные, страдающие выраженной хромотой, а также очень худые для жертвоприношения не годятся»

Ученые ханафитского мазхаба, основываясь на хадисах, привели также сравнительные характеристики животных, не годных для жертвоприношения:

Если у животного, которое приобрел человек, для которого совершение Курбан – жертвоприношение, является ваджиб – обязательным,  одно из перечисленных качеств появилось после покупки или же животное пало, он должен заменить животное и принести вместо него в жертву другое.  Однако, если животное приобрело изъяны после покупки у мусульманина, не обладающего достатком и для которого это не является ваджибом, но который намеревался совершить Курбан ради обретения саваба, он может принести в жертву это животное. Кроме того, не имеющему материального достатка, бедному мусульманину разрешается приобрести животное, имеющее изъяны и совершить жертвоприношение. Потому что в данном случае это деяние – из разряда нафль (необязательное, но рекомендуемое к выполнению). Как известно, в нафль деяниях есть снисхождения.[1].","[1].
Ислам ғылымхалы. М.Исаұлы, Қ. Жолдыбайұлы.",September,9,2015,18,2015-09-18,2026-01-08,3765,Dhu al-Hijjah
"Не запрещено ли приносить в жертву животное, имеющее на ухе метку?",https://islam.kz/ru/questions/poklonenie/jertvoprinoshenie-kurban/ne-zapresheno-li-prinosit-v-jertvu-jivotnoe-imeyushee-na-uhe-metku-164/,"17 сентября 2015 г., 17:58",6052,21,,"Уважаемый Акылжан, животное, предназначенное для жертвоприношения, должно соответствовать определенным требованиям. В числе которых – правило относительно целостности уха и хвоста. Азирет Али свидетельствует: «Пророк (с.г.с), приказал нам внимательно следить за тем, чтобы у жертвенных животных были целыми глаза и уши» [7].

Поэтому, если больше половины уха или хвоста отрезаны,такое животное не пригодно для жертвоприношения. Животных же, у которых отрезано не больше половины уха или же надрез на нем не превышает половины, использовать разрешается. Это заключение Имама Абу Юсуфа и Имама Мухаммеда. Согласно же заключению Абу Ханифы, животное считается непригодным для жертвоприношения, если отрезана одна треть уха или хвоста. Тем не менее, есть данные, что Абу Ханифа поддерживал мнение двух своих учеников. [8].

То есть, если больше половины уха животного целое, его можно использовать для жертвоприношения.","[7] Тирмизи, ад-захия – 1503 хадис.
[8] Аль-Биная – 12/37 стр.",September,9,2015,17,2015-09-17,2026-01-08,3766,Dhu al-Hijjah
"Правда ли, что вдове нельзя совершать курбан?",https://islam.kz/ru/questions/poklonenie/jertvoprinoshenie-kurban/pravda-li-chto-vdove-nelzya-sovershat-kurban-163/,"16 сентября 2015 г., 11:55",4154,7,,"Валейкумассалам! Маржан, если женщина имеет достаток и вполне обеспечена, то совершение курбана – ваджиб. Если же материальное положение ниже среднего, совершение жертвоприношения для нее необязательно. Однако она может для обретения саваба – награды от Всевышнего и Его довольства, совершить курбан, а мясо животного оставить себе. Смерть же супруга не является препятствием для совершения курбана. И даже более того, при наличии возможности, будет правильным и желательным, но не обязательным, если женщина совершит курбан от имени покойного супруга, прося Всевышнего о том, чтобы саваб за это деяние был записан супругу.",,September,9,2015,16,2015-09-16,2026-01-08,3767,Dhu al-Hijjah
"Можно ли совершить курбан, взяв для этого деньги в долг?",https://islam.kz/ru/questions/poklonenie/jertvoprinoshenie-kurban/mojno-li-sovershit-kurban-vzyav-dlya-etogo-dengi-v-dolg-162/,"16 сентября 2015 г., 11:53",10481,32,,"Ислам – совершенная религия,ни в коем случае не утяжеляющая жизнь человека. Шариат не обязывает мусульман, не имеющих материального достатка, совершать курбан. И совершать обряд жертвоприношения животного во чтобы то ни стало, залезая в долги, не нужно, такого приказа и предписания в шариате нет. Однако, если человек захочет для обретения саваба обязательно совершить курбан и с этой целью возьмет в долг деньги, это не будет греховным.",,September,9,2015,16,2015-09-16,2026-01-08,3767,Dhu al-Hijjah
"Животное, приготовленное мной для совершения курбан, потерялось, как быть?",https://islam.kz/ru/questions/poklonenie/jertvoprinoshenie-kurban/jivotnoe-prigotovlennoe-mnoi-dlya-soversheniya-kurban-poteryalos-kak-byt-161/,"16 сентября 2015 г., 11:48",3001,14,,"В случае если животное, специальное приготовленное для совершения жертвоприношения в Курбан айт, потерялось или пало, нужно исходить из материального достатка хозяина животного. Если человек, потерявший скотину, не обладает достатком, возмещать и приносить в жертву животное вместо потерявшегося, необязательно. Если же, хозяин животного достаточно богат, то в обязательном порядке должен принести в жертву другое животное.[1]","[1]
Аль-Касани, Бада’иъ: «Китабут Тадхия» - 6/289-290.",September,9,2015,16,2015-09-16,2026-01-08,3767,Dhu al-Hijjah
Достаточно ли для одной семьи одного принесенного в жертву животного?,https://islam.kz/ru/questions/poklonenie/jertvoprinoshenie-kurban/dostatochno-li-dlya-odnoi-semi-odnogo-prinesennogo-v-jertvu-jivotnogo-160/,"16 сентября 2015 г., 11:44",5107,20,Для кого Курбан является ваджиб (обязательным)? Достаточно ли для одной семьи одного принесенного в жертву животного?,"Согласно Ханафитского мазхаба,для совершения Курбан – жертвоприношения человек должен обязательно соответствовать следующим требованиям:

Из этого следует, что дети одной семьи, достигшие совершеннолетия, обладающие ясным сознанием (дееспособные),  а также имеющие свое имущество, а также и  супруга, обладающая собственным, отдельным от совместного имуществом должны совершить курбан – принести в жертву животное (овцу,корову, ит.д). Овца, принесенная в качестве жертвы их отцом, к их деяниям не относится.

Однако, если взрослые дети не имеют достатка, тогда саваб (награда) от Курбана, совершенного их отцом, записывается и им тоже. Потому что, Пророк (с.г.с), говорил о том, что будет делить саваб от совершенного жертвоприношения со своей умой. Сахаба Джабир ибн Абдулла свидетельствовал: «Вместе с Пророком (с.г.с) я читал праздничный намаз в честь Курбан айта. Посланник Аллаха (с.г.с), после намаза привел барана. Принося его в жертву, Пророк (с.г.с), сказал: «Бисмилляхи Аллаху акбар. О, Создатель! Эта жертва (курбан) от меня и от представителей моей уммы, не имеющих возможности совершить курбан»[2].","[1] Ибн Ғабидин, әл-Һәдия – 162 бет.
[2] Ахмәд -14423",September,9,2015,16,2015-09-16,2026-01-08,3767,Dhu al-Hijjah
Какие требования должна учитывать женщина при покупке одежды?,https://islam.kz/ru/questions/dlya-jenshin/kakie-trebovaniya-doljna-uchityvat-jenshina-pri-pokupke-odejdy-159/,"11 сентября 2015 г., 14:20",5365,19,"Обращаюсь к вам с вопросом по просьбе девушек, покрытых в хиджаб. Большинство длинных платьев,юбок, представленных на рынках и в магазинах, имеют весьма приталенный силуэт и не только не скрывают, но и явно подчеркивают фигуру. Одежда же, соответствующая требованиям шариата, как правило, стоит дорого и не по карману многим. Можно ли в безвыходной ситуации носить подобные (приталенного кроя) одежду?

Айдана Ауезхан","Уважаемая Айдана!

Согласно  шариату, одеяние женщины, при выходе на улицу [1] должно соответствовать следующим требованиям:

1.Все части тела. Кроме разрешенных шариатом, должны быть закрыты.В Священном Коране говориться: «…Пусть они не выставляют напоказ своих прикрас, за исключением тех, которые видны…»[2]

2.Ткань из которого сшита одежда не должна быть тонкой и прозрачной.По дошедшим сведениям, к матери правоверных  Айше придет группа женщин из племени Тамим, одежда их была из тончайшей ткани. Аиша сделала им замечание: «Если вы считаете себя мусульманками, то эта одежда не для верующей муслиманки». [3].

3.Одежда не должна быть приталенного кроя, облегать фигуру.Сахаба Усама ибн Зайд свидетельствует, что Пророк (с.г.с), подарил ему «кубтыя»  - наряд из плотной ткани, изготовленный в Египте. Усама отдал наряд своей жене. Спустя время Пророк (с.г.с) спросил у Усамы, почему он не носит подаренный ему кубтыя?

– Я отдал наряд жене, - сказал Усама. Тогда Посланник Аллаха ответил:

- Скажи своей жене, чтобы она под него одевала нижнюю одежду – гиляля. Боюсь,что если она будет носить кубтыю без нижних одеяний, будут видны очертания ее фигуры[4].

4.Одежда не должна быть мужской или подобной мужской.Известно, что есть одежда для мужчин и для женщин. И мусульманки в своих одеяниях не должны уподобляться мужчинам, носить мужскую одежду. Сахаба Абу Хурайра (р.а) передает: «Пророк (с.г.с) проклял женщин, носящих мужскую одежду и мужчин, одевающих одежду женщин». [5].

Поэтому, выбирая готовую одежду в магазинах или на рынках, сестры по вере должны учитывать все вышесказанные требования. Думаем, что это не будет столь сложным. Если же одежда мусульманки будет не скрывать, а подчеркивать достоинства ее фигуры, обращая внимание и приковывая взоры чужих мужчин, это будет противоречить шариату. Все ведомо лишь Аллаху!","[1] Или части тела, которые являются ауратом и должны быть закрыты перед чужими мужчинами
[2] Ан-нур-31 - …Части тела, которые видны – лицо, кисти рук,ступни ног
[3]Тафсир Куртуби – сура Аль- Ахзаб, разъяснение 59 аята
[4] فإني أخاف أن تصف حجم عظامهاПередано Имамом  Ахмадом,(Аш-Шаукани, Найлуль Аутар – хадис №588.); Абу Давуд – Китабул либас – 4116  хадис (Ъаунул маъбуд)
[5] Аль-Хаким: ал-Мүстадрак – Китабул атъима - №3087 хадис.",September,9,2015,11,2015-09-11,2026-01-08,3772,Dhu al-Qi'dah
"Можно ли читать намаз в мечети, расположенной в мавзолее Х.А.Яссауи?",https://islam.kz/ru/questions/veroubejdenie/mojno-li-chitat-namaz-v-mecheti-raspolojennoi-v-mavzolee-hayassaui-158/,"1 сентября 2015 г., 15:22",7293,22,"Ассаламалейкум! В одной из мечетей Шымкента на пятничной проповеди прозвучало, что «читать намаз в мечетях, расположенных в мазарах (местах захоронений) нельзя». В качестве примера были приведены мечети при мавзолеях Арыстан баб, Ходжа Ахмета Яссави в г.Туркестане и другие подобные места. Скажите пожалуйста, на самом ли деле нельзя читать намаз в вышеуказанных местах?

Саттархан Бимбетов.","Валейкум ассалам, уважаемый Саттархан! Ученый ханафитского мазхаба Ибн Габидин так говорил относительно этого вопроса:

«Нет ничего предосудительного в том, чтобы читать намаз в специально подготовленных для этого намазханах при мазарах (местах захоронений). Однако, помещение намазханы должно быть чистым и там не должно быть захоронений. Кроме того, в направлении киблы не должно быть могил»[1].

В книге фикха по мазхабу Абу Ханифы «Бахрур раик» говорится:

«Если михраб в мечети (ниша в стене мечети, указывающая направление на Мекку) смотрит на могилу,баню или отхожее место (туалет), это-макрух (запрещено). Это касается тех случаев, когда между молящимся и могилой нет преград. Если же между ними есть преграды в виде стены здания, то расположение михраба по направлению указанных мест, не является запретным» [2]

Ученый – ханафит Ибн Хумам отмечал:

«Читать намаз (молиться) в мазарах, то есть местах захоронений – макрух. Однако, если есть специально отведенное для намаза место, то молиться там не будет макрух (запретным), при условии, что место чистое от наджаса (нечистот)»[3].

Судя по фетвам ученых, приведенных выше, читать намаз в мечетях, расположенных в мавзолеях Ходжа Ахмета Яссави и Арыстан баб, не будет грехом.

В связи с этим может возникнуть следующий вопрос. В одном из своих хадисов Пророк (с.г.с.) говорит:

«Да падет проклятие Аллаха на иудеев и христиан, которые превратили могилы своих пророков в храмы (места поклонения)»[4]

В другом хадисе Посланник Аллаха говорит:

«Поистине, те, кто жил до вас, превращали могилы своих пророков и праведников в мечети. Не избирайте же могилы местом для поклонения, поистине, я запрещаю вам делать это».[5]

Не противоречат ли вышеприведенные фетвы этим хадисам?

Арабские слова«масжид»и«масажид»в данном контексте употреблены не в значении«мечети»или«храмы», а в значении «поклоняться чему-либо». То есть«масжид»употреблено как «масдар мими» (масдар – отглагольное существительное). И значение хадиса следующее: «Не превращайте могилы в места поклонения, совершения поклонов».

Для более полной доказательной основы сказанному, приведем разъяснение хадиса в изложении ученого, хадисоведа Мухаммеда ибн Абдуллахи ас-Синди (1726 г.) в энциклопедии хадисов «Сунан ан-Насаи»:

«В данном хадисе пророк предостерегает свою умму от превращения его могилы в место чрезмерного почитания, наподобие христиан. То есть Посланник Аллаха предостерегает от оказания почестей могиле, превращения места захоронения в место поклонения, а также от того,чтобы сделать из могилы киблу. И говорится, что разрешено строить мечети возле могил святых людей в качестве назидания (табаррук)…»[6].

Если же кто-нибудь будет возвеличивать усопшего, совершая на его могиле намаз, будет поклонятся ему значит придаст сотоварища Аллаху, то есть совершит «ширк» - тяжкий грех. Это очевидно. Однако, несомненно, что в мечети, расположенной в мавзолее Ходжа Ахмета Яссави, мусульманин будет поклоняться только Всевышнему и никак его поклонение не будет касаться знаменитого Ясаави, покоящегося в другом от намазханы помещении.

Заключение:

Абдусамат Касым

Перевод с казахского Зарины Нокрабековой","[1] Раддуль Мухтар, стр.2/559.
[2] Ибн Нужайм, Бахрур раик – «Китабуль Уакф».
[3] Хашият ат-Тахтави.
[4] Сунан ан-Насаи - №703 хадис.
[5] Муслим - №532 хадис.
[6] Хашияту ас-Синди ъаля сунан ан-Насаи. №701 хадис.
[7] Муслим -№972 хадис.
[8] В мазхабе Малики, не является запретным чтение намаза по направлению в сторону могилы, при условии, что намерение молящегося – поклонение лишь одному Аллаху. Согласно свидетельствам, Имам Малик говорил: «Чтение намаза на могилах не является грехом. Я слышал о том, что некоторые сахабы читали намаз в мазарах. В арабском варианте звучит как «дошло до меня». Малик ибн Анас, аль – Мадуаннатуль Кубра, 1 том, «Ассаляту филь  Мауадиъиль ляти тажузу фиһас сала».",September,9,2015,1,2015-09-01,2026-01-08,3782,Dhu al-Qi'dah
Что вы знаете об Истихаре?,https://islam.kz/ru/questions/poklonenie/molitva-namaz/chto-vy-znaete-ob-istihare-157/,"26 августа 2015 г., 9:21",11680,45,"Здравствуйте! Что за молитва Истихара, и как ее читать?

Гульсезим

Ассалам алейкум! Расскажите про Истихару.

Жанна Шамси","Ваaлейкум ассалам!

Истихара – это молитва с просьбой о благе чего-либо. Значение в шариате – обращение к Всевышнему посредством молитвы(намаза) с просьбой, через дуа  принять верное решение, рассеять сомнения, если таковые имеются перед началом нового дела, принятием важного решения.

Истихара – является сунной Пророка (с.г.с), которую он всегда рекомендовал своей умме. В одном из хадисов, приведенных в Хайсами, Посланник Аллаха (с.г.с) говорит о значимости Истихары:

«Одна из радостей и облегчений человека – обращаться к Аллаху посредством Истихары». [1]

Истихара читается в самых разных случаях, жизненных ситуациях  Например, перед тем как отправиться в путешествие, перед решением о бракосочетании, относительно торговли и многих других. Относительно же действий, совершаемых мусульманином ради наград в вечной жизни, как пост в Рамазан, раздача милостыни – садака, чтение намаза – молитвы, Истихара не читается.  [2].

Человек, намеревающийся обратиться к Аллаху через Истихару, совершает дополнительный (нафль) намаз в два раката, и после саляма произносит дуа Истихару. В одном из хадисов, приведенных в сахих Бухари сахаба Жабир ибн Абдулла говорит:

Посланник Аллаха, да благословит его Аллах и да приветствует, учил нас, как следует испрашивать благословения Аллаха во всех делах подобно тому(как он учил нас той или иной) суре Корана, и он говорил:

«Когда кто-нибудь из вас захочет сделать что-либо, пусть после обязательной молитвы совершит дополнительную молитву в два раката, а потом скажет:

«О Аллах, поистине, я прошу Тебя помочь мне Твоим знанием и укрепить меня Твоим могуществом, и я прошу Тебя о Твоей великой милости, ибо, поистине, Ты можешь, а я не могу, Ты знаешь, а я не знаю, и Тебе известно всё о сокрытом (от людей)! О Аллах, если Ты знаешь, что это дело станет благом для моей религии, для моей жизни и для исхода моих дел (или же он сказал: …для этой жизни и жизни будущей), то предопредели его мне и облегчи его для меня, а потом дай мне Твое благословение на это, если же Ты знаешь, что это дело станет злом для моей религии, для моей жизни и для исхода моих дел (или же он сказал: …для этой жизни и жизни будущей), то отврати его от меня, и отврати меня от него и предопредели мне благо, где бы оно ни было, а потом приведи меня к удовлетворённости им!»[3].

(Аллахумма, инни астахыру-кя би-’ильми-кя, ва астакдиру-кя би-кудрати-кя ва ас’алю-кя мин фадли-кя-ль-’азыми, фа-инна-кя такдиру ва ля акдиру, ва та’ляму ва ля а’ляму, ва Акта ‘Алляму-лъ-гуййуби! Аллахумма, ин хунта та’ляму анна хаза-ль-амра хайрун ли фи дини, ва ма’аши ва ‘акыбати амри (ау каля: ‘аджили амри ва аджили-хи), фа-кдур-ху ли, ва ин кунта та’ляму анна хаза-ль-амра шаррун ли фи дини, ва ма’аши ва ‘акыбати амри (ау каля: ‘аджили амри ва аджили-хи), фа-сриф-ху ‘анни, ва-сриф-ни ‘ан-ху ва-кдур ли-ль-хайра хайсу кяна сумма радды-ни би-хи! (, — после чего (человеку следует) сказать, чего он хочет». (Аль-Бухари)»[4])

Мусульманин, сделавший намерение прочитать намаз Истихара, может после суры Фатиха прочесть любую суру. Однако ученые рекомендуют в первом ракате после Фатихи читать суру «Аль –кафирун», а во втором ракате продолжить намаз после Фатихи сурой Ихлас.

Еще одним условием прочтения Истихары является то, чтобы человек, обращающийся с мольбой о принятии верного решения к Всевышнему, должен всецело положиться на Аллаха. Если же он приступит к Истихаре, уже имея внутри себя принятое решение, то сокровенное в вопросе, который его интересует, так и останется неизведанным.

Как же узнать после совершения Истихары, что дело содержит в себе благо?

Если задуманное дело является благом для человека, после прочтения Истихары, в сердце его поселяется уверенность, положительный настрой относительно этого дела. Если же дело не несет с собой блага для жизни человека, то душа его будет равнодушна к этому делу. Если же сердце молчит и никаких чувств, ощущений у человека нет, можно прочесть Истихару семь раз. Пророк (с.г.с), говорил: «О, Анас, если ты задумал какое либо дело, читай Истихару семь раз. После прислушивайся к тому, что у тебя на сердце. Поистине, благо в сердце. В котором нет сомнений!».

Однако, данный хадис не свидетельствует о том, что конечным результатом Истихары является лишь ощущение в сердце. Иногда Всевышний Своей Милостью и Могуществом облегчает пути к делу, которое несет в себе благо. Если же дело не является благостным, то Своим Могуществом Аллах отдаляет нас от него, приближая к тому, что будет благом для нас. Ведь и в дуа Истихара мы говорим:

«…если же Ты знаешь, что это дело станет злом для моей религии, для моей жизни и для исхода моих дел (или же он сказал: …для этой жизни и жизни будущей), то отврати его от меня, и отврати меня от него и предопредели мне благо, где бы оно ни было…».

При прочтении истихары можно не читать намаз, ограничившись прочтением дуа.  [5].

Абдусамат Касым

Перевод с казахского Зарины Нокрабековой","[1] Ал-хайсами, Мажмугуз Зауаид «Бабуль Истихара» – 3669 хадис.
[2] Бадруддин аль-Айни, аль-Аламуль хайиб – стр. 333
[3] Сахих Бухари - №1166-хадис.
[4] http://dinislam.kz/publ/27-1-0-88
[5] Аль-Маусугатуль фикхия – стр 3/242-247.;
http://www.dar-alifta.org/ViewFatwa.aspx?ID=634",August,8,2015,26,2015-08-26,2026-01-08,3788,Dhu al-Qi'dah
Ясновидящие говорят что у меня порча. Что делать?,https://islam.kz/ru/questions/veroubejdenie/yasnovidyashie-govoryat-chto-u-menya-porcha-chto-delat-156/,"24 августа 2015 г., 11:27",6194,15,"Ас-саламу алейкум, уважаемый! Я, Абдусами, мусульманин из Таджикистана. Я женился 6 октября 2014 года и до сих пор у нас не получается зачать ребенка. Вчера мне друзья посоветовали, чтобы я посетил ясновидящих. И я побывал, она мне сказала, что на нас порча и посоветовала, что делать, чтобы снять это.","Ваалейкум ас-салам! Ислам запрещает посещение ясновидящих, гадальщиков т.д. У них диагноз один: порча. Вы лучше посоветуйтесь с врачом, специалистом в этой области. Если они не найдут причину, тогда сходите к Имаму мечети. Есть специальные имамы, которые читают Коран, таким образом исцеляя от порчи или же изгоняя джиннов.",,August,8,2015,24,2015-08-24,2026-01-08,3790,Dhu al-Qi'dah
Влияет ли имя человека на его будущее?,https://islam.kz/ru/questions/semya/semya/vliyaet-li-imya-cheloveka-na-ego-budushee-155/,"19 августа 2015 г., 12:08",5302,29,"Здравствуйте! Я хотела узнать, влияет ли имя человека на его будущее? Айнагуль","Здравствуйте, Айнагуль! В хадисах встречаются сведения о случаях, когда Пророк (с.г.с) менял неблагозвучные имена людям. Например: имя «Хас» (Ъас) что означает «противоборствующий», он поменял на «Мутиъ» - то есть «Поклоняющийся», а имя «Гураб» заменил на «Муслим», «Шихаб» стал «Хишам», а «Харб» заменилось на «Хасан» итд.

Ссылаясь на это, мы склоняемся к мнению, что имя влияет на жизнь и характер человека.

В древние времена жил табиин Саид ибн Мусайаб, видевший сахабов. Его деда звали «Хазн» (Хазн в переводе с арабского означает «твердое место». Относительно человека смысл слова «хазн» обозначает «жестокий», «жестокосердный»). Как –то дед Саида Хазн пришел к Пророку (с.г.с). Посланник Аллаха спросил у него:

- Как тебя зовут?

- Мое имя – Хазн, - ответил он.

- Отныне пусть твое имя будет «Сахил», - сказал пророк (с.г.с), (Сахил – означает «мягкий»).

- Я не буду менять имя, данное мне моим отцом, - скажет Хазн и отказавшись от нового имени останется Хазном. Много лет спустя его внук Саид скажет: « С тех самых пор нашу семью не покидали трудности»  [1].

Согласно этому хадису, мнение о том, что имя человека влияет на его будущее, характер, имеет под собой основания. Но тем не менее, это не является обязательным и незыблемым. Потому что в жизни есть немало случаев, когда благозвучные имена носят весьма отрицательные личности, а под неказистым именем скрывается замечательный человек.

Как бы то ни было, выбирая имя новорожденному, нужно тщательно все взвесить и по возможности, нарекать малыша именем с хорошим значением. Нужно помнить о совете, данном Посланником Аллаха: « В Судный день вас будут призывать по имени. Называйтесь  красивыми именами».

Абдусамат КасымПеревод с казахского Зарины Нокрабековой",[1] Сахих Бухари - №5840.; Адабул Муфрад – хадис  (372) №864.,August,8,2015,19,2015-08-19,2026-01-08,3795,Dhu al-Qi'dah
Обязательно ли давать садака по достижению возраста «мушел» - 12-летнего цикла жизни?,https://islam.kz/ru/questions/semya/semya/obyazatelno-li-davat-sadaka-po-dostijeniyu-vozrasta-mushel-12-letnego-tsikla-jizni-154/,"17 августа 2015 г., 9:45",39071,1,"У меня к вам есть вопрос. Сейчас мне исполнилось 24 года, то есть, согласно казахской традиции, я нахожусь в возрасте «мушел», втором 12-летнем цикле, завершающем юность. И многие окружающие меня люди убеждают, что я должен обязательно подарить кому-нибудь свою любимую и ценную вещь. То есть по сути, сделать саадака – пожертвовать. Что говорит по этому поводу Ислам?","В шариате нет приказа или четко установленного правила, чтобы человек, достигший возраста «мушел» давал садака [1] Но, если вы решите сделать пожертвование,чтобы выразить свою благодарность Всевышнему и в надежде, что Он своей милостью продлит ваши дни, в этом нет ничего предосудительного. Посланник Аллаха (с.г.с), в одном из своих хадисов говорит:

«Поистине, садака, данное мусульманином – продлевает ему жизнь и оберегает от ста бед. Кроме того, посредством  милостыни Аллах убирает из сердец человеческих эгоизм и гордыню» [2]

Перевод Зарины Нокрабековой","[1]
Примечание: Мушел – 12-летний цикл, посредством которого казахи издревле определяли возраст человека. Последний год каждого цикла завершал определенный возрастной отрезок, миновав который человек переходил в другой возрастной цикл. Так, первые 12 лет знаменуют собой детство, с 13 до 25 лет человек переживает юность, отрочество, с 25 до 37 находится в возрасте молодом, после 37 же вступает в эру зрелой, взрослой жизни. Следующий цикл 63 года – особо почитаем, его  называют возрастом пророка (Пророк Мухаммед, как известно, ушел из жизни в 63 года) и  означает начало уважаемого почтенного возраста. 75 лет – это глубокая зима жизни, уважаемая старость. В период перехода из одного цикла в другой было принято давать садака в знак благодарения Всевышнему, и эта традиция сохранилась по сей день. Правда, немного видоизменилась. И сейчас, обычно достигшие возраста «мушел» дарят кому-нибудь из близких что либо из своих вещей – одежду, драгоценности, технику.
[2] Имам Табарани, Муъжамул Кабир –хадис  №
13518.",August,8,2015,17,2015-08-17,2026-01-08,3797,Dhu al-Qi'dah
Будут ли у мужчин из числа обитателей Рая бороды?,https://islam.kz/ru/questions/veroubejdenie/budut-li-u-mujchin-iz-chisla-obitatelei-raya-borody-153/,"14 августа 2015 г., 15:50",10120,24,"Будут ли у мужчин из числа обитателей Рая бороды?

Нурлыбек Сабыргалиев","Абу Хурайра свидетельствует, что Пророк (с.г.с), говорил:

«На теле у обитателей Рая не будет ни щетинки. Они будут безбородыми, черноокими, вечно молодыми, а их одеяния не будут ветшать»Тирмизи-№2539. Хадис хасан

В другом хадисе говорится:

«Обитатели Рая войдут туда без единой щетинки на теле, без бороды, с волнистыми  волосами, черноокими, в возрасте тридцати  трех лет. И ростом они будут как праотец Адам, в 60 локтей» (один локоть – приблизительно 50-60 см)аль-Хайсами, Мажмауз Зауид - №18658, Хадис – хасан.

Из этого хадиса очевидно, что  мужчины, которым уготован Рай, будут безбородыми.

В одном из «слабых хадисов», дошедших от сахабы Абдуллы ибн Масуда, говорится:

«Обитатели рая – не имеют щетины и бороды. И только у пророка  Мусы (г.с), будет борода до пупка»Ибн Мухаммед аль-Гази, аль-Иткан, хадис из разряда «слабых»

Учитывая, что хадис относят к «слабым», то есть возможно, недостоверным. Говорить с уверенностью говорить о том, что у пророка Мусы в Раю будет борода, сложно. Истина же ведома лишь Аллаху!

Абдусамат КасымПеревод с казахского Зарины Нокрабековой",,August,8,2015,14,2015-08-14,2026-01-08,3800,Shawwal
"Мечеть – Дом Аллаха. Не указываем ли мы местоположение Создателя, говоря так?",https://islam.kz/ru/questions/veroubejdenie/mechet-dom-allaha-ne-ukazyvaem-li-my-mestopolojenie-sozdatelya-govorya-tak-152/,"13 августа 2015 г., 13:21",5987,7,"Называя мечеть «домом Аллаха», не указываем ли мы тем самым местоположение Создателя?

Жадыра Алданияз","Уважаемая Жадыра! В Священном Коране несколько раз встречаются слова, посредством которых обозначены явления относительно Создателя. И это подчеркивает и обращает внимание на важность, значимость. величие обозначаемого явления. К примеру: «Накатуллахи» - верблюдица Аллаха (1), «НураЛлахи» - Свет Аллаха (2),»СыратиЛлахи» - путь Аллаха (3).

В Священном Коране сказано:

Кроме того, в хадисе говорится:«Мечети – это дома Аллаха на Земле» (5).

Нужно отметить, что словосочетание «Дом Аллаха», вовсе не указывает местоположение Всевышнего. Слова всего лишь выражают стремление показать значимость, священность мечети, роль мечети в религии, в жизни верующих.","[1] сура Аль -Араф, 73-аят.
[2] сура Ат-Тауба, 32-аят.
[3] сура Аш-Шура, 53-аят.
[4] сура Аль-Бакара 125-аят.
[5] Табарани, передано ибн Масудом",August,8,2015,13,2015-08-13,2026-01-08,3801,Shawwal
Искандер Зуль Карнейн и Александр Македонский – это один и тот же человек?,https://islam.kz/ru/questions/raznoe/iskander-zul-karnein-i-aleksandr-makedonskii-eto-odin-i-tot-je-chelovek-151/,"12 августа 2015 г., 12:55",68500,429,"В 83 аяте суры Аль-Кахф Священного Корана говорится о Искандере Зуль Карнейне. Кто этот человек? Некоторые говорят, что это и есть Александр Македонский. Так ли это?

Нурлыбек Сабыргалиев","Уважаемый Нурлыбек! В суреАль-Кахфприводится небольшой рассказ оЗуль Карнейне,однако, полных сведений о том, кто этот человек, где и когда жил, нет. При этом, он упоминается как человек, обладающий достаточной силой, чтобы властвовать на земле, умеющий добиваться поставленных целей. Приведем аят из суры Аль-Кахф:

Если же мы обратимся к историческим источникам, то известный астроном,ученыйАбу Райхан Мухаммед аль-Бируни (973-1048), в своем труде«Асар аль-бакия анил Курун аль-Халия –Памятники минувших поколений», говорит о происхожденииЗуль Карнейна.

Согласно этим сведениям, в110-599 г.г д.н.э, существовало царствоХимьяр. И подданные царства называли своего правителя«Зу», по аналогии  арабского«Абу».(Зу – означает «Хозяин»). ИЗуль Карнейнбыл одним из правителей этого царства. Его настоящее имя –Абу Бакр  ибн Ифрикаш.Вместе со своими войсками он через Средиземное море,  пройдя через земли Туниса, Марокко, создал городИфрикия. После этого африканский материк стал называться его именем как«Ифрикия»(Африка).Зуль Карнейномего называли за то,что его след простирался от запада и до востока, от места, где восходит солнце и заходит[2].

Если же говорить о том, является лиЗуль КарнейнАлександром македонским и имееет ли к нему вообще отношение, то по словам толкователяКорана Ибн Касира (1301-1371), он не может быть Македонским:

Александр Македонский– сын царя Македонии Филиппа, по национальности – грек. Его советником был великий Аристотель. И жил он на триста лет раньше пророка Исы. К тому же, Александр Македонский был мушриком, поклонявшимся греческим богам.

АЗуль Карнейн, согласно свидетельствуаль-Азракии других, жил во времена пророка Ибрахима. И был одним из последователей пути, который указывал пророкИбрахим (г.с)и был глубоко верующим, богобоязненным человеком. Кроме того, когда пророкИбрахимвозводил стены Каабы,Зуль Карнейнсовершал паломничество, говорят, что рядом с ним находился Кызыр (г.с)[1].

Некоторые ученые помимо Македонского проводят параллель междуЗуль Карнейноми царемАккада Нарам-Суэном, жившего в2237-2200 г.г.д.н.э.По их мнению, междуНарам-СуэномиЗуль Карнейномможно бонаружить немало сходства. Также как иЗуль Карнейн, Нарам-Суэнправил миром. Сохранились рисунки, высеченные на камнях. На которых Нарама-суэн изображен в двурогом шлеме. Также, согласно сохранившимся сведениям,Нарам-Суэнпроповедовал монотеизм, то есть придерживался идеи единобожия. И в завоеванных им странах, по его приказу уничтожались места для совершения идолопоклонства. И на основании этих данных, специалисты полагают, что эти две исторические личности схожи.

Резюмируя вышесказанное, стоит отметить, что упоминающийся в Священном КоранеЗуль Карнейнбыл истинным мусульманином, призывавшим к истинному пути служению Аллаху, восхвалявшим Всевышнего, отличавшийся нетерпимостью к несправедливости, наказывавший злодеев и оказывавший поддержку людям благочестивым. Это можно заметить и по следующим аятам Священного Корана:

Следовательно, не нужно путатьЗуль КарнейнасАлександром Македонским.Истина же известна лишь Аллаху!

Абдусамат КасымПеревод Зарины Нокрабековой","[1] Источник: Саид Қутуб. «Фи зилалиль Коран». Толкование суры Аль-Кахф.
[2]  Ибн Касир, толкование суры Аль-Кахф.
[3] сура Аль-Кахф, 87-88 аяты.",August,8,2015,12,2015-08-12,2026-01-08,3802,Shawwal
Сердце мое очерствело. Что делать?,https://islam.kz/ru/questions/raznoe/serdtse-moe-ocherstvelo-chto-delat-150/,"11 августа 2015 г., 12:26",7698,23,"Ассалам алейкум! В последнее время я заметил, что внутреннее состояние сердца довольно изменчиво. Не знаю, возможно, это влияние среды, социума, или же, это происки нечистого, который не дремлет, но сердце мое изменилось до неузнаваемости.  Еще вчера его переполняла любовь к этому миру, сотворенному  Всевышним, сегодня же, все чаще и красоты, и чудеса, и окружающий мир оставляют меня равнодушным. Я замечаю за собой жестокость ко всему, что меня окружает. Можно даже сказать, что в сердце поселилась ненависть. И осознание этого не доставляет мне радости, а наоборот, я становлюсь даже противен себе.

Арман","Ваалейкум ассалям, Арман!

Ученый-табиин Малик ибн Динар говорил:

«Если ты заметил, что сердце очерствело, тело ослабевает, а доля (удел, пропитание) все скуднеет, знай: ты тратил время на пустые разговоры, не имеющие к тебе отношения»

Напрасные слова про другого человека, разговоры о пустом, ложь, сплетни – все это ожесточает сердце.

Малик ибн Динар также отмечал:

«Сердце, не имеющее проблем и горестей, хиреет, разрушается,словно опустевший дом, разрушающийся без жителей».

Если мы забываем о смерти, не задумываемся о том, что будет с нами после ухода в мир иной, о том, с каким «багажом» деяний мы предстанем перед Аллахом, забывая про то, что каждый поступок и каждое слово записывается в Книгу деяний, чтобы потом стать для нас спасением или наказанием, сердце под налетом мирского становится жестоким. Великий поэт казахского народа, мыслитель и философ Абай писал: «Сытая жизнь и отсутствие забот истощает человека»

Поэтому, ежедневно уделяйте час или полтора чтению Корана. Вы можете даже поставить перед собой цель – изучение Корана наизусть. Коран смягчает сердца. Давно замечено, что человек, часто читающий Коран, не горюет по пустым мирским делам.

Кроме того, нужно уделять большое внимание обязанностям мусульманина и читать намаз с особым усердием. Мы должны помнить, что не просто совершаем ритуальное действие. А стоим перед Всевышним, и Он видит и знает все о наших намерениях. Старайтесь произносить все дуа, тасбихи в конце намаза, осмысливая содержание, пропуская через сердце. Также хорошо часто произносить «Истигфар» - дуа о прощении. В Коране говорится:

«فَوَيْلٌ لِّلْقَاسِيَةِ قُلُوبُهُم مِّن ذِكْرِ اللَّهِ–«…Горе тем,чьи сердца черствы к поминанию Аллаха!...» [1].

Одна из причин того, что сердце ожесточается в том, что мы не вспоминаем о Создателе. Пусть Всевышний дарует милость быть одним из Его любимых рабов!

Абдусамат Касым

Перевод Зарины Нокрабековой","[1] сура Аз-Зумар, 22-аят.",August,8,2015,11,2015-08-11,2026-01-08,3803,Shawwal
"Как правильней по сунне здороваться, двумя руками или одной?",https://islam.kz/ru/questions/raznoe/kak-pravilnei-po-sunne-zdorovatsya-dvumya-rukami-ili-odnoi-149/,"10 августа 2015 г., 15:49",25381,25,"Ассаламу алейкум! Я хотел бы спросить, как правильней по сунне  здороваться, двумя руками или одной?

Нурлыбек Сабыргалиев","Ваалейкум уассалам, Нурлыбек! Первым делом следует отметить, что в Исламе подавать руку, здороваясь с человеком, считается одним из благих деяний. Наш Пророк (с.г.с) говорил:

«Если два мусульманина пожмут друг другу руки при встрече, то их грехи непременно будут им прощены еще до того, как они расстанутся»[1].

Если же говорить о том, что больше соответствует сунне, пожимать две руки или здороваться одной при встрече с братом по вере, то стоит отметить, что в хадисах данный вопрос не рассмотрен отдельно. Однако, существуют два мнения ученых-исламоведов, основанных на хадисах:

1.Здороваться пожимая обе руки - сунна.В ханафитском мазхабе здороваться, пожимая обе руки является сунной[2]. Данное мнение основано на следующих данных. Согласно свидетельству сахабы Абдуллы ибн Масъуда, приведенного в «Сахих Бухари»: «Посланник Аллаха (с.г.с), научил меня дуа «ташаххуд», в то время, когда мои руки были между его двух рук ( то есть держа обеими руками). И научил меня словно учит суры Священного Корана»[3].

2. Здороваться одной рукой – это сунна.Ученые, придерживающиеся этого мнения, в качестве основы своих суждений говорят о том, что часто встречающееся в хадисах выражение «здороваться, пожимая руку», чаще всего означает именно процесс приветствия одной рукой. Однако при этом, они отмечают, что использование обеих рук в приветствии не является грехом.

Заключение:

Очевидно, что здороваться пожимая руку – согласно правилам нашей религии считается благим делом. Выполнять его – сунна (есть те. кто причисляет это действие к мустахаб).

Как же все таки приветствовать при встрече? Двумя руками или одной? Самым лучшим будет использовать тот метод, который наиболее подходит к менталитету, традициям данной местности.

В нашей стране подавать обе руки, здороваясь с человеком – знак большого уважения, воспитанности. Приветствуя людей старшего поколениятрадиционно подаем обе руки – опять же в знак уважения и почтения.

Из этого следует, что здороваться все же определенно лучше обеими руками. Потому что это не только способствует поддержанию уважительных отношений между людьми, и на наш взгляд, более соответствует цели, подспудно звучащей в хадисах.

Абдусамат Касым

Перевод Зарины Нокрабековой","[1] Сахих Бухари.
[2] Ибн Габидин, «Раддуль Мухтар». 9/548 стр.
[3] Сахих Бухари, «
باب الأخذ باليدين».",August,8,2015,10,2015-08-10,2026-01-08,3804,Shawwal
"Если мусульманин не смог участвовать в пятничной молитве – Жума намаз, ограничивается ли он прочтением полуденного намаза Зухр?",https://islam.kz/ru/questions/poklonenie/molitva-namaz/esli-musulmanin-ne-smog-uchastvovat-v-pyatnichnoi-molitve-juma-namaz-ogranichivaetsya-li-on-prochteniem-poludennogo-namaza-zuhr-148/,"8 августа 2015 г., 12:21",32397,32,"Ассалам алейкум! Мой вопрос такой: Если мусульманин по разным причинам не смог участвовать в пятничной молитве – Жума намаз, должен ли он в этот день ограничиться прочтением намаза Зухр? Жума намаза- пятничная молитва является обязательной. Иногда звучат мнения, что мусульманин, не принявший участие в Жума намазе, в тот день Зухр читать не должен. Что вы скажете на это?

Нагашыбай Кабылбек","Ваалейкум ассалам! Согласно правилам, принятым в ханафитском мазхабе, в случае если мусульманин по определенным причинам не смог принять участие в пятничной молитве – Жума намаз, он должен прочитать полуденный намаз Зухр. Потому что, полуденный намаз – обязательная молитва, совершаемая верующими в это время суток. Однако, один раз в неделю вместо нее мусульманам приказано читать пятничную молитву – Жума намаз. Если же по разным причинам человек пропускает Жума намаз, то это не освобождает его от обязанности читать полуденную молитву Зухр. К примеру, для путника Жума намаз не является обязательным, а Зухр – обязателен.

В сборнике хадисов  «Канзуль уммаль» приведены слова Али ибн Аби Толиб. Уважаемый сахаба говорит: «В местности, где Жума намаз является обязательным, люди не соврешают Зухр коллективно, джамагатом»1].

Как можно заметить из слов Азрета Али, человек, не принявший участие в пятничной молитве в обязательном порядке читает полуденный намаз Зухр, но не с джамагатом, а один.

Перевод Зарины Нокрабековой","[1] Аля’уддин Али аль-Муттаки ибн Хисамуддин аль-Һинди, «Канзуль уммаль», хадис №23309.",August,8,2015,8,2015-08-08,2026-01-08,3806,Shawwal
"Если Всевышний знает заранее какой путь выберут люди, зачем нужно было сотворять нас?",https://islam.kz/ru/questions/veroubejdenie/esli-vsevyshnii-znaet-zaranee-kakoi-put-vyberut-lyudi-zachem-nujno-bylo-sotvoryat-nas-147/,"6 августа 2015 г., 11:23",10911,29,"Ассалам алейкум!  Иногда у меня спрашивают: «Если Всевышний знает заранее по какому пути пойдет каждый из его рабов, зачем тогда Он сотворил людей? Почему же тогда Он просто не отправил неверующих в Ад, а мусульман в Рай? Ведь Он не нуждается в наших деяниях?». Я бы тоже хотел получить ответ на этот вопрос от вас, ИншаАлла. Самед.","Вааалейкум вассалам!

Во-первых, Всевышний ничего не сотворил зря, без цели. И в том, что по воле Аллаха, на свет появились мы, есть свое предназначение. «Воистину в сотворении небес и земли, а также в смене дня и ночи заключены знамения для обладающих разумом»[1].

Во-вторых, Всемогущий Аллах – Хаким, то есть Мудрый Творец. По своей воле Он наделил человека разумом и свободой выбора, не сделав  бесчувственным роботом. И в этом одно из проявлений Его мудрости.

Человек разумный, наделенный сознанием, умом, способностью мыслить, различая хорошее и плохое, сам выбирает свой путь, и это естественно.

Следующий вопрос: знает ли Всевышний о будущем? Ответ на него очевиден. Потому что Обладающий Могуществом Творец априори должен знать все, что будет до Судного Дня. Если же говорить, что Он не знает будущего, получится, что мы усомнимся в том, что Он «Знающий», назовем Его «Не знающим обо всем». Как же может неведающий обо всем быть Всемогущим Творцом?

То есть, Аллах Тааля знает кто будет мусульманином, а кто выберет себе путь неверующего, и это правильно и уместно. И все, что происходит, случается в соответствии с этим. И нужно запомнить следующее: то, что Всемогущий Аллах знает заранее обо всем, не заставляет нас поступать именно так.

Перед тем как сотворить людей, Всевышний сказал ангелам: «Я установлю на земле наместника». Ангелы сказали: «Разве Ты установишь на ней того, кто будет там производить нечестие и проливать кровь? А мы возносим Тебе хвалу и святим Тебя». Он сказал: «Поистине, Я знаю то, чего вы не знаете» [2].

Несомненно, что Всевышний знает кем мы станем, и какой путь изберем. Однако, зная об этом, Он не раскрывает тайны предназначения. Поэтому, лучше использовать силы, время и знания не на поиски ответа на ненужные вопросы, а направить их на должное выполнение приказов Аллаха. Потому что мы будем спрошены за наши деяния, а не Аллах. В Коране сказано: «Его не спросят за то, что Он совершает, а они будут спрошены» [3].

Перевод З.Нокрабековой","[1] Аль Имран- Семейство Имрана, 190-191 аяты.
[2] сура Аль Бакара, 30-аят.
[3] сура Аль Анбийа - Пророки, 23-аят.",August,8,2015,6,2015-08-06,2026-01-08,3808,Shawwal
"Заносятся ли в ""Книгу деяний"" все слова, которые мы пишем в соцсетях?",https://islam.kz/ru/questions/raznoe/zanosyatsya-li-v-knigu-deyanii-vse-slova-kotorye-my-pishem-v-sotssetyah-146/,"5 августа 2015 г., 14:42",4660,22,"Ассаламалейкум! Мой вопрос относительно социальных сетей. Заносятся ли в Книгу деяний (амал даптер) все слова, которые мы пишем в соцсетях, например, Вконтакте, в Твиттере итд. Если можно, приведите в ответе конкретные хадисы.

Даурен Максутхан.","Ваалейкум уассалам, Даурен!

В Коране сказано: «كِرَامًا كَاتِبِينَ يَعْلَمُونَ مَا تَفْعَلُونَ–Поистине, над вами есть досточтимые ангелы - хранители. Они записывают ваши деяния и знают, что вы делаете. [1].

Естественно, что человек, проводящий время в социальных сетях, проделывает определенные действия. Он общается, ведет переписку, оставляет комментарии, читает новости. И это – деяния человека. В одном из аятов Священного Корана говорится:

«مَّا يَلْفِظُ مِن قَوْلٍ إِلَّا لَدَيْهِ رَقِيبٌ عَتِيدٌ-«Стоит ему произнести слово, как при нем оказывается готовый наблюдатель» [2].

То, что мы пишем в социальных сетях – слова. Которые мы бы хотели произнести в реальной жизни. То есть слова, которые мы произнесли или написали, записываются в нашу Книгу деяний.

Наш Пророк (с.г.с), говорил: Ангелы, записывающие деяния человека, оставляют его лишь в трех случаях: В состоянии полового осквернения (джунуб), в туалете и когда он моется. Во всех других случаях ангелы с нами.

Из этого следует, что мы должны быть внимательны к каждому слову, которое пишем в социальных сетях. Потому что они тоже записываются в нашу Книгу деяний.

Поистине Аллаху ведомо лучше.

Перевод с казахского З.Нокрабековой","[1]сура Интифар - Раскалывание, 9-10 аяты
[2] сура Каф, 17-18 аяты.",August,8,2015,5,2015-08-05,2026-01-08,3809,Shawwal
Обязательно ли совершать хиджру?,https://islam.kz/ru/questions/veroubejdenie/obyazatelno-li-sovershat-hidjru-145/,"4 августа 2015 г., 11:26",7386,19,"Ассаламу алейкум! Я бы хотел получить ответ на волнующий меня вопрос. Нередко из уст молодых людей звучит мнение, что наша страна не «Даруль Ислам», и даже больше, некоторые называют ее родиной кяфиров. И они убеждены, что по причине этого нужно совершить хиджру – переезд в другую мусульманскую страну. В качестве доказательства своей правоты они приводят аят в суре ан-Ниса. «…И спросят ангелы у них: «В каком положении вы находились?» Они скажут: «Мы были слабы и притеснены на земле». Они скажут: «Разве земля Аллаха не была обширна для того, чтобы вы переселились на ней». Их обителью станет геенна. Как же скверно это место прибытия.(97 аят сура ан-Ниса).Что вы скажете на это?","Ваалейкум ассалам! Аят, которым руководствуются молодые люди, приводя его в качестве доказательства, совершенно нельзя отнести к нашей стране. Давайте для начала определимся, что такое «Хиджрат»?

«Хиджрат» - это ситуация, когда верующий человек, мусульманин, не имея возможности отправлять свои религиозные ритуалы, богослужения согласно вере, ущемленный в своих правах именно из-за своего вероисповедания, для спасения своей веры и даже своей жизни, вынужден оставить страну «даруль куфр», и, переехать в «даруль ислам», то есть местность, где его не будут ограничивать из-за веры.

Ученые ханафитского мазхаба в своем заключении относительно хиджрата, единодушны в мнении, что совершать хиджрат, то есть переезд, даже проживая в «даруль куфр», не является ваджибом – обязательным. Потому что в одном из своих хадисов наш Пророк Мухаммед (с.г.с), говорил: «Мекка перешла к мусульманам. После этого совершать хиджру не нужно. Вместо этого есть намерение бороться на пути Аллаха»  [1].

В других мазхабах является ваджибом совершать хиджру,если человека ограничивают в отправлении религиозных ритуалов, запрещают поклоняться,  а также ущемляют по религиозному признаку.

Казахстан – страна, в которой Ислам является религией коренного народа и которую мы исповедуем сотни лет. То есть, наша страна считается«даруль ислам».И поэтому, вышеприведенный аят совершенно неприменим к нам. Ведь испокон веков наши предки, ценой жизни защитившие свою землю от чужеземных захватчиков  вроде джунгар,имеющих другую веруи другой язык, были истинными мусульманами.

И ханы, и султаны, вся знать получала мусульманское воспитание и образование. Ислам получил широкое распространение и среди простого народа, строились мечети, медресе. И наша земля – это завет наших дедов, истинных мусульман, отстоявших каждую пядь земли.

Хвала Всевышнему, после распада Союза, наша религия обрела крылья. Государство со своей стороны не чинит препятствий для желающих исповедовать религию своих отцов и даже наоборот, всячески поддерживает. По всей стране, в городах и селах взметнулись ввысь минареты мечетей, знаменуя собой торжество веры,  далеко в степь и горы, по улицам городов, аулов разнося звуки азана. И называть эту страну«страной кяфиров»- явное противоречие шариату. И это признак недалекого ума, увы.

В нашей стране нет причин, побуждающих мусульман совершатьхиджру, переезжать только по религиозным соображениям. Напротив, мир и стабильность, царящие в стране, каждый мусульманин может и должен использовать с пользой, примером, своей жизнью проповедуя ценности Ислама.

Я считаю, что люди, убежденные в том, что нужно совершить хиджру, уезжать из этойстраны,на самом деле имеют совершенно иные психологические причины. Загнав себя в жесткие рамки, стараясь быть или выглядеть совершенным, по-видимому, они оказались в конфликте с социумом, с окружающими. На каждое действие или слово у них заготовлены «ярлычки», которыми они щедро клеймят всех. «Это бидагат, это харам, ты кяфир», и т.д. Совершенно забывая об элементарных правилах жизни в обществе, они ходят с нарочито не аккуратными бородами, щеголяют в суперкоротких штанах, думая тем самым, что они бросают вызов всем. Как следствие конфликта, такой человек не может трудоустроиться, а если находит работу, подолгу не задерживается. Вступая в конфликт с обществом, он обрекает себя на одиночество в толпе. Испытывая постоянный психологический дискомфорт, он ошибочно начинает считать, что лучшим выходом будет именно переселение – хиджра.  Что по сути является бегством от ситуации, которую он сам же и создал.

Кайрат Жолдыбайулы

Перевод с казахского Зарины Нокрабековой.","[1] Аль-Маусугатуль Фикһия. «Даруль Харб».
Казахский вариант этой статьи можете прочесть, пройдя по ссылке:
http://islam.kz/kk/questions/aqida-senim/ozge-elge-hijrat-jasau-kerek-degender-bar-olarga-ne-aitar-ediniz-427/#gsc.tab=0",August,8,2015,4,2015-08-04,2026-01-08,3810,Shawwal
Табак – продавать или нет?,https://islam.kz/ru/questions/torgovlya/tabak-prodavat-ili-net-143/,"31 июля 2015 г., 11:33",3637,12,Вопрос:Каково решение шариата о продаже табака?,"Ответ:Решение о (дозволенности или запретности) потреблении табака и финансовом сотрудничестве посредством него зависит от заключения врачей о его воздействии на организм человека. Врачи всего мира единодушны в том, что табак приносит вред организму. Следовательно, шариат устанавливает необходимость отстранения от него и запретность его использования. А купля-продажа всего, употребление чего запрещено, также является запретным. Шариатское правило в этом вопросе базируется на следующем хадисе Посланника Аллаха (мир ему и благословение):

لا ضرر ولا ضرار

""Нет вреду и вредоносному"".

Из книги шейха Мухаммада Саида Рамадана аль-Бути «Маа ан-нас».

Подготовил: М.П. Гаджиев (www.islam.ru/)",,July,7,2015,31,2015-07-31,2026-01-08,3814,Shawwal
"Из-за того что мой муж худой и низкий, я думаю о разводе…",https://islam.kz/ru/questions/veroubejdenie/iz-za-togo-chto-moi-muj-hudoi-i-nizkii-ya-dumayu-o-razvode-144/,"31 июля 2015 г., 9:43",5399,14,"Два года назад я вышла замуж. Мой муж мне не нравится, он очень худой, и рост низкий. Я столько просила, чтобы он занимался спортом! Но он не находит времени. Из-за этого я в последнее время начала заглядываться на других – увижу высокого, в хорошей форме парня и думаю: вот бы мне такого мужа! В то же время стараюсь не смотреть ни на кого, борюсь сама с собой, но мысли остановить не могу. Не раз думала о разводе…","С точки зрения религии:

Прежде всего хочу информировать Вас о том, что согласно мусульманскому праву женщина, в отличие от мужчины, не имеет права требовать и даже просить развода у своего мужа без обоснованных Шариатом причин. Позволю себе немного отступить от темы и сказать, что такая норма объясняется тем, что женщина в отличие от мужчины больше подвержена эмоциям, нежели здравому смыслу. И Шариат уберёг женщину от возможных поспешных решений-ошибок, совершив которые она может сожалеть всю оставшуюся жизнь. К примеру, причинами для подачи женщиной на развод могут быть: неисполнение её супругом своих прямых обязательств перед супругой, а именно материальное необеспечение или неисполнение супружеского долга; болезнь мужа: венерическая кожная болезнь, которая может перейти на супругу, или она вызывает отвращение, импотенция и т.п. В этом списке нет такого пункта, как низкий рост или дистрофия, поэтому просить развода у Вашего супруга Вам нельзя, это – грех! Посланник Аллаха (мир ему и благословение) сказал, что женщине, потребовавшей развода у своего мужа без обоснованной по Шариату причины, Рай будет запретным. Поэтому раз и навсегда забудьте о разводе.

Судя по всему, Вы вышли замуж не по любви, а по расчёту, и именно поэтому Вы уделяете столь большое значение внешним данным своего мужа. Постарайтесь полюбить своего супруга, для этого Вам надо немного отойти от его внешности и присмотреться к его душе, духовному миру. Обратите внимание на его личностные достоинства, черты характера, нрав и т.п. Если Вам удастся полюбить мужа, он преобразится в Ваших глазах, Вы будете смотреть на него уже другими глазами. Поверьте, в моей практике уже было несколько таких случаев.

Вдобавок хочу сказать, что если Вы будете проявлять терпение и постараетесь быть хорошей женой для своего мужа, Вы будете щедро вознаграждены Всевышним на Том свете, который для каждого верующего намного важнее, или, как минимум, так должно быть в идеале земной жизни! Ведь та жизнь вечная, не имеющая конца, а жизнь на этом свете бренна и коротка. Стоит ли менять гарантированное и вечное счастье на возможное и временное?!

Подытожить хочу предостережением Вас от взоров на посторонних мужчин, потому что это – грех. Чем больше Вы будете засматриваться на других мужчин, тем больше внутри Вас будет разрастаться «неприязнь» к собственному мужу, что может положить конец семейным узам. Да поможет Вам Всевышний совладать собой и добиться того самого истинного женского счастья! Амин.

С точки зрения психологии:

Проблема, скорее всего, не в том, что Ваш муж низкого роста и худого телосложения, а в том, что Вы не испытываете к нему глубоких чувств. Естественно, нельзя сводить к нулю значимость внешних качеств мужчины, поскольку они играют не последнюю роль, и любая женщина желает видеть рядом с собой сильного мужчину. Однако надо всегда понимать, что сила –  явление достаточно условное. Человек не может быть одинаково силён во всех сферах жизни. Подумайте над тем, какие достоинства есть у Вашего мужа, что есть в нём такого, чего нет в других мужчинах.

Прошу понять меня правильно, я вовсе не пытаюсь перевести стрелки на Вас, но стоит задуматься, какие глубинные причины могут послужить тому, что Вы сейчас переживаете. Как было замечено в начале моего ответа, основная доля Вашего восприятия мужа приходится на отсутствие к нему чувств. Именно это заставляет Вас искать в нём недостатки, обращать внимание на его внешние данные. В своем трактате «О любви» известный писатель Анри Стендаль сообщает о том, что когда мужчина не уверен в сердце своей возлюбленной, то ему нет никакого дела до того, как она выглядит. Думаю, что этот же принцип справедлив и для мужчин. Скорее всего, Вы настолько уверены в любви своего мужа, что это даёт Вам основания воспринимать его критически. На этом этапе отношений всегда происходит нехорошая переоценка происходящего, обесценивание многого из того, что обесценивать никак нельзя. Попробуйте представить такую ситуацию: Вашим мужем начинают интересоваться другие женщины, пытаются завести с ним некие отношения, предлагают взять их в жены, и при всё при этом он отвечает на их знаки внимания и т. п. Что тогда произойдёт, станет ли Вас волновать, что он худой и невысокий? Думаю, что нет, на первый план выйдут другие критерии.

Естественно, никто не может Вас заставить полюбить своего мужа таким, какой он есть, но будет, по крайней мере, справедливым принять его таким, какой он есть, не обесценивая его достоинств.

Ещё подумайте над тем, что же на самом деле является главным для Вас, что он такой худой и низкий, или то, что есть опасение того, что окружающие начнут на Вас криво смотреть из-за того, что рядом с Вами такой непрезентабельный мужчина. Конечно, куда круче ходить рядом с атлетическим мужчиной, это как дорогое авто или роскошная шуба, или дорогие ювелирные украшения. Но это же всё приходящее-уходящее, приоритеты всегда меняются. Это может быть проявлением Ваших комплексов малозначимости.

Да, это хорошо, когда мужчина пытается выглядеть привлекательней, когда прилагает для этого усилия, но есть и объективные вещи, изменить которые вряд ли будет возможно. Что касается роста Вашего мужа, так уж с этим просто придётся смириться, вряд ли он вырастет ещё сантиметров на 20. Да и на пять-то не вырастет, не тот возраст, чтобы расти. Относительно телосложения, так и тут может быть это конституциональная особенность Вашего мужа, изменить которую вряд ли удастся без специальных методов, от которых больше побочных негативных явлений, чем пользы. Да, он может пойти в тренажёрный зал, немного подкачать свои мышцы, но Геркулес из него, скорее всего, не получится. Сразу надо чётко определить объективную сторону происходящего: что можно изменить, а что нельзя. Нельзя категорически упрекать его в том, какой он есть, это не приведёт к желаемому результату. Нужно действовать иначе, по-другому. Старайтесь эмоционально поддерживать, всячески повышать его значимость. Это придаст ему уверенности, и от этого изменится его внешний облик, походка станет более уверенной, появится осанка. Этим путем можно вызвать в нём желание выглядеть ещё более презентабельнее.  Демонстрируйте перед мужем свою слабость, то что Вы зависимы от него, нуждаетесь в его поддержке, но не то, что Вы сильная и хотите его переделать.

Мухаммад-Амин - хаджи Магомедрасулов

Алиасхаб Анатольевич Мурзаев

психолог-консультант Центра социальной помощи семье и детям

Источник: www.islam.ru/",,July,7,2015,31,2015-07-31,2026-01-08,3814,Shawwal
"У нас не ладится в интимной жизни, что делать?",https://islam.kz/ru/questions/semya/semya/u-nas-ne-laditsya-v-intimnoi-jizni-chto-delat-142/,"18 июля 2015 г., 13:37",6698,29,"Ас-саламу алейкум уа рахматуЛлахи уа баракатуху!

Ораза айты кабыл болсын! У меня такой вопрос: мы с женой живём восьмой год, есть дети АльхамдулиЛлах, но, в последние годы, у нас не ладится в интимной жизни. У жены пропало желание интимной близости, в течение месяца бывает 3-4 раза, меня это не устраивает. Не знаю как быть, у жены постоянные отговорки - то не выспалась, то устала и т.д. Я помогаю по хозяйству по возможности, так как постоянно нахожусь на работе, да и мать, хоть и пожилая, но помогает присматривать за детьми. Я с ней говорил на эту тему, что нельзя отказывать мужу без особых на то причин, приводил хадисы, но она на всё смотрит поверхностно. Не знаю как быть, разводится не хочу (дети). Посоветуйте пожалуйста, может есть дуа после намаза, заранее спасибо.

Ас-саламу алейкум, ваш брат по вере.","Ваалейкум ас-салам уа рахматуЛлахи уа баракятуху!

Дорогой брат!

Во-первых, ей нужно обратиться к специалисту, может быть психологу, сексологу или даже быть гинекологу. Проблема в здоровье может сказаться на желании в интимной сфере. Пусть посоветуется с ними. У них в этом плане как специалистов больше знаний.

Во-вторых, думаю, вы слишком нежный с ней. Иногда женщинам нравится, когда мужчина показывает свой характер. Этоне значит, что нужно бить ее. Просто, будьте львом. Приходите домой, пусть почувствует что вы царь в своем доме. Помогайте ей в домашних делах, (на кухне, например) в крайних случаях. Если она больна, или когда ей трудно справляться с некоторыми делами по дому одной, тогда ваша помощь будет ценной, и она почувствует, что можно положиться в трудную минуту на вас. Вы будете героем в ее глазах.

Или наоборот, вы слишком грубы сней. И не помогаете совсем ей в трудные минуты. И она обижена на вас? У женщин интимная жизнь и эмоции очень взаимосвязаны, поэтому, если возникают проблемы на уровне эмоции, то это сразу же отражается и на интимной сфере. Не поленитесь помоч ей. Старайтесь не обижать её грубыми словами и упрёками, не срывать не ней свою злость и раздражение.

В-третих, намекайте ей в удобной атмосфере (в шутку, например), что может пора вам взять вторую жену, которая могла бы удовлетворить вас, когда вы этого хотите. Женщины собственницы... другая женщина или миф о ней очень встревожит, и она посмотрит на вас другим взглядом.

В-четвертых, командировка, ведь очень часто в браке супруги находятся рядом практически все время и привыкают друг к другу, образ придаётся, нет ничего нового, нет тоски друг по другу и все идет как по накатанной. Дайте ей поскучать по вам.

В-пятых, не забывайте о романтической стороне отношений, которая так важна для большинства женщин. Чтобы быт не убил любовь, мужчина должен хотя бы иногда сходит с ней куда нибудь, например в ресторан поужинать или дарит подарки. Не забывайте поздравлять с праздниками и почаще говорить ей о том, какая она красивая и как он её любит.

Дай Аллах вам и вашей семье всего хорошего в обоих мирах!",,July,7,2015,18,2015-07-18,2026-01-08,3827,Shawwal
Может ли дуа изменить судьбу?,https://islam.kz/ru/questions/veroubejdenie/mojet-li-dua-izmenit-sudbu-141/,"15 июля 2015 г., 9:03",9994,57,,"Вопросы и мысли о предопределении естественны и часто возникают в сознании верующего, так как вера в предопределение являются существенным моментом исламского вероучения.

С одной стороны, верующий должен верить, что судьба каждого уже предопределена и неизбежна, с другой стороны, взывания и мольбы к Всевышнему могут изменить происходящее. Возникает вопрос, может ли дуа изменить судьбу?

Да, дуа может изменить предопределение (кадр). Пророк Мухаммад (мир ему) говорил: «Ничто не может остановить уже определенное Свыше, кроме мольбы-ду‘а».

Также Посланник Аллаха (мир ему) сказал: «Не избавит предосторожность от судьбы, но мольба избавляет от того, что ниспустилось, и от того, что еще не снизошло. И когда ниспускается несчастье, его встречает мольба, и они борются до Судного Дня».

Эти хадисы являются доказательством того, что искренние взывания верующего к Аллаху могут изменить предписанные для них предопределение и судьбу, а именно то, что ангелы написали в книге судьбе по воле Всевышнего.

Однако может возникнуть вопрос, как то, что предопредлено Аллахом в человеческой судьбе, может быть изменено по нашей воле и дуа? Все происходит только по воле Аллаха и Его ведома, и если наши дуа способны изменять и предотвращать определенные события в нашей жизни, то только потому, что милость Аллаха всеобъемлюща, и Он не оставляет своего раба. Дуа по воле Аллаха может изменить наше будущее, но даже это изменение было заранее предопределено Всевышним Аллахом:

«У Него ключи к сокровенному, и знает о них только Он. Ему известно то, что на суше и в море. Даже лист падает только с Его ведома. Нет ни зернышка во мраках земли, ни чего либо свежего или сухого, чего бы не было в ясном Писании» (6:59).

Если даже дуа верующего остается не отвеченным в этом мире, и он не получает то, о чем просил Всевышнего, дуа никогда не остается произнесенной понапрасну. Произнесенные им дуа запишутся в книгу деяний как благие, за которые они получат награду в мире вечном или уберегутся от несчастья.

В любом случае дуа – это беспроигрышное благо для верующего, так как приносит благо, даже если остается не отвеченной в этой жизни:

«Взывайте ко Мне, и Я отвечу вам» (Верующий, 60).

Сайда Хайат",,July,7,2015,15,2015-07-15,2026-01-08,3830,Ramadan
Причины возникновения сомнений в вере,https://islam.kz/ru/questions/veroubejdenie/prichiny-vozniknoveniya-somnenii-v-vere-140/,"10 июля 2015 г., 11:18",3836,101,,"По какой же причине могут появляться сомнения относительно, например, существования Рая и Ада, да и вообще существования самого Всевышнего Аллаха?

Во-первых, мы должны помнить, что подобные наущения внушает нам стана, и поэтому в первую очередь нужно просить защиту от его козней у Всевышнего Аллаха, читая истиазу («Аузу билляхи мина-шшайтани рраджим»).

И такого рода вопросы могут появиться из-за грехов, совершаемых этим человеком. Ибну Хаджар Аскалани в книге «Фатх аль-Бари» пишет: «Грехи – это то, что приводит человека к куфру (в неверие), и есть боязнь плохой кончины (смерти в неверии) для того, кто будет постоянно предаваться грехам» («Фатх аль-Бари», 10-й том, стр. 466).

Чем больше мы ослушиваемся нашего Творца, тем ржавее наше сердце, тем легче шайтану сбить нас с верного пути своими наущениями. Чем больше мы грешим, тем больше мы подвергаем себя опасности умереть в неверии. Да сохранит нас Всевышний Аллах от ослушания Его, и да поможет больше Ему поклоняться и сторониться Его запретов, и да укрепит Он иман в наших сердцах!

Поэтому, тот человек, в чьё сердце вкрадываются сомнения, которые приводят его к неверию, немедля должен обратиться к самому себе и найти пробелы, которые он допускал в отношении покорности Всевышнему Аллаху и, пока не поздно, раскаявшись, придти к Его послушанию.",,July,7,2015,10,2015-07-10,2026-01-08,3835,Ramadan
Можно ли постящему  мазать крем и купаться? Нужно ли поститься беременным?,https://islam.kz/ru/questions/poklonenie/post/mojno-li-postyashemu-mazat-krem-i-kupatsya-nujno-li-postitsya-beremennym-139/,"18 июня 2015 г., 14:41",45294,11,,"1. Можно ли мазать крем человеку, который держит пост во месяц Рамазан?

Вещества, проникающие через поры на кожном покрове человека, не портят пост. К примеру, можно пользоваться кремами, мазями, маслами, делать перевязку на раны. Однако, употребление крема или мази должно быть в меру. Потому что излишне плотный слой крема или мази может препятствовать проникновению воды во время тахарата - омовения, и он не будет правильным.

2. Нужно ли поститься беременным?

Шариат позволяет беременной или кормящей женщине не держать пост, отложив его на потом, если есть опасность за здоровье и жизнь ребенка или матери ( аль-Касани, Бадаиъ – 2/614.). В хадисе, приведенном сахабой Анесом бин маликом, наш Пророк (с.гс.), говорит: «…Поистине Всевышний укоротил намаз для путника,а пост не сделал обязательным для путника, беременной, кормящей женщины…» (Ибн Мажа – 1667.)

3. Можно ли купаться в водоеме постящемуся человеку?

Во время поста можно купаться с намерением охладиться или сделать гусль (полное омовение) и это не портит пост [Фатауаль Исламия, Даруль Ифта аль-Мысрия, 1/100.]. Однако, нужно следить за тем. Чтобы через нос и рот не попала вода во внутрь. В хадисе от Абу Давуда говорится о том, что Пророк (с.гс.) во время поста спасаясь от жары и жажды, лил себе на голову воду. [Абу Дауд, Китабус Сиям, 2365-хадис. Сахих.]. По мнению ученых, не портит пост и вода, попавшая в уши во время купания.",,June,6,2015,18,2015-06-18,2026-01-08,3857,Ramadan
"Портиться ли пост если проспал на сухр, сглотнул слюну или поцеловал в щеку?",https://islam.kz/ru/questions/poklonenie/post/portitsya-li-post-esli-prospal-na-suhr-sglotnul-slyunu-ili-potseloval-v-sheku-137/,"5 июня 2015 г., 12:12",215140,36,,"1.Что делать, если проспал на сухур (утренний прием пищи)?

Если мусульманин постящийся в месяц Рамазан, проспит время сухура – утреннего приема пищи, то в этот день он должен(без приема пищи)сделать ниет и держать пост. Потому что наш любимый Пророк (с.г.с), в «День ашура» приказал объявить: «Если кто нечаянно съел что-нибудь, пусть прекратит сразу же и продолжит свой пост до конца дня. Тот же кто не успел ничего поесть, пусть держит свой пост до конца».Как видим из этого хадиса, даже если постящийся не встал по каким-либо причинам на сухур, он должен сделать ниет без приема пищи и держать пост.

2. Портится ли пост, если нечаянно или намеренно сглотнул слюну?

Если человек, держащий пост, сглатывает  слюну, его пост не портится. Не портится пост даже если человек сглотнул соплевидные массы из носа.

3. Если во время поста поцеловать человека в щеку, будет ли испорчен пост?

Поцелуй в щеку человека не портит его пост. Потому что по свидетельству матери всех правоверных Аиши, пророк (с.г.с), будучи постящимся, целовал своих жен.

Нужно особо отметить следующее: если целующий уверен, что во время поцелуя не произойдет семяизвержения и поцелуй не повлечет за собой половой близости, то целовать разрешено. Если же такой уверенности нет, то нужновоздерживатьсяот такихдействий.",,June,6,2015,5,2015-06-05,2026-01-08,3870,Sha'ban
Какие дуа (молитвы) можно читать перед экзаменом?,https://islam.kz/ru/questions/raznoe/kakie-dua-molitvy-mojno-chitat-pered-ekzamenom-138/,"4 июня 2015 г., 17:48",57923,16,,"Главным условием успешной сдачи экзаменов, конечно, является добросовестная подготовка к нему. Но если студент или ученик, перед экзаменом прочитает следующие дуа, то надеемся, что по воле Всевышнего, результаты экзаменов будут положительными.

Перед экзаменами можно читать следующие дуа:

«Рабби адхилнии мүдхаля сидкин уа ахрижнии мухража сидкин, уажъал лии мил лядункя султанан насиира»[1]

Смысл: ""Господи! Пусть мое пришествие будет правдивым, и пусть мой уход будет правдивым! Даруй мне знамение от тебя в помощь""

Находясь уже на экзамене, прежде чем отвечать на вопрос можно прочитать  дуа пророка Мусы (г.с):

«Раббишрах лии садри. Уа яссир лии амри. Уахлул ъукдатам мил лисани. Яфкаһуу каули!»[2]

Смысл этого дуа: ""Господи!Раскрой мое сердце (для принятия твоих откровений). Облегчи мне дело. И развяжи узел на моем языке. Чтобы они понимали мою речь"".

В любом случае, нужно помнить, что залогом успеха в экзамене, тестировании является, прежде всего, тщательная подготовка и изучение материала. Как говорят казахи: «На способного и неленивого прольется свет благословения». В священном Коране же говорится: «…человеку лишь то - в чем он усердствовал. И усердие его будет усмотрено».[3].

Перевод с казахского Зарины Нокрабековой","[1] сура Исра, 80 аят.
[2] сура Таха, 25-28 аяты.
[3] сура ан-нажм, 39-40 аяты",June,6,2015,4,2015-06-04,2026-01-08,3871,Sha'ban
Чего нельзя делать во время беременности?,https://islam.kz/ru/questions/semya/semya/chego-nelzya-delat-vo-vremya-beremennosti-136/,"2 июня 2015 г., 16:31",17642,14,"Можно ли во время беременности вязать, шить? Так хочется что-нибудь связать... Все вокруг твердят, что если вязать во время беременности, то ребёнок родится с обвитием пуповины. Мне кажется, что это не относится к мусульманам... И ещё: можно ли покупать во время беременности детские вещи заранее? Извините за глупые вопросы, просто хочется знать…","С точки зрения религии:

На тему «можно ли вязать во время беременности» существует много споров. Различные домыслы и суеверия на этот счёт не дают покоя многим будущим мамам. Однако можно с уверенностью сказать, что это не больше, чем миф и бред.

Сторонники этого довольно старого мифа прогнозируют будущим мамам, увлекающимся вязанием во время беременности, обвитие пуповины вокруг шеи ребёнка. Но это всего-навсего суеверие, не более чем. Женщины, которые не вяжут во время беременности, имеют равные шансы с теми, которые вяжут, родить ребёнка с диагнозом «однократное или многократное обвитие пуповиной». Поэтому запрет на вязание во время беременности – большое заблуждение. Шитьё и вязание – это чисто женские занятия, и нет ничего удивительного в том, что женщине в положении хочется заниматься чем-то таким.

Вязание успокаивает, а это означает, что беременной даже желательно им заниматься. Но нужно остерегаться того, чтобы долго сидеть в одном и том же положении, поскольку из-за этого у ребёнка может появиться нехватка кислорода и питательных веществ. Лучше всего делать перерыв каждые 30–40 минут.

Заранее запасаться детскими вещами не порицается, в этом нет ничего запретного. Я бы Вам посоветовал соединить приятное с полезным, а именно – вязать не что попало, ради самого увлечения, а вещи для своего будущего ребёнка.

Просите Аллаха дать Вам хорошего и здорового малыша. Читайте, смотрите хорошее и говорите только о благом, светлом, добром. Дай Аллах Вам здорового, крепкого ребёнка! Амин.

С точки зрения психологии:

Беременность – это всегда период надежд, ожиданий, конечно же, опасений. Всё дело в том, что любая информация о развитии плода всегда особо важна и актуальна для женщины в период беременности. Ведь доподлинно известно, что у женщины, находящейся в положении, идёт перестройка всего организма, меняется, в том числе, и психика, а именно, происходит смена так называемой доминанты, то есть главенствующего мотива, главного средоточия мысли.

В этой связи становится ясным, почему Вы задаётесь такими вопросами. Ваши страхи обусловлены внутренним опасением причинить какой-либо вред будущему ребёнку. Однако страх не должен означать подмену реального воображаемым.

В самом деле, в быту устойчиво мнение о том, что вязание во время беременности приводит к обвитию пуповины. Но если посмотреть статистику встречаемости подобного у женщин, занятых вязанием или нет, то мы не обнаружим значимых различий. Всё дело в том, что люди, сопоставив несколько отдельных фактов, могли прийти к такому мнению.

Просто будьте уверенны на тот счёт, что обвитие не связано с тем, шьёт ли женщина или нет, оно является следствием других причин. Этими причинами могут быть как сами шевеления плода, так и резкие поворотные движения самой женщины.

Единственное, на что стоит обратить внимание, если Вы решитесь вязать или шить, так это то, что вязание может потребовать излишней концентрации внимания и напряжения зрительного анализатора, что не очень хорошо. Кроме этого, важно учесть и то, что на поздних сроках крайне важно соблюдать определённые удобные позы для сидения при вязании. Легко может случиться такое, что Вы, увлёкшись спицами, незаметно для себя начнёте давить на плод, что уже не будет хорошо и может плохо отразиться на здоровье ребёнка.

Что касается покупки заранее вещей для ребёнка, то в этом нет ничего плохого, равно как и ничего хорошего. Вы всегда успеете сделать необходимые покупки, единственное, можно запастись кроваткой и спальными принадлежностями. А что касается вещей, так Вашему малышу или малышке, минимум месяца два, они вовсе не понадобятся, Вы легко обойдётесь пелёнками.

Главное соблюдайте правильную диету, следите за своим здоровьем и оградите себя от всего, что может вызвать нервозность и волнение.

Мухаммад-Амин - хаджи Магомедрасулов

Алиасхаб Анатольевич Мурзаев

психолог-консультант Центра социальной помощи семье и детям

Источник: www.islam.ru",,June,6,2015,2,2015-06-02,2026-01-08,3873,Sha'ban
Почему в Исламе было разрешено рабовладение?,https://islam.kz/ru/questions/veroubejdenie/pochemu-v-islame-bylo-razresheno-rabovladenie-135/,"25 мая 2015 г., 11:34",12150,39,"Ассалам алейкум! Почему в Исламе было разрешено держать рабов? В чем сокровенный смысл этого? И почему не освобождали рабов? Мы знаем о щедрости и душевной доброте Абу Бакра (р.а), однако он, как и другие, не даровал свободу своим рабам. И еще такой вопрос:если раб, исполняя волю своего хозяина, стал безбожником,будет ли для него Рай запретным? Да простит меня Аллах, если вопрос окажется неуместным. Прошу и вас не судить меня строго. Моя цель – избавиться от сомнений и вопросов, возникших у меня. Да будет доволен вами Аллах.

Еркенже","Уаалейкум ассалам! Еркенже, ваш вопрос вполне уместен. Искать ответы на волнующие вопросы, чтобы познать истину – хорошее качество. Быть в поисках знаний – этому призывает мусульман и Коран.

Возвращаясь к вашему вопросу. В момент прихода Ислама рабовладение в обществе было устоявшимся явлением. Держать рабов было привычным делом. Приведем такой пример: сейчас в любой стране люди передвигаются при помощи автомобиля. Машины являются собственностью их владельцев. Люди их продают, покупают. И против этого никто не возражает. И если вдруг найдется человек, который заявит, что автомобили – это харам, и ездить на них нельзя, ничего из этой затеи не выйдет. Не так ли? Примерно также обстояло дело на заре зарождения Ислама с рабовладением.

Но, нужно отметить, что с приходом Ислама раб обрел статус человека и хозяину было предписано кормить его той же едой, которую он употребляет сам и одевать его также, как себя [1]. Если же раб выполнял тяжелую работу, хозяин должен был помогать ему [2]. В случае беспричинного рукоприкладства хозяина, раб имел право на свободу.[3].

И каким бы ни было искупление (кафарат – штраф), на первом месте стояло обязательство - освобождение раба.

(Свидетельством этому служат хадисы, приведенные ниже). Таким образом, людей постепенно отдаляли от рабовладения.

(Кафарат – это искупление перед Аллахом совершенных грехов. К примеру, искупление поста Рамазан, искупление нарушенной клятвы)

Хазрет Омар, будучи халифом мусульман, добирался до мечети аль-Акса, поочередно со своим рабом садясь верхом на единственного коня. Об этом говорится в учебниках истории.

В бытность же халифом Хазрета Османа, имел место случай, когда хозяин без причины дергал за уши своего раба. Увидев это, Хазрет Осман приказал, чтобы раб проделал тоже самое со своим хозяином и также подергал ему уши.

Сахаба Абу Зар, имея два халата, один обязательно отдавал своему рабу. В то время такое отношение было весьма редким. Относиться так к рабам сахабов сподвиг Ислам.

Некоторые сахабы даровали своим рабам свободу, другие же не отказывались от невольников. Почему? Потому что, многие рабы получая свободу, не умели освоиться в новой жизни и найти свое место в обществе. Исходя из этого, было рациональней и правильней, чтобы раб находился при хозяине, который обеспечивает его кровом, пищей и одеждой.

В истории имело место такой случай. В XIX веке 16-й президент США Авраам Линкольн издал приказ, согласно которому все рабы обретали свободу. И очень многие рабы, получившие свободу, но привыкшие жить, выполняя волю своего хозяина, не сумев жить самостоятельно, возвращались к своим хозяевам. Во избежание подобного, рабовладение в Исламе искоренялось постепенно.

Во времена сахабов  некоторые рабы, даже получив свободу, не уходили от своих хозяев. Например, наш Пророк (с.г.с), даровал свободу Зайд ибн Харису, однако, Зайд не пожелал уходить от Посланника Аллаха.

В настоящее время такого явления, как рабовладение, нет.

[1]للمملوك طعامه وكسوته بالمعروف ، ولا يكلف من العمل إلا ما يطيق–  Кормите его тем же, что едите сами, одевайте его в такую же одежду. Не давайте им непосильной работы  (Хадис. аль-Муатта. От Абу Хурайры)[2]إخوانكم خولكم جعلهم الله تحت أيديكم فمن كان أخوه تحت يده فليطعمه مما يأكل وليلبسه مما يلبس ولا تكلفوهم ما يغلبهم فإن كلفتموهم فأعينوهم– «Ваши рабы – ваши братья. Аллах поместил их в ваши руки, если в вашем распоряжении «ваш брат», то кормите его тем же, что едите сами, одевайте его в такую же одежду. Не давайте им непосильной работы, а если они работают на вас, помогайте»  (Хадис № 30 от  Сахиха Бухари ).[3]من لطم مملوكه أو ضربه فكفارته أن يعتقه-«Тот, кто ударит своего раба без причины или даст ему пощечину, то искупление за грех – это освободить его». (Сахих Муслим, хадис №3138)

Перевод с казахского Зарины Нокрабековой",,May,5,2015,25,2015-05-25,2026-01-08,3881,Sha'ban
"Можно ли совершать жертвоприношение на могилах, на кладбище?",https://islam.kz/ru/questions/veroubejdenie/mojno-li-sovershat-jertvoprinoshenie-na-mogilah-na-kladbishe-134/,"19 мая 2015 г., 15:30",6941,14,"Ассалам алейкум! Один мой знакомый намеревается совершить жертвоприношение на кладбище, там, где похоронены его предки. При этом, он подчеркивает, что животное будет принесено в жертву ради довольства Всевышнего, а также, что поклоняться, и тем более просить чего-либо у похороненных там он не собирается. Свое решение он объясняет тем, что местность, где упокоились его родные очень красива, воздух там свежий. И главная цель – прочитать Коран в честь ушедших в мир иной родных. Насколько правильно проводить жертвоприношение в таком месте? Можно ли совершать подобные действия на кладбище?

Нурлыбек","Уалейкум ассалам, Нурлыбек! Если человек по мере своих возможностей совершает жертвоприношение и раздает мясо животного бедным и неимущим, или угощает их, надеясь, что воздаяние будет записано на ушедшего в мир иной, это, несомненно, большой сауаб. Однако, совершать сам обряд непосредственно на кладбище,даже если действие совершается ради довольства Аллаха, считается «макрух», то есть приближенное к запретному – харам. В одном из хадисов, приведенных в сборнике Абу Давида говорится: «Пророк (с.а.с), сказал: «В Исламе нет ъакра». Где слово «ъакр» обозначает – совершать жертвоприношения на могилах. И хадис на казахский можно перевести так: «В Исламе нет традиции совершать жертвоприношения на могилах».

Знаток хадисов Абу Давид в дополнение этому хадису говорит: «По словам Абдураззака, одного из передатчиков хадисов, в давние времена арабы резали крупный рогатый скот или овец на могилах».[1].

(Смысл слова «ъакр» - в дословном переводе означает – «резать верблюда, стоящего на ногах», чуть позже слово стало обозначать «жертвоприношение»).

Согласно сведениям, до прихода Ислама, в арабском обществе было принято на могиле щедрого при жизни человека приносить в жертву верблюда. То есть если человек при жизни проявлял щедрость и приносил в жертву верблюда (другое животное), чтобы накормить им неимущих, после смерти в его честь на могиле также резали верблюда, мясо которого становилось достоянием живности, собак, птиц. Таким образом, щедрость, проявляемая при жизни, как бы находила свое продолжение и после смерти усопшего.

Некоторые же представители арабских племен, по-своему объясняли философию такого жертвоприношения. Они верили, что человек, на могиле которого было принесено в жертву животное (принадлежавший ему верблюд в этом случае), в Судный день воскреснет сидя верхом на нем (верблюде). Если же верблюда не резали, то его хозяин при воскресении оказывался  пешком[2]. С приходом Ислама распространенный обряд был прекращен.

Перевод с казахского Зарины Нокрабековой","[1] Абу Давуд, ас-сунан. Китабуль Жанаиз. хадис.№3220
[2] Ъаунуль Маъбуд, Абу Давуд шарх сунана, разъяснение хадиса №3220",May,5,2015,19,2015-05-19,2026-01-08,3887,Sha'ban
Вознесся Пророк (с.а.с) в Миърадж лишь душой?,https://islam.kz/ru/questions/veroubejdenie/voznessya-prorok-sas-v-miradj-lish-dushoi-133/,"18 мая 2015 г., 10:01",6414,26,,"Ночь, когда по воле Аллаха, наш Пророк (с.а.с), совершил путешествие из мечети аль-Харам (Кааба) в мечеть Акса в Палестине, вместе с ангелом Джабраилом (а.с), мы называем «Исрой». Исра (الإسراء) в переводе с арабского звучит как «ночное путешествие» или «ночной моцион»(السَيْر لَيْلاً)» .

Из мечети Акса они вознеслись на небо, это - миърадж[1]. Слово «миърадж» производное от слова «ъаража», что означает вознесение наверх и обозначает «средство для вознесения», «лестницу» или «взмывание вверх».

Согласно свидетельствам, приведенным Сахих Муслимом, Пророк (с.а.с), в сопровождении Джабраила (а.с), на белоснежном животном Бурак прибыл из Мекки в мечеть аль-Акса, что находится в Палестине. Посланник Аллаха (с.г.с) совершил в мечети намаз в два раката, после чего Джабраил (а.с) вознес его на семь небес [2].

Однако, нередко поводом для споров становится вопрос о том, спал или бодрствовал в ту ночь наш Пророк (с.а.с)? На семь небес возносилась лишь его душа или и тело тоже? Относительно этого вопроса существует две точки зрения[3].

В числе первых, свидетельствующих, что в ночь Миърадж Пророк (с.а.с) спал и на семь небес возносилась лишь его душа – сахаба Мугауия (р.а), мать правоверных Аиша и Хасан аль-Басри.

Согласно второму мнению, Пророк (с.а.с) в памятную ночь не спал, и мирадж совершил в состоянии бодрствования физическим телом. Именно это утверждение было принято большинством исламских богословов и сподвижников Пророка (с.а.с). Среди них сахабы - Абдулла ибн Аббас, Абдулла ибн Масгуд, Анас ибн Малик, Азрет Омар, считавших, что этому немало подтверждений в хадисах и аятах.

В Священном Коране сказано:

Слова «рабу своему», приведенные в аяте, свидетельствуют о том, что сказанное относится к человеку, созданному из плоти и души, потому что обращаться только к душе словами «своему рабу» невозможно. То есть в Миърадж, ночном вознесении на семь небес, побывала не только душа Пророка (с.г.с), но и его физическое тело.

Кроме того, в суре «ан-Наджм» говорится:

К тому же, в ночь Исра – ночного путешествия Пророка (с.а.с), сахаба Мугауия еще не принял Ислам, а мать правоверных Аиша была маленькой [6].

Известный хадисовед и знаток фикха Имам ан-Навои (631-676 х/1233-1277 м), говорил:

«Самое верное– считать, что Пророк (сГ.с) в ночь Исра совершил путешествие физическим телом. И большинство мусульман считает именно так.  Самые первые богословы (салаф) также приняли эту точку зрения. С ними согласны и представители следующих поколений, знатоков фикха, хадисов, калама. Все доказательства свидетельствуют о верности этого мнения. И для того, кто всерьез изучал этот вопрос или исследовал, это не является секретом…»[7].

В учебнике по акыде известного древнего ученого Матуридитского мазхаба Нажмуддин Абу Хафс ан-Насафи говорится:

«Миърадж – это истина. В ту ночь Пророк (с.г.с) в состоянии бодрствования и всем своим физическим телом вознесся на семь небес  по воле Аллаха» [8].

Подводя итоги, можем сказать, что Миърадж – это чудо (мугжиза), данное нашему Пророку (с.а.с), которого не было  ни у одного из других пророков. Чудо Миъраджа состоит в том, что находясь в бодрствующем состоянии, тело и душа вознеслись на семь небес, недоступные взору и мысли человека. И если рассматривать путешествие Пророка (с.а.с) как совершенное в состоянии сна, оно перестает быть чудом и назвать его мугжизой – волшебством, данным конкретному пророку, нельзя.

Абдусамат Касымов

Перевод с казахского Зарины Нокрабековой","[1] Фикһул Акбар шархы – 324 стр. Алиюл Қари.
[2] Сахих Муслим: Китабул Иман – хадис №238
[3] Звучит также третье мнение, согласно которому, если Пророк совершил Исру из Мекии в аль-Аксу физическим телом и духом, то на семь небес возносилась лишь его душа
[4] сура Исра – 3 аят.
[5] сура ан-Наджм – 17-18 аяты
[6] Қуртуби –тафсир 3 аята суры Исра
[7] Сахих Муслим шархы: Китабул Иман, аәбу аль-исра
[8] Ъақидату ан-Насафия, Имам Тафтазани шархы – 91 стр.; Ъақидату ат-Тахауия: аль-Иману бил Исра уаль Миғраж.; У.Зухайли: ат-Тафсирул Мунир – тафсир суры Исра",May,5,2015,18,2015-05-18,2026-01-08,3888,Rajab
Является ли ширком раздавать семь лепешек – шелпек?,https://islam.kz/ru/questions/veroubejdenie/yavlyaetsya-li-shirkom-razdavat-sem-lepeshek-shelpek-132/,"16 мая 2015 г., 10:17",41671,132,"Ассалам алейкум! Традиция печь и раздавать семь лепешек по пятницам, сохранившаяся со времен наших бабушек и уходящая корнями в далекое прошлое, существует и сейчас. Несомненно, сауаб, от прочитанного Корана в честь усопших, будет. Однако, насколько правильно печь лепешки и почему именно семь? Ведь некоторые убеждены в том, что это является обязательным? Очень жду ответ на свой вопрос. Да будет доволен вами Аллах. Заранее благодарю.

Ляззат","Уаалейкум ассалам! Точных сведений об истоках традиции печь лепешки по пятницам, прочно укоренившейся в казахском народе, мы не нашли. Однако, предполагаем, что за простым на первый взгляд действием как раздача лепешек, скрывается глубокий смысл. А именно, это вид садака, совершаемый за покойного. Раздавая еду (лепешки-шелпеки) от имени ушедшего в иной мир, люди надеятся, что  сауаб, будет записан на покойного и облегчит его участь в Вечной жизни. С этой точки зрения, данное действие не противоречит шариату. Потому что в Исламе принято совершать благие дела от имени усопших, посвящая их покойному, надеясь, что воздаяние за них будет покинувшему мир.

Но почему количество лепешек определено цифрой семь? Это может объясняться тем, что в Исламе немало постулатов, связанных с цифрой семь. Например, семь условий имана – вероубеждения, семикратный обход Каабы, семь раз же нужно помыть место, куда попала слюна собаки. И не исключено, что количество лепешек ассоциировано с перечисленными понятиями.

В любом случае, говорить о том, что жарить и раздавать лепешки – явный ширк и противоречит нашей религии, не приходится. Потому что раздающий их, совершает это, надеясь и прося за усопших родных и близких, и ни в коем случае не прося у ушедших в мир иной защиты или помощи. К тому же, шелпек является одним из блюд национальной кухни казахов.  И делиться с едой, посвящая воздаяние за садака покойным – благое дело. Истина же ведома  лишь Аллаху!

Перевод с казахского Зарины Нокрабековой",,May,5,2015,16,2015-05-16,2026-01-08,3890,Rajab
Не запрещает ли Ислам праздновать день рождения?,https://islam.kz/ru/questions/raznoe/ne-zapreshaet-li-islam-prazdnovat-den-rojdeniya-131/,"15 мая 2015 г., 10:28",148862,42,"Ассалам алейкум! Можно ли праздновать день рождения в кругу своей семьи? Не запрещает ли этого шариат? Не является ли это исрафом? Что говорит наша религия относительно этого вопроса?

Бекжан Космурзаев","Уалейкум ассалам! Уважаемый Бекжан, можно выделить две группы религиоведов, высказывавшихся относительно празднования дня рождения:

Высказывающие отрицательное мнение ученые,основываются на следующих данных:

То есть празднование день рождения – традиция, зародившаяся не у мусульман. Празднуя его, мы уподобляемся немусульманам. К тому же, этой традиции не существовало и во время Пророка (с.г.с) и сахабов. Совершать действие, которого не делал наш Пророк (с.г.с), значит вносить бидаа (нововведение) в религию и этому пути нет.

Ученые, допускающие празднование дня рождения, приводят следующие данные:

То есть, по мнению религиоведов допускающих празднование дня рождения, если отмечать праздник в кругу семьи и друзей, не делая исрафа, то в этом нет греха. Однако, и мусульманина не желающего праздновать этот день, шариат не порицает. Выбор остается за каждым.

Перевод с казахского Зарины Нокрабековой",,May,5,2015,15,2015-05-15,2026-01-08,3891,Rajab
Во время намаза на краешек жайнамаза попала моча ребенка. Будет ли испорчен мой намаз?,https://islam.kz/ru/questions/raznoe/vo-vremya-namaza-na-kraeshek-jainamaza-popala-mocha-rebenka-budet-li-isporchen-moi-namaz-130/,"6 мая 2015 г., 11:43",8307,20,"Ассалам алейкум! Если во время намаза на коврик для молитвы (жайнамаз) попала моча ребенка, будут ли испорчены мой тахарат (омовение) и мой намаз?

Нурлыбек","Уалейкум ассалам, Нурлыбек! Относительно таких случаев ученые Ханафитского мазхаба вынесли следующую фетву:

«Если во время намаза на коврик для молитвы попадет нечистота (наджис), то при условии, что попала она не на место,куда делается сажда( поклон головой), и не на место, где стоит ногами молящийся, то намаз можно продолжать. Незавивимо от того, маленький это коврик или большой ковер, решение неизменно…»...[1]

То есть в вашем случае, ваше омовение и ваш намаз не испортились. Потому что нечистота, в данном случае моча ребенка попала на краешек жайнамаза. Повторно читать намаз нужды нет. Однако, после прочтения молитвы нужно обязательно очистить место загрязнения коврика для намаза.

[1] Тахир аль-Бухари: Хуласатуль Фетва– 31 стр.

Перевод с казахского Зарины Нокрабековой",,May,5,2015,6,2015-05-06,2026-01-08,3900,Rajab
Является ли грехом нарушение закона о ловле рыбы?,https://islam.kz/ru/questions/raznoe/yavlyaetsya-li-grehom-narushenie-zakona-o-lovle-ryby-129/,"4 мая 2015 г., 11:00",5493,12,"Ассалам алейкум! По закону ловить рыбу сетью запрещено, за это даже  предусмотрен штраф. Если несмотря на запрет, ловить рыбу при помощи сети, будет ли в этом грех? Есть ли грех на человеке, нарушающим государственный закон?","Уа алейкум ассалам! В Исламе подчиняться руководству в делах незапрещенных по шариату, является ваджибом – обязательным действием. За неподчинение руководству мусульманину записывается грех.  Учитывая, что закон – это законодательное постановление государственной власти, направленное на сохранение благополучия в обществе, нарушать его нельзя.

Запрет на ловлю рыбы сетью обусловлен некоторыми причинами. В частности, ловля рыбы сетью в период икрометания, может привести к уменьшению количества рыбы в следующем году. Что в свою очередь, приведет к подорожанию рыбной продукции и даже вынудит импортировать ее из других стран. Кроме того, подобные действия могут стать причиной полного исчезновения некоторых редких видов рыб. Во избежание всего этого, рыбная ловля регулируется законодательством. Обобщая вышесказанное, можно сказать, что ловить рыбу сетью, если это запрещено законом нельзя.

Перевод с казахского Зарины Нокрабековой",,May,5,2015,4,2015-05-04,2026-01-08,3902,Rajab
Четыре вопроса от школьницы,https://islam.kz/ru/questions/raznoe/chetyre-voprosa-ot-shkolnitsy-128/,"30 апреля 2015 г., 9:22",4342,11,"Ассалам алейкум! У меня есть несколько вопросов.

1)  Можно ли начинать все дела со словом «Бисмиллях»?

2)  Во время школьных контрольных мы спрашиваем и даже бывает списываем друг у друга. Является ли это грехом?

3) На уроке биологии нас учат, что человек произошел от обезьяны. Не будет отступничеством от веры, если отвечая на вопрос учителя, мы будем повторять то, что написано в учебниках?

4)  Можно ли пользоваться средством для полоскания рта, содержащим спирт?

Айнель","Уагалейкум ассалам, Айнель!

1. В одном из своих хадисов Пророк сказал: «Любое важное дело или слово, начатое без «бисмиллях» - неполное.[1].Поэтому для благополучного завершения всех важных и значимых для дел начинайте их со словом «бисмиллях».

2. Спрашивать то, чего не знаешь сам у знающих людей – одно из благих действий в исламе. «В Священном Коране написано: «Если не знаете, спрашивайте у обладающих знаниями». Поэтому, спрашивать у одноклассников то, чего не знаете вы, не является грехом. Однако, не забывайте, что пускать процесс учебы на самотек, надеяться только на друзей, нельзя. Мусульманин должен учиться хорошо. Потому что в Коране наш Создатель приказывает: «Читайте!» [2].

3. Если вы вынуждены говорить, что человек произошел от обезьяны, но сердцем вы этому не верите, то в этом не будет греха. Обучаясь в школе, ученик должен отвечать в соответствии со школьной программой. Если вы будете говорить так, как написано в учебнике, при этом не веря сердцем, то вероотступничества не будет. В священном Коране написано: «Гнев Аллаха падет на тех, кто отрекся от Аллаха после того, как уверовал, — не на тех, кто был принужден к этому, тогда как в его сердце покоилась твердая вера, а на тех, кто сам раскрыл грудь для неверия…»[3]7

4. По возможности лучше не пользоваться средством для полоскания рта, содержащим спирт. Однако,если возможности использовать другое средство, не содержащее спирт, нет и вы вынуждены его использовать, то пользуйтес, не допуская глотания, то есть приема внутрь. Потому что, согласно учениям Ханафитского мазхаба, принимать спирт внутрь нельзя, но он не причислен к нечистотам. Все известно лишь Аллаху!

Перевод с казахского Зарины Нокрабековой","[1] Ахмад ибн Ханбал – хадис  №8495 . Передал лахаба Абу Хурайрой.
[2] Аят Сгусток , 1-аят.
[3] сура Ан-Нахль, 106-аят.",April,4,2015,30,2015-04-30,2026-01-08,3906,Rajab
"Можно ли пользоваться вещами чужого человека, оставленными в гостинице?",https://islam.kz/ru/questions/raznoe/mojno-li-polzovatsya-veshami-chujogo-cheloveka-ostavlennymi-v-gostinitse-127/,"29 апреля 2015 г., 11:16",4173,5,"Моя подруга работает в гостинице. Иногда постояльцы забывают некоторые свои вещи, обнаружив их, горничные приносят моей подруге. В связи с этим ее беспокоит вопрос. Можно ли пользоваться этими вещами, которые хозяева забыли? Как смотрит на это шариат?

Шынар","Уважаемая Шынар! Сахаба Абдулла ибн Аббас свидетельствует, что Пророк (да благословит его аллах и приветствует), среди заповедей, произнесенных им во время прощального хаджа, говорил: «Имущество брата не является халяльным, но отдано им по своей воле, то это другое…».[1]

Согласно другому хадису, Посланник Аллаха (с.г.с), говорил: «Имущество мусульманина не можнет быть разрешенным для другого, если только  оно не отдано с благословением самим хозяином», »[2].

Поэтому, чем пользоваться чужими вещами, оставленными по забывчивости, лучше сдавать их в «бюро находок», если в гостинице таковая существует. Это будет правильно и в соответствии с заповедями нашего любимого пророка (с.г.с)[3]. Истина же известна лишь Аллаху.

Перевод с казахского Зарины Нокрабековой","[1] Байхаки, ас-Сунанул Кубра – хадис №1065.
[2] Байхаки, ас-Сунанул Кубра – хадис №11325. Передает Сахих. Сахаба Ханифа ар-Ракаши (р.а.).
[3]Более подробно о данном вопросе (о найденных вещах) можно узнать. Пройдя по следующей ссылке (на казахском языке) :
http://islam.kz/kk/questions/arturli/kosheden-tauyp-algan-aqshany-ne-isteu-kerek-78/#gsc.tab=0",April,4,2015,29,2015-04-29,2026-01-08,3907,Rajab
Что ведет человека в бездну?,https://islam.kz/ru/questions/veroubejdenie/chto-vedet-cheloveka-v-bezdnu-126/,"25 апреля 2015 г., 10:10",5403,11,"Ассалам алейкум! Можете ли вы подробней рассказать о пяти вещах, ведущих (влекущих) человека в бездну? Бекжан","Уалейкум ассалам! Нельзя ограничивать вещи, ведущие человека в бездну лишь пятью. Все тяжкие грехи, согласно Священному Корану, а также хадисам Пророка (да благословит его Аллах и приветствует), ведущие человека в пропасть!

К примеру, к ним относятся - придание Аллаху сотоварища, прелюбодеяние, воровство, азартные игры, пьянство, ростовщичество, убийство, несправедливое отношение к родителям, гордыня и другие грехи, за которые предусмотрено наказание в этой или вечной жизни.

Например, за воровство в этой жизни предусмотрено наказание - вору  отрезают руку, за прелюбодеяние – бьют плетьми или побивание камнями /раджм/. Здесь надо отметить, что в шариате человек подвергается наказанию только после решения специального судьи (кази).Устраивать самосуд строго запрещено.

Также можно отметить, что любой из перечисленных выше и других грехов, несомненно, ведут человека в пропасть, забирая у него возможности обрести довольство Всевышнего, увидеть Рай. Да наставит нас всех Аллах на путь истинный!

Перевод с казахского Зарины Нокрабековой",,April,4,2015,25,2015-04-25,2026-01-08,3911,Rajab
Можно ли читать намаз в темноте?,https://islam.kz/ru/questions/poklonenie/molitva-namaz/mojno-li-chitat-namaz-v-temnote-125/,"24 апреля 2015 г., 10:39",60925,41,"Ассалам алейкум! Скажите, можно ли читать намаз в темноте, например, в комнате, где не включен свет? Ердос","Уаалейкум ассалам, Ердос!  Если вы уверены в том, что место, где вы планируете помолиться, чисто от грязи, и нет ничего, что помешало бы совершать молитвенные движения (нап., земной поклон), то читать намаз в темной комнате не запрещено. В хадисе приведенном в книге «Сахих Бухари», Аиша, мать праведных передает:«Я спала перед Посланником аллаха (с.г.с). Мои ноги доходили до места,куда он делал сажда. Пророк (с.г.с) совершая сажду легонько толкал меня и я убирала ноги. А когда же он вставал с сажда, я снова их протягивала. В то время в домах не было лампы»[1]. Судя по этому хадису, можно говорить о том, что читать намаз в темной комнате можно.

Самое лучшее все же, если  комната освещена хотя бы настолько, чтобы было видно, что находится внутри нее. Потому что читать намаз с закрытыми глазами – «макрух». Потому как смотреть на место, где будет преклонена голова, то есть выполнена сажда – сунна. А человек, закрывший глаза, получается не выполняет сунну. И если рассматривать вопрос внешне (Захиран)[2], получается, что человек, читающий намаз в полной темноте, не выполняет сунну.

ПРИМЕЧАНИЕ:

Слова Аиши о том, что«в то время в домах не было ламп»,можно понимать как «если бы была у нас лампы, я бы не протянула ноги настолько, чтобы задевать место сажда, и пророк не был бы вынужден толкать меня»[3].

Абдусамат Касым

Перевод с казахского Зарины Нокрабековой","[1] Сахих Бухари, хадис №372
[2] То есть если не задумаемся о цели того, что надо смотреть сажда
[3] Шарху аз-Заркани алял Муатта – 255,258.",April,4,2015,24,2015-04-24,2026-01-08,3912,Rajab
"Сколько длится срок ожидания – идда у беременной женщины, получившей талак?",https://islam.kz/ru/questions/semya/talak-razvod/skolko-dlitsya-srok-ojidaniya-idda-u-beremennoi-jenshiny-poluchivshei-talak-124/,"23 апреля 2015 г., 11:23",13784,13,"Ассалам алейкум! Если женщина,находясь в положении, то есть будучи беременной, получает от мужа талак, сколько длится необходимый срок ожидания - «идда»? Нургуль","Уалейкум ассалам!

Для начала отметим следующее. После смерти мужа или же после развода женщина обязательно должна выждать определнный срок, прежде чем вступать в брак с другим мужчиной. Данный срок ожидания в шариате называют «идда», что в переводе означает «считать». Срок ожидания вдовы – 4 (четыре) месяца и 10 (десять) дней[1]. Разведенная же женщина должна выждать срок, равный трем менструациям[2]. Все вышесказанное относится к женщинам небеременным.

По отношению к беременным женщинам (как вдовам, так и разведенным), срок иддет длится до родов. В Коране относительно этого сказано:

Во времена Пророка (с.г.с) женщина по имени Субайа через несколько ночей после смерти мужа родила ребенка. Для того, чтобы решить ее дальнейшую судьбу, обратилась с вопросом к Посланнику Аллаха, да благословит его Аллах и приветствует. И ответ пророка (с.г.с). был следующий:

«Твой срок ожидания закончен. Ты можешь выйти замуж за кого пожелаешь» [4].

Супруга сахаба Зубейр ибн Аууама (р.а.) Умму Кульсум с приближением родовых схваток начала просить у мужу развод – талак. Не соглашавшийся вначале Зубейр, поддавшись настойчивости жены все же произнес один раз «талак». Однако, он не знал о том, что скоро у нее начнутся схватки. Сразу же после того, как он произнес «талак», Умму Кульсум родила. Растерянный Зубейр пришел к Посланнику Аллаха и рассказал все как было. Пророк (с.г.с) ответил ему:

- Распоряжение Аллаха относительно нее опередило тебя (то есть никах стал недействительным, срок ожидания «идда» завершился, когда она родила).

И посоветовал Зубейрупосвататьсяк ней еще раз, однако, сахаба выразил уверенность в том, что супруга не захочет вернутьса к нему никогда[5].

Примечание:

Если у женщины, пребывающей в сроке ожидания – идда, произойдет выкидыш, нужно осмотреть плод. Если у плода сформированы некоторые части тела, органы, то срок ожидания женщины считается завершенным. Если же у плода никакие органы и части тела еще не сформированы, срок ожидания – идда будет продолжаться.[6].

Абдусамат ҚасымПеревод с казахского Зарины Нокрабековой","[1] Сура Бакара, 234-аят.
[2] Сура Бакара, 228-аят.
[3] Сура ат-талак - Развод, 4-аят.
[4] Бухари, Муслим, Ибн Хаббан,. Аль-Муатта.
[5] Ибн аби Шайба, Абдурразак «аль-Мусаннаф».  Фатху бабиль Ъиная – 2/312 бет. Бейрут, 2009 ж.
[6] Имам Аль-Маусули, «Аль-Ихтияр».  3/211 стр. Бейрут, 2011 г.",April,4,2015,23,2015-04-23,2026-01-08,3913,Rajab
Три вопроса про нюансы никаха,https://islam.kz/ru/questions/semya/semya/tri-voprosa-pro-nyuansy-nikaha-123/,"22 апреля 2015 г., 10:00",5563,28,"Ассаламу алейкум уа рахматуллахи уа баракатух!

Я хотела бы задать вас несколько вопросов:

Спасибо. Самал.","Уагалейкум ассалам уа рахматуллахи уа баракатух!

Уважаемая Самал, отвечаем на ваши вопросы.

- Если я откажусь от махра, хотя прежде он был обговорен, может ли муж  не давать его?

- Если размер махра был обговорен заранее или во время бракосочетания, то  жена вправе потом отказаться от него. В случае ее отказа, с  мужа обязательство снимается.

- Запрещает ли шариат называть мужа по имени? Обязательно ли придумать другое имя?

- Шариат не запрещает называть мужа по имени. В этом вопросе нужно принимать во внимание традиции или обычаи, национальный менталитет. Если в местности, в которой вы проживаете, принято не называть мужа по имени, потому что это считается проявлением неуважения, то лучше, конечно, называть супруга «отагасы» - «хозяин очага», «әкесі» - «отец детей».

-  Нужно ли мне читать дуа «аттахият», когда я читаю намаз совместно с мужем?

- Когда вы совершаете совместный с мужем намаз, то не читаете суру «Фатиха» и зам-суру. Остальные дуа вы произносите про себя. Например, «ас-сана», «аттахият», «салауат», «раббана», и другие.

Абдусамат КасымПеревод с казахского Зарины Нокрабековой",,April,4,2015,22,2015-04-22,2026-01-08,3914,Rajab
Что лучше держать в месяце Раджаб: Нафиль оразу или пропущенные дни поста?,https://islam.kz/ru/questions/poklonenie/post/chto-luchshe-derjat-v-mesyatse-radjab-nafil-orazu-ili-propushennye-dni-posta-122/,"21 апреля 2015 г., 10:45",11355,20,"У меня есть один вопрос. Прежде чем держать пост – оразу в месяц Ережеп (Раджаб),нужно ли восполнить пропущенные  дни, оставшиеся с прошлого месяца Рамазан? Айдони","Уважаемый читатель! Восполнить пропущенные дни поста – обязательно для каждого мусульманина[1]. Держать же пост в месяц Ережеп (Раджаб) – относится к действиям нафиль[2]. По правилам шариата, приоритетными являются обязательные действия – фарз, выполнение которых долг верующего. Поэтому, лучше, если вы в этом месяце восполните все пропущенные в прошлый месяц Рамазан дни. ИншаАлла, надеемся, что восполняя дни и держа пост в месяц Раджаб, Создатель одарит вас Своей Милостью и Благом.

Перевод с казахского Зарины Нокрабековой","[1] Бакара – 184-аят.
[2] не являются обязательным, но поощряются вознаграждением.",April,4,2015,21,2015-04-21,2026-01-08,3915,Rajab
Четыре вопроса относительно намаза путника!,https://islam.kz/ru/questions/poklonenie/molitva-namaz/chetyre-voprosa-otnositelno-namaza-putnika-121/,"17 апреля 2015 г., 9:39",13617,34,"Ассалам алейкум! У меня есть несколько вопросов относительно намаза  -молитвы, совершаемого путником.

1) Сделавший намерение и отправившийся в дорогу, расстоянием в 200 км, с какого времени обретает статус путника и может начать читать намаз в сокращенном виде?

2) Путешествуя автобусом,в пути мы вынуждены пользоваться общественным туалетом. Если  в таких случаях обувь была испачкана нечистотами, следует ли разуваться человеку, читающему намаз в транспорте?

3)  Если путник читает намаз вместе с джамагатом в каком-либо городе, ему положено следовать за имамом, ведущим намаз, то есть выполнять его полностью.  Однако как быть, если путник вошел в мечеть, когда джамагат уже начал читать намаз, а он начал молиться лишь с 2-го или 3-го ракаата? Нужно ли ему восполнять его до 4-х?

4) Предположим, путник возвращается в родной город или село. До дома осталось километров 10, однако, до того, как он доедет до дома, возможно, что время намаза пройдет. Может ли он прочитать намаз в сокращенном виде? И до какого времени он считается путником? Заранее благодарю. Конысбек.","Уалейкум ассалам, Конысбек!  Постараемся дать ответ на каждый вопрос по отдельности.

-Сделавший намерение и отправившийся в дорогу, расстоянием в  200 км, с какого времени обретает статус путника и может начать читать намаз в сокращенном виде?

- Человек, отправившийся в путь, обретает статус путника, как только покидает  зону своего постоянного проживания.(Фәтхул Ъиная – 1/376 стр).Согласно данным, приведенным в сборнике хадисов «Мусаннаф» Ибн АбиШайба Посланник Аллаха выходя из города Басра, прочитал зухр намаз в четыре ракаата, после которого сказал: «Если бы мы миновали это строение, то прочитали бы зухр намаз в сокращенном виде».

-Путешествуя автобусом,в пути мы вынуждены пользоваться общественным туалетом. Если в таких случаях обувь была испачкана нечистотами, следует ли разуваться человеку, читающему намаз в транспорте?

-В случае загрязнения обуви нечистотами ( к примеру, уриной, затронув объем с ладонь), нужно помыть и очистить. Если же помыть и почистить возможности нет, нужно при чтении намаза снять обувь. В хадисе, дошедшем от сахабы Абу Сагида аль-Худри говорится: «Однажды пророк (с.г.с), читая намаз вместе с сахабами, снял свою обувь и положил ее слева от себя. Увидев это джамагат тоже начал снимать обувь. После намаза Посланник Аллаха (с.г.с) спросил: «Зачем вы сняли обувь?» Они ответили: «Мы разулись потому что вы сняли свою обувь». Тогда пророк сказал: «Во время намаза ко мне пришел Джабраил и предупредил, что на обуви есть нечистоты. Каждый из вас входя в мечеть внимательно осматривайте свою обувь. Если же вы видите нечистоты на ней, приступайте в к молитве лишь после того, как почистите ее».[Абу  Дауд - №650 хадис.].

-Если путник читает намаз вместе с джамагатом в каком-либо городе, ему положено следовать за имамом, ведущим намаз, то есть выполнять его полностью.  Однако как быть, если путник вошел в мечеть, когда джамагат уже начал читать намаз, а он начал молиться лишь с 2-го или 3-го ракаата? Нужно ли ему восполнять его до 4-х?

-Путник, присоединяющийся к имаму, который путником не является, читает намаз, не сокращая его. Поэтому, если путник начал молиться лишь со 2-го или 3-го ракаата, опоздав на начало молитвы, он должен после того, как имам закончит, восполнить его до 4-х ракаатов. Аллаху алим!

-Предположим,путник возвращается в родной город или село. До дома осталось километров 10, однако, до того, как он доедет до дома, возможно время намаза пройдет. Может ли он прочитать намаз в сокращенном виде? И до какого времени он считается путником?

-Путешественник до того, как он въедет в зону своего постоянного проживания, считается путником. (Аль-Фатуа аль-Хиндия). Поэтому если путник, (вышедший из дома с намерением совершить путь длиной в 200 км), будет читать намаз в десяти километрах от своего родного города или села, то он будет читать его в сокращенном виде.

Перевод с казахского Зарины Нокрабековой",,April,4,2015,17,2015-04-17,2026-01-08,3919,Jumada al-Thani
Что означает понятие  «приставленный джинн»?,https://islam.kz/ru/questions/veroubejdenie/chto-oznachaet-ponyatie-pristavlennyi-djinn-120/,"16 апреля 2015 г., 16:24",22983,103,"Ассалам алейкум! Могли бы вы рассказать побольше об «утвержденном, личном джинне» так сказать. Как он воздействует на человека? И как можно растолковать выражения «не трогай моего джинна» - «жыныма тиме» в казахском языке? Абылай Кушекбаев.","Уалейкум ассалам! У каждого человека существует приставленный джинн, которого называют «Карин». Слово «Карин» переводится как товарищ, близкий, вместе идущий. В Священном Коранев слово «карин» использовано в следующем  аяте:«Егосотоварищсказал так: «О, мой Господь! Я его не сбивал с истинного пути. Он сам долго заблуждался»

«Работа» карина заключается в том, чтобы толкать человека на плохие поступки, ведущие к большим грехам. То есть его роль сводится к наущению человека. Если обратиться к хадисам, Абдулла ибн Масуд свидетельствует, что пророк (с.а.в.) говорил сахабам:

- К каждому человеку приставлен джин (карин). И тогда сахабы спросили его:

- И у вас тоже приставлен о, Расулаллах?

- Ко мне тоже приставлен. Однако, Всевышний помог мне, сделав его мусульманином (асляма). Он повелевает мне только хорошее, - ответил Посланник Аллаха. 1](В арабском тексте слово «асляма» некоторые читают как «асляму». В таком случае содержание будет следующим: «Я свободен от его наущений»)

Как-то мать правоверных Аиша приревнует пророка (с.а.в). Почувствовав это, Посланник Аллаха спросит:

- Айша, что с тобой, почему ревнуешь?

- Как же такая женщина как я не будет ревновать такого мужчину как вы?

- Значит твой шайтан пришел?

- У меня есть шайтан?

- Он бывает у каждого человека?

- И у вас, о Расулаллах?

- Да. Однако Аллах помог мне, сделав его мусульманином. И я свободен от его наущений, - ответил Пророк (с.а.в.). [2].

Словосочетания, часто употребляющиеся в разговорном казахском языке «жыныма тиме» - дословный перевод – «не трогай моего джинна», смысловой перевод – «не зли меня», «жыным келіп тұр» - дословный перевод – «пришел мой джинн», смысловой – «я очень зол, злюсь», имеют одно значение – «не зли меня», «не будь причиной моего гнева». Как известно, злость, гнев, раздражение рождаются от наущений нечистого, подталкивающего таким образом, человека к плохому. Именно поэтому наш пророк (да благословит его Аллах и приветствует) рекомендовал во время раздражения, приступов злобы говорить «Агузубиллях».

В любом случае, можно предположить с большой долей вероятности, что изначально эти словосочетания появились под влиянием хадисов.

Заключение:

У каждого человека есть ангел, ведущий его к хорошему, и побуждающий делать добро, и сатана, толкающий человека на плохое. «Если кто-нибудь ощутит в сердце добро, пусть знает, что это от Аллаха. И поблагодарит Его за это. Если же почувствует плохое в сердце, пусть прибегает к помощи Аллаха от наущений нечистого», - говорит Посланник Аллаха (да благословит его Аллах и приветствует).[3]

Перевод с казахского Зарины Нокрабековой","[1] Сахих Муслим.
[2] Сахих Муслим – 5040 хадис.
[3] Тирмизи -№2988 хадис.",April,4,2015,16,2015-04-16,2026-01-08,3920,Jumada al-Thani
Можно ли праздновать «День Козы Корпеш и Баян сулу»?,https://islam.kz/ru/questions/raznoe/mojno-li-prazdnovat-den-kozy-korpesh-i-bayan-sulu-119/,"15 апреля 2015 г., 15:19",8845,42,"Ас-саламу алейкум, Абдусамат! У меня следующий вопрос. 15 апреля неофициально празднуется «День Козы Корпеш и Баян сулу», посвященный всем влюбленным. Насколько правильно отмечать этот праздник? Заранее благодарю. Нурбол Оспанов.","Уаалейкум ас-салам, Нурбол! «Любовь», «влюбленность», «симпатия» - состояния, присущие человеческой природе. Чувство любви зарождается в душе человека.

В Священном Коране говорится: «وَجَعَلَ بَيْنَكُمْ مَوَدَّةً وَرَحْمَةً––…И установил Он между вамилюбовь и милосердие»[1], где речь идет о любви между супругами. В этом же аяте говорится о том, что не может быть любви без милосердия. (В арабском тексте аята глагол «Жаъаля»- употребляется в значении давать, творить, устанавливать, класть).

Относительно же «дня влюбленных» в шариате нет предписаний того, что этот день нужно праздновать.

Если же говорить о том, нужен ли данный праздник для общества в целом, то на наш взгляд, необходимости в нем нет. Потому что, во-первых, люди не нуждаются в пропаганде любви. Во-вторых, всем известен плачевный финал истории любви, описанный в лирическом эпосе «Козы Корпеш - Баян сулу». Исходя из этого, можно говорить, что пропаганда жертвенной любви среди молодежи чревата ростом суицидальных настроений. В-третьих, не секрет, что прикрываясь «днем влюбленных» молодые люди нередко оказываются в сетях греховных поступков. Кроме того, этот праздник появился искусственно по аналогии с Днем святого Валентина, и копирует его. Истина известна лишь Аллаху!.

Абдусамат КасымПеревод с казахского Зарины Нокрабековой","[1] Сура Рум, 21 аят.",April,4,2015,15,2015-04-15,2026-01-08,3921,Jumada al-Thani
"Является ли обязательным слушать Коран, когда его читают?",https://islam.kz/ru/questions/veroubejdenie/yavlyaetsya-li-obyazatelnym-slushat-koran-kogda-ego-chitayut-118/,"13 апреля 2015 г., 9:48",5648,18,"Ассалам алейкум, уважаемые сотрудники сайта! Меня беспокоит один вопрос. В пятницу перед намазом-молитвой звучат аяты из Корана. Иногда мы их слушаем внимательно, бывает, что не слушаем. Кроме того, Священный Коран звучит и после пятничной молитвы. Но, мы, спеша по своим земным делам, уходим, не дослушав. Однако не раз слышал, что когда читают Коран надо слушать. Является ли это обязательным? Если это фарз, то будет ли грех на человеке, который ушел по неотложным делам, ли по другой причине, не дослушав? Рахматулла","Уаалейкум ассалям! Слушать Коран – это «фарз кифая». Это значит, что если есть люди, которые внимают и слушают читающему, то с остальных это обязательство снимается.(Раддул мухтар - 2/268 стр).Однако, весьма желательно, по возможности, уделить время и дослушать Коран. С одной стороны – это выполнение фарза, с другой – большой сауаб. Наш Пророк (с.г.с) отмечал, что человеку, слушающему Коран, записывается сауаб.

Перевод с казахского Зарины Нокрабековой",,April,4,2015,13,2015-04-13,2026-01-08,3923,Jumada al-Thani
Не запрещает ли шариат работать электриком в банке?,https://islam.kz/ru/questions/torgovlya/ne-zapreshaet-li-shariat-rabotat-elektrikom-v-banke-117/,"11 апреля 2015 г., 10:10",8063,9,"Мой сын трудится электриком в банке. Некоторые знакомые говорят, что раз банк получает прибыль за счет процентов, что является харамным, то и работать там, даже если не участвуешь в процессе основной работы банка, то есть электриком, нельзя. Так ли это? Ему было нелегко найти и устроиться на эту работу, как же теперь быть?","Уважаемый читатель! Есть все основания полагать, что если работа не связана напрямую с процессом выплаты процентов, то есть ростовщичеством, то трудиться электриком в банке не является грехом. Свидетельством  этому служат заключениянекоторыхсовременных религиозных ученых, о том, что «…если работа не связана напрямую с ростовщичеством, работать в банке – не грех». [1].

Перевод с казахского Зарины Нокрабековой","[1] لَعَنَ رَسُولُ اللَّهِ صَلَّى اللَّهُ عَلَيْهِ وَسَلَّمَ آكِلَ الرِّبَا وَمُؤْكِلَهُ وَكَاتِبَهُ وَشَاهِدَيْهِ – «И того, кто занимается ростовщичеством, и того, кто способствует этому, и тех, кто пишет соглашение между ними, и тех, кто свидетельствует, Пророк (с.г.с), проклинал». (хадис). Как следует из данного хадиса, работать сотрудником банка, имеющим прямое отношение к процентным выплатам, нельзя. Также нужно отметить, что также существует мнение, что вообще работать в банке, в каком бы ни было направлении, нельзя.",April,4,2015,11,2015-04-11,2026-01-08,3925,Jumada al-Thani
"Что будет, если держать в доме разбитое зеркало?",https://islam.kz/ru/questions/veroubejdenie/chto-budet-esli-derjat-v-dome-razbitoe-zerkalo-116/,"9 апреля 2015 г., 14:33",40187,18,"Ассалам алейкум! Скажите, что будет, если держать в доме разбитое зеркало? Бекжан","Уалейкум ассалам, Бекжан! Одно из самых распространенных мистических верований именно с зеркалами. Согласно которому и  смотреться в разбитое зеркало нельзя. Корни этой приметы уходят в Древний Рим.

Запрет иметь в доме треснувшее зеркало, объясняется тем, что якобы человеку, смотревшемуся в него, семь лет не будет ни в чем везти. Кроме того, некоторые верят и в то, что если вдруг в доме зеркало разбилось, то и убирать его осколки следует с особой осторожностью, не глядя на них. При этом такая мера предосторожности объясняется тем, чтобы в разбившихся кусочках стекла, ни в коем случае не должно отразиться изображение лица убирающего.

С точки зрения Ислама, все эти приметы не имеют под собой оснований. Вообще, верить в приметы и суеверия, жить, измеряя по ним свои шаги, а то и строя целую жизнь, не является правильным для мусульманина.«Хорошее слово-уже полдела»- говорят казахи. Наш пророк (да благословит его Аллах и приветствует), порицал и запрещал верить и следовать приметам, в том числе тем, что порождают пессимистические настроения. Все происходит по воле Всевышнего, учил Посланник Аллаха (да благословит его Аллах и приветствует). И призывал нас говорить жизнеутверждающие слова и назидания, пробуждать в человеке веру в лучшее, надежду на хорошее.

К примеру, в хадисе, приведенном в сборнике «Сахих Бухари» говорится:

«В Исламе нет места верованиям в плохие приметы,самое лучшее – это Фаа’ль"".  «Что же такое Фаа’ль?», - спросили его стоящие рядом. На что пророк (да благословит его Аллах и приветствует), ответил: «Это хорошие слова, что некоторые из вас хотели услышать».

Заключение:

В шариате не существует запрета на то, чтобы держать в доме треснувшее зеркало. На приметы с мистической подоплекой, связанные с этим, следует смотреть как на фантазии, рожденные человеческой мыслью. В древние времена зеркала были хрупкими, соответственно разбивались чаще и стоили весьма дорого. И примета, зародившаяся тогда, могла преследовать вполне земную и конкретную цель – научить более бережному обращению с зеркалами. Или же это вполне могло быть уловкой какого-нибудь предприимчивого купца, захотевшего таким способом поднять продажи зеркал в своей лавке. То есть, говоря современным языком, хитрой маркетинговой уловкой. В то же время, если зеркало в доме треснуло, все же заменить его следует из соображений культуры жизни, да  и применять в быту целое зеркало все же удобней и приятней.

Перевод с казахского Зарины Нокрабековой",[1] Сахих Бухари: Китабут Тыб – Бәбу аттияра.,April,4,2015,9,2015-04-09,2026-01-08,3927,Jumada al-Thani
Можно ли изменить ранее обговоренное решение о махре?,https://islam.kz/ru/questions/semya/nikyah/mojno-li-izmenit-ranee-obgovorennoe-reshenie-o-mahre-115/,"8 апреля 2015 г., 14:41",17558,7,"Могу ли я изменить свое решение, которое было обговорено ранее, и в качестве махра попросить другую вещь? Например, если до никаха было решено просить компьютер, может ли девушка потребовать вместо него другую вещь?","В этом вопросе важно согласие супруга. Если муж не против того, чтобы предоставить в виде махра другую вещь, то это разрешено. Потому как в Священном Коране в суре Ниса говорится: «…На вас не будет греха, если вы придете к обоюдному согласию после того, как определите обязательное вознаграждение (брачный дар)»[1].

В случае, если стороны не смогли договориться относительно замены махра, то он дается согласно предварительному соглашению. Аллаху аълам!

Перевод с казахского Зарины Нокрабековой","[1]сура Ниса, 24-аят. وَلَا جُنَاحَ عَلَيْكُمْ فِيمَا تَرَاضَيْتُم بِهِ مِن بَعْدِ الْفَرِيضَةِ
*Что может быть преподнесено в качестве махра, вы можете прочитать здесь (на казахском):
http://www.islam.kz/kk/questions/januya/neke/buhari-men-muslimnin-hadister-jinagyn-mahr-retinde-surauga-bola-ma-77/#gsc.tab=0
)",April,4,2015,8,2015-04-08,2026-01-08,3928,Jumada al-Thani
"Можно ли мусульманам носить одежду или обувь марки ""Nike""?",https://islam.kz/ru/questions/veroubejdenie/mojno-li-musulmanam-nosit-odejdu-ili-obuv-marki-nike-114/,"7 апреля 2015 г., 17:51",35055,61,"Добрый день! У меня такой вопрос: термин «NIKE», представляющий ныне известную торговую марку, имеет весьма интересное происхождение. В греческой мифологии оно означало имя божества победы, и бренд был рожден именно по этой аналогии. Можно ли мусульманам носить одежду и обувь этой марки? Не будет ли в этом пусть и малейший элемент ширка? Мирас","Пусть Всевышний дарует нам благодать этого дня. Уважаемый Мирас, наш любимый пророк (да благословит его Аллах и приветствует), говорил, что деяния зависят от намерений. Поэтому, если верить в существование божества победы «NIKE», и носить одежду или обувь с намерением «чтобы оно (божество) меня защитило», конечно это будет ширком. Однако, миллионы людей по всему миру выбирают себе одежду и обувь этого бренда, ориентируясь на качество, не основываясь на суждениях о божестве. К тому же, многие и не знают об истории происхождения любимого бренда.

Исходя из этого, можно сказать, что носить одежду или обувь марки «NIKE», не является ширком. Потому что у мусульманина имя Всевышнего, Творца всего сущего, всегда в его сердце, и никак не в названиях вещей.

Абдусамат КасымПеревод с казахского Зарины Нокрабековой",,April,4,2015,7,2015-04-07,2026-01-08,3929,Jumada al-Thani
"Если думать про талак, это считается разводом?",https://islam.kz/ru/questions/semya/talak-razvod/esli-dumat-pro-talak-eto-schitaetsya-razvodom-113/,"6 апреля 2015 г., 15:44",7137,9,"Ассаламу алейкум! Скажите, будет ли засчитано, если слово «талак» сказать про себя? Вслух я его не произносил.","Уаалейкум ассалам! В хадисе, дошедшем до нас от Абу Хурайры, Посланник Аллаха (да благословит его Аллах и приветствует) говорит: «Если представитель моей уммы оставит лишь в мыслях рожденное, не приводя в действие и не озвучит его, Аллах прощает то, что осталось внутри человека». В продолжение этого хадиса табиин Катада (да будет доволен им Аллах) свидетельствует: «Произнесенный мысленно талак - не является таковым».(Сахих Бухари, №4968 хадис.).

Судя по приведенным доказательствам, слово «талак», произнесенное лишь мысленно про себя, не считается талаком.

Абдусамат КасымПеревод с казахского Зарины Нокрабековой",,April,4,2015,6,2015-04-06,2026-01-08,3930,Jumada al-Thani
Как избавляться от волос в зоне подмышек?,https://islam.kz/ru/questions/poklonenie/omovenie/kak-izbavlyatsya-ot-volos-v-zone-podmyshek-112/,"1 апреля 2015 г., 16:09",17405,42,,"Ислам уделяет огромное внимание чистоте физической и духовной. Поэтому в Коране иСунне Пророка Мухаммада(салляллаху алейхи ва саллям) содержится немало указаний относительно личной гигиены.

По мнению большинства исламских алимов,желательно удалять волосы из подмышек с помощью пинцета. Однако отмечается: «Если это способ не представляется возможным из-за невыносимой боли, то разрешается выбривание или же использование различных лекарств (кремов) для удаления волос» («Фытрат ат-тагйир»).

Праведник Ибни Дакыкыйль Ийд (рахматуллахи алейхи) сказал: «Смотрящий на смысл слов хадиса остановится на выщипывании, а смотрящий на общийсмыслдаст разрешение на любой из методов удаления волос» («Аль-Манхаль», 1 / 190).

Согласно Сунне, выщипывание волос из подмышечных впадин следует начинать справа и после этого обязательно мыть руки. Однажды Юнус ибн Абдилялаи зашел к имаму Шафии и увидел, как парикмахер брил ему подмышки.Имам Шафиисказал: «Я знаю, что выщипывать - это Сунна, но я не могу терпеть этой боли».

Имам Газали подчеркивал: «Хоть ивыщипывание волоскажется тяжелым, это лишь поначалу. После появляется привыкание и становится легче. Но все же, так как целью является очищение, бритье тоже достаточно».

О мудрости выщипывания волосИмам Газали(рахматуллахи алейхи) говорил: «Подмышки являются местом неприятного запаха. Он появляется от смешивания пота с грязью. Следовательно, чтобы избавиться от неприятного запаха, было узаконено именно выщипывание, так как эта процедура ослабляет корни волос. Бритье же укрепляет корни и становится причиной усиления неприятного запаха».

Источник:www.islamisemya.com/",,April,4,2015,1,2015-04-01,2026-01-08,3935,Jumada al-Thani
Является ли сунной читать четыре ракаата до джума и после?,https://islam.kz/ru/questions/poklonenie/molitva-namaz/yavlyaetsya-li-sunnoi-chitat-chetyre-rakaata-do-djuma-i-posle-111/,"31 марта 2015 г., 16:58",8675,66,,"عن ابن مسعود قال كان النبى ﷺ يصلى قبل الجمعة اربعًا وبعدها اربعًا (ترمذى ج١ ص٦٩)

Абдуллах ибн Масуд (радиаллаху анху) рассказывает: «Посланник Аллаха (салляллаху алейхи уа саллям) читал четыре ракаата перед джума-намазом и четыре ракаата после него». (Тирмизи т.1, стр. 29).

В другом хадисе сказано:

اذا صلٰى احدكم الجمعة فليصل بعد ها اربعًا (مسلم ج١ ص٢٨٨)

«Когда из вас кто-нибудь прочитает джума намаз, то пусть читает четыре ракаата после него». (Муслим т.1, стр. 288).

В риваяте Абу Дауда со слов Абдуллы ибн Масуда (радиаллаху анху) передаётся, что после намаза джума надо читать шесть ракаатов, четыре с одним салямом и два с одним салямом.

В некоторых хадисах упомянуто, что надо читать два ракаата приветствия мечети перед хутбой джума. Но это не является ни ваджибом, ни суннатом, а мустахабом. И причина этого ясна, что если приветствие мечети в обычное время не является ваджибом или суннатом, то как оно может стать ваджибом или суннатом именно в это время».

А так же к этой теме еще можно привести вот эти риваяты:

عن جبلةَ بن سحيم عن عبد الله بن عمر رضى الله عنهما: أنه كان يصلّي قبلَ الجمعةِ أربعًا لا يفصلُ بينهنَّ بسلامٍ, ثم بعد الجمعةِ ركعتينِ ثم أربعًا.رواه الطحاوي في باب التطوّع بالليل والنهار كيف هو, وإسنادهُ صحيح. شرح معاني الآثار: 1\335.

Передают, что Джабаля ибн Сухейм рассказывал: «Абдуллах ибн Умар (радыяллаху анхума) обычно совершал молитву в четыре ракаата до пятничной молитвы. После пятничной молитвы он совершал сначала два ракаата, а затем еще четыре ракаата». Цепочка этого хадиса является достоверной. (ат-Тахави «шарх маани аль-асар» 1/335)

عن أبي عبد الرحمن السلمي قال: كان عبد الله رضى الله عنه يأمرنا أن نصلي قبلَ الجمعةِ أربعًا, وبعدها أربعًا. رواه عبد الرزاق, وإسنادهُ صحيح.مصنف عبد الرزاق: 3\247 (5525), ورواه الطبراني في المعجم الكبير: 9\310 (9551-9552)

Передают, что Абу Абдуррахман ас-Сальми рассказывал: «Абдуллах ибн Умар (радыяллаху анхума), велел нам совершать молитву в четыре ракаата до пятничной молитвы и после нее». Цепочка этого хадиса является достоверной. (Абдур-Раззак «мусаннаф» 3/247 (5525) и ат-Табарани «аль-муджам аль-кабир» 9/310 (9551-9552))

Итак, нам стало ясно то, что совершение четырех ракаатов сунны до фарза джума являются на самом деле сунной, иными словами, законным действием в исламской практике.

Источник:http: darulhanafiya.kz",,March,3,2015,31,2015-03-31,2026-01-08,3936,Jumada al-Thani
Сунниты и шииты – в чем различия?,https://islam.kz/ru/questions/veroubejdenie/sunnity-i-shiity-v-chem-razlichiya-110/,"30 марта 2015 г., 11:33",15707,100,"Расскажите поподробнее об убеждениях шиитов, в чем состоят их главные заблуждения?","Большинство шиитов в наше время принадлежат к т.н. шиитам-имамитам («имами исна аш’ария»)*, которые разделяют следующие убеждения:

1. Вера в тахриф (искажение или неполноценность) Корана.

Многие шиитские ученые считают, что Коран в его нынешнем состоянии искажен и неполон (1).

К примеру, Ат-Табраси, известный шиитский муфассир (толкователь Корана) (ум. в 620 г. хиджры), пишет в своей книге Аль-Ихтиядж:

ولو شرحت لك كلما أسقط وحرف وبدل مما يجري هذا المجرى لطال، وظهر ما يحظر التقية إظهاره من مناقب الأولياء ومثالب الأعداء

«Если б я мог бы объяснить вам все, что было опущено, изменено и подменено в Коране, это было бы очень длинным; и правило такыйи (сокрытия) запрещает подобное раскрытие» (Аль-Ихтиядж, с. 377).

Файз аль-Кашани, другой шиитский муфассир (ум. в 1091 г. хиджры) пишет в своем «Ат-Тафсир ас-Сави» после цитирования многих сообщений о предполагаемых искажениях Корана из основных шиитских источников, таких как тафсир Али ибн Ибрахима аль-Кумми (ум. в 307 г. хиджры) и аль-Кафи Мухаммада ибн Якуба аль-Кулени (ум. в 328 или 329 г. хиджры):

أقول: المستفاد من مجمع هذه الأخبار وغيرها من الروايات من طريق أهل البيت (عيهم السلام) إن القرآن الذي بين أظهرنا ليس بتمامه كما انزل على محمد (صلى الله عليه وآله وسلم) منه ما هو خلاف ما أنزل الله ومنه ما هو مغير ومحرف وإنه قد حذف عنه أشياء كثيرة منها اسم علي (عليه السلام) في كثير من المواضع ومنها غير ذلك وأنه ليس أيضا على الترتيب المرضي عند الله وعند رسوله (صلى الله عليه وآله وسلم) وبه قال علي بن إبراهيم

«Я говорю: то, что мы можем вывести из этих сообщений (вышеперечисленных авторов) и других, кроме них: что Коран, который находится сейчас в наших руках, не является тем самым полным Кораном, как он был ниспослан Аллахом Пророку Мухаммаду (мир ему и благословение). Часть его противоречит тому, что ниспослал Аллах, и часть его была изменена или искажена (к примеру, опущено имя Али во многих местах). Также следует (из вышеприведенного), что он (Коран) не был составлен в той последовательности, как это предпочли Аллах и Его Посланник (мир ему и благословение). Это было высказано Али ибн Ибрагимом».

Али ибн Ибрагим – это один из известных ранних шиитских муфассиров . Так что, как видно, большие ученые шиитов придерживаются убеждения в искаженности Корана.

2. Обвинения в адрес первых трех праведных халифов Абу Бакра, Умара и Усмана (да будет доволен ими Аллах) и многих других сподвижников и жен Пророка (мир ему и благословение).Шииты обвиняют первых трех праведных халифов в несправедливом захвате власти в умме мусульман (которая должна была якобы принадлежать Али, да будет доволен им Аллах), и многих сподвижников в искажении религии.

Мы знаем, что Абу Бакр и Умар (да будет доволен ими Аллах) являлись самыми близкими сподвижниками и друзьями Пророка (мир ему и благословение). Их самопожертвование, храбрость и поддержка религии известны из многих исторических фактов. Кроме того, Пророк (мир ему и благословение) называл их в числе десяти сподвижников, которым был при жизни обещан Рай. Шииты, однако, называют Абу Бакра и Умара (да будет доволен ими Аллах) лицемерами (мунафиками), предназначенными адскому огню, и произносят проклятия и оскорбления в их адрес. Многие ученые Ахлю-Сунна считают подобные убеждения неверием [2].

Также шииты питают особую нелюбовь к жене Пророка (мир ему и благословение) Аише (да будет доволен ей Аллах), в частности, они считают ее виновной в прелюбодеянии (в истории с ожерельем, когда ее оклеветали, но Аллах оправдал ее) (3).

3. Особая роль имама Али и его жены Фатимы (да будет доволен ими Аллах) — им приписывают особые знания или качества.В некоторых шиитских источниках даже приводится мнение, что якобы ангел Джибриль по ошибке передал откровение Мухаммаду (мир ему и благословение) вместе Али.

Во время произнесения азана и икамата (призыва к молитве) шииты после слов «Ашхаду анна Мухаммадан расулюЛЛях» добавляют слова «Ашхаду анна Алиян валийуллах (свидетельствую, что Али правитель от имени Аллаха)».

4. Имамат — вера в особый статус 12 имамов (преемников Пророка, мир ему и благословение).

Шииты верят, что после смерти Пророка (мир ему и благословение) руководство исламской общиной перешло к Али (да будет доволен им Аллах) и его потомкам – непогрешимым имамам. Последний, двенадцатый имам исчез в раннем детстве, и как верят шииты, сейчас находится «в сокрытии» (в ином мире, откуда посылает некие сообщения или указания нынешним руководителям шиитской общины — аятоллам). Он, по мнению шиитов, и есть ожидаемый мусульманами имам Махди (который появится незадолго до Судного дня). Каждый имам наделен особыми полномочиями, практически равными пророческим – они обладают явными и скрытыми знаниями, могут совершать чудеса, так же безгрешны, как и пророки и т.д.

Многие шиитские ученые считают кафирами всех, кто не разделяет веру в непогрешимых имамов.

5. Дозволение мут’а – временного брака.В языческом обществе доисламской Аравии существовал т.н. временный брак – когда мужчина мог взять в жены женщину на определенный срок (неделю, месяц, даже на один час) за определенную плату. Такой брак оставался дозволенным некоторое время после ниспослания Откровения, но потом был запрещен Всевышним через Пророка (мир ему и благословение), который сказал:

«Люди, я [было] разрешил вам временный брак [в период долгих и продолжительных походов]. Но, воистину, Господь запретил это вплоть до Конца Света» (Муслим, Ахмад и аль-Байхакы).

Имам ‘Али ибн Абу Талиб передал: «Поистине, Посланник Аллаха (да благословит его Аллах и приветствует) запретил мут‘а (временный брак) в день Хайбара» (Бухари, Муслим, Ат-Тирмизи).

Однако шииты-имамиты считают подобный брак дозволенным (и отвергают хадисы, в которых он был запрещен). Для заключения временного брака достаточно упомянуть махр (в данном случае это материальное вознаграждение) и оговорить срок сожительства. Присутствие свидетелей на церемонии бракосочетания не является необходимым условием. Наследственные обязательства в случае скоропостижной смерти одного из супругов отсутствуют, а расторгается этот «брак» без процедуры развода. Фактически, подобный «брак» напоминает завуалированное прелюбодеяние.

6. Такыйя – сокрытие своих истинных убеждений.По мнению ученых-суннитов, мусульманину разрешается скрыть свою веру (и даже назвать себя немусульманином), только если его жизни угрожает реальная опасность. Однако, по мнению ученых-шиитов, человек может скрыть свои убеждения во многих случаях — если ему это по какой-то причине выгодно или удобно.

В частности, по этой причине, шииты в обществе суннитов могут не признаваться, что действительно разделяют вышеперечисленные убеждения (отрицать веру в искаженность Корана и уверять, что они любят всех сподвижников).

7. Также шииты известны своими траурными церемониями, которые они проводят в день Ашура, когда, по преданию, был убит имам Хусейн (да будет доволен им Аллах), внук Пророка (мир ему и благословение).В этот день, чтобы показать свою скорбь, многие шииты наносят себе ранения и увечья. Подобные вещи исламские ученые также осуждают, считая это фанатизмом и крайностями.

Дискуссии с шиитами по вопросам их убеждений вести сложно, поскольку аяты Корана они толкуют по-своему, в свете своих убеждений, а сборники хадисов, признанные в суннитском мире (к примеру, т.н. Кутуб Ситта – шесть сборников хадисов) не признают, поскольку они были переданы сподвижниками, которые, по их мнению, не заслуживают доверия. Они имеют свои сборники хадисов (многие из которых, нужно отметить, сфабрикованные и ложные).

По мнению многих ученых-суннитов, людей, разделяющих подобные убеждения, нельзя назвать верующими (4). Однако, нужно иметь в виду, что многие простые люди, которые в наше время называют себя шиитами, часто просто следуют за своими предками. Многие из них не имеют понятия о большинстве вышеперечисленных убеждений. Так что говорить конкретно о каждом шиите – кем он является, верующим или заблудшим, нельзя, нужно разбирать каждый случай отдельно.

А Аллах знает лучше.

Источник:Jamitul Ulamaannisa-today.ru_______________________________________

*В мусульманском мире шииты проживают в основном в государстве Иран (где официально приняты шиитские убеждения). На территории бывшего СССР и России шииты есть в Азербайджане и в республике Дагестан (к примеру, в Дербенте).

[1] يقول صاحب كتاب الوشيعة وهو الشيخ موسى جار الله الذي عاش بين الشيعة زمنا طويلا يدرس في حلقاتهم: القول بتحريف القرآن بإسقاط كلمات وآيات قد نزلت، وبتغيير ترتيب الكلمات أجمعت عليه كتب الشيعة. وقد لقيت في زيارتي للحوزة العلمية في قم كثيرا ممن يقول بهذا القول إما تصريحا وإما تعريضا (الفاضح لمذهب الشيعة الإمامية، ص٦٧)

[2] وكذلك من قال فى الشيخين أبي بكر وعمر رضي الله عنهما مثلا: ليس من أهل الجنة مع تواتر الحديث في بشارتهما، أو قال: إن النبي صلى الله عليه وسلم خاتم النبيين ولكن معنى الكلام أنه لا يجوز أن يسمى بعده أحد بالنبي وأما معنى النبوة وهو كون الإنسان مبعوثا من الله تعالى إلى الخلق مفترض الطاعة معصوما من الذنوب ومن البقاء على الخطأ في ما يرى فهو موجود فى الأئمة بعده فذلك زنديق، وقد اتفق جماهير المتأخرين من الحنفية والشافعية على قتل من يجري هذا المجرى والله تعالى أعلم بالصواب. مسوى على الموطأ للشيخ الأجل ولي الله بن عبد الرحيم الدلوي (إكفار الملحدين، إدارة القرآن، ص٤٥)

[3] الرافضي إذا كان سب الشيخين ويلعنهما والعياذ بالله فهو كافر ولو قذف عائشة رضي الله تعالى بالزنا كفر بالله…كذا فى الوجيز للكردري (الفتاوى الهندية، منقول من الفتاوى المحمودية، ج٢ ص٣٦)

[4] دور حاضر كے زنادقہ: ١. شيعہ، يہ زنادقہ كا قديم ترين فرقہ ہے اور سب سے برا دشمن اسلام اور سب سے زياده بد ترين خبيث زنادقہ كے اس اخبث الخبائث فرقہ نے اسلام اور مسلمانون كو جتنا برا نقصان پہنجايا ہے اور پہنجار ہے ہين اتنا نقصان زنادقہ كے دوسرے سب فرقون كا مجموعہ بهى نہين پہنجا سكا بلكہ اس كا عشر عشير بهى نہين كر سكا (أحسن الفتاوى، ج.٦ ص٣٨٨)",,March,3,2015,30,2015-03-30,2026-01-08,3937,Jumada al-Thani
Как выглядел Пророк (да благословит его Аллах и приветствует)?,https://islam.kz/ru/questions/veroubejdenie/kak-vyglyadel-prorok-da-blagoslovit-ego-allah-i-privetstvuet-109/,"27 марта 2015 г., 14:49",4794,22,"Ассаламуалейкум! Каким был внешний вид, рост, телосложение Пророка (да благословит его Аллах и приветствует)? Или же нельзя говорить об этом? Азамат.","Уа алейкумассалам, Азамат!

Внешний вид, манера поведения, телосложение Пророка подробно исследовано учеными хадисоведами. Есть сборники хадисов, в которых описывается внешний облик Пророка (да благословит его Аллах и приветствует). В качестве примера можно привести книгу ученого хадисоведа Имама Тирмизи (р.а.) «аш-Шама’илул Мухаммадия» - качество свойственное Мухаммеду». В вышеназванной книге Имам Тирмизи приводит около 400 хадисов, в которых подробно описывается внешность Пророка. К этому труду было написано много комментариев. В качестве самого большого из них можно назвать шарх «Жамъул Уасаил фи Шархиш Шама’ил» ученого Ханафитского мазхаба, хадисоведа и факиха Мулла Алиюл Кари (г.с.гр.1606/х.1014г.).

Здесь мы приведем лишь несколько хадисов из вышеназванной книги:

По словам сподвижника Анас ибн Малика Пророк (да благословит его Аллах и приветствует):

По словам сподвижника ал-Бара’ ибн Ъазиба Посланник Аллаха (да благословит его Аллах и приветствует) был:

По словам Хазрета Али (да благословит его Аллах и приветствует):

Перевод с казахского Айнагуль Джумагазиевой",,March,3,2015,27,2015-03-27,2026-01-08,3940,Jumada al-Thani
"Можно ли пользоваться хозяйственным мылом, содержащим свиной жир?",https://islam.kz/ru/questions/raznoe/mojno-li-polzovatsya-hozyaistvennym-mylom-soderjashim-svinoi-jir-108/,"26 марта 2015 г., 10:34",25439,11,"Ассаляму алейкум! Я слышал, что в составе хозяйственного мыла, используемого в повседневной жизни, есть жиры животного происхождения, а также свиной жир. Прошу вас ответить на мой вопрос с доводами надежных и знающих специалистов! Нурболат Шонжанов","Уаалейкум ассалам! Нурболат, в шариате есть правило «Инкилабуль Айн» (изменение сотворенного). Это означает, что если все вещи, признаваемые, как наджас, окончательно изменят свою природную и сотворенную форму (подвергнется реакции), то и решение шариата относительно этого предмета теряет свою силу. Например, если вино, сделанное из винограда, превратится в уксус, то оно считается не вином, а уксусом.

Опираясь на это правило, ученые Ханафитского мазхаба решили следующее: относительно мыла, сделанного из наджас жира, вынесли решение, как чистое. Потому что наджас подвергся изменению. А по решению Имама Мухаммеда наджас, подвергшийся изменению, считается чистым. Это правило распространяется не только на мыло, но и на все предметы, изменившие природную форму и подвергшиеся изменению[1].

В этой связи нужно отметить важное обстоятельство: оно должно подвергаться изменению не только внешне, но и всей своей сутью. Внешние изменения не позволяют рассматривать его как чистое, т.е. вещь считается наджасом[2].

Исходя из этого, можно было бы утверждать, что пользоваться мылом, содержащим свиной жир, можно, если в процессе намыливания мыло основательно изменит свою структуру. Однако специалисты утверждают, что «в процессе намыливания свиной жир, содержащийся в мыле, не теряет свою структуру полностью». Поэтому вам следует пользоваться мылом, не содержащим свиной жир, выпускаемый мусульманскими странами (Турция, Иран). Истина ведома лишь Аллаху!

Перевод с казахского Айнагуль Джумагазиевой","[1] Ибн Габидин, Раддуль Мухтар: «Бабуль Анжәс», 1-том, 519-стр.
[2] Ибн Габидин, Раддуль Мухтар: «Бабуль Анжәс», 1-том, 519-стр.",March,3,2015,26,2015-03-26,2026-01-08,3941,Jumada al-Thani
Разрешается ли употреблять безалкогольное пиво?,https://islam.kz/ru/questions/raznoe/razreshaetsya-li-upotreblyat-bezalkogolnoe-pivo-107/,"25 марта 2015 г., 9:53",6064,24,,"Некоторые псевдо-учёные разрешили употребление пива, говоря, что в нем не содержится алкоголь.

Шейх Усама Ар-Рифаи, сирийский алим, после проведения лабораторных  исследований на содержание алкоголя  в безалкогольном пиве сказал:«Лабораторные исследования показали, что в безалкогольном пиве содержится  4 гр алкоголя на 1000 гр пива.

В лаборатории ему сказали, что даже в виноградном уксусе, который  является халяльным, содержится столько же алкоголя. Он попросил их проверить. Оказалось, что уксус совсем не содержит алкоголя.

Потом Усама Ар-Рифаи привёл достоверный хадис, преданный Абу Давудом, Байхаки и другими, что Пророк (саляллаху алейхи уа салям) сказал:

ما أسكره الفرق فملأ الكف منه حرام

«Если один фарак напитка опьяняет, то даже его горсть является харамом».

Этот хадис является толкованием для следующего хадиса:

ما أسكر كثيره فقليله حرام

«То, что опьяняет в большом количестве, то даже его в малое количество является харамом».

Фарак – сосуд, с помощью которого пророк (мир ему) делал гусль, объёмом примерно 3 саа (примерно 9 -10л).

Соответственно, в одном фараке (9-10л) безалкогольного  пива содержится 37-40гр алкоголя.

По мнению учёных, если человек выпьет 6 грамм  алкоголя, то наступает опьянение.

Муфтий Сухайл Тармухаммад  в своей книге «Современные фетвы» говорит: «Если напиток обусловлен подражанием немусульманам , то его употребление  является  запретным».

Исходя из этих двух мнений, мусульманам недопустимо употребление безалкогольного  пива.   والله أعلم بالصواب

Islam-today",,March,3,2015,25,2015-03-25,2026-01-08,3942,Jumada al-Thani
"Может ли шайтан показаться человеку, и были ли те, кто его видел?",https://islam.kz/ru/questions/veroubejdenie/mojet-li-shaitan-pokazatsya-cheloveku-i-byli-li-te-kto-ego-videl-106/,"18 марта 2015 г., 14:35",9515,13,,"Аллах Всевышний сказал в Коране: «Воистину, шайтан является вашим врагом, и относитесь к нему как к врагу. Он зовет свою партию к тому, чтобы они стали обитателями пламени» (Фатыр 35/6).

Шайтан – это существо, которое осмелилось не подчиниться приказу Аллаха, испытывающее ненависть к человеческому роду и старающееся сбить людей с прямого пути.

Поскольку шайтан является одним из джиннов, то в материальном мире он может принимать разные образы. Сообщается, что по этому поводу посланник Аллаха (салаллаху алейхи ва саллям) сказал: «Джинны делятся на три категории: У одной части из них, есть крылья, и они могут летать по воздуху. Другая часть существует в образе змей или собак. А другая часть ведет кочевой образ жизни, сопровождая людей» (Румузуль-Ахадис). Как следует из этого хадиса, шайтан может представать в образе кошки, собаки, козла или змеи. Известно, что шайтан обманул Адама (алейхи салям) и Хавву (радыйаллаху анха), приняв облик змея.

Чаще всего шайтан появлялся в образе плохих людей.Однако шайтан не способен принять облика посланника Аллаха (салаллаху алейхи ва саллям). Сообщается, что посланник Аллаха (салаллаху алейхи ва саллям) сказал: «Тот, кто увидит меня во сне, пусть знает, что действительно видел меня. Так как шайтан не может принять мой облик». На протяжении веков шайтан, показывался всем пророкам, а так же их последователям, в том числе посланнику Аллаха (салаллаху алейхи ва саллям) и его сахабам. Не ограничиваясь только этим, шайтан так же показывался неверующим и многобожникам, и оказывал им помощь в деле сбивания людей с истинного пути.

Сообщается, что однажды Иса (алейхи салям) заснул, положив под голову вместо подушки половину кирпича. Проснувшись, он увидел у своего изголовья сидящего Иблиса, и спросил: «Эй, проклятый! Чего ты ждешь?». Иблис ответил: «Исходя из того, что мирские богатства принадлежат мне, кирпич, который ты положил под голову, тоже мой. Раз ты используешь мое имущество, то значит, являешься моим соучастником». Тогда Иса (алейхи салям) взял этот кусок кирпича и выбросил, а шайтан был вынужден тихонько уйти (Фаридуддин Аттар, Мантыкут-Тайр).

Известно, что Аллах подчинил Сулеману (алейхи салям) джиннов и некоторых шайтанов, которые работали на него. В Коране по этому поводу говорится следующее: «Мы подчинили Сулейману сильный ветер, который дул по его повелению на землю, которую Мы благословили. Мы знаем о всякой вещи. Среди шайтанов были такие, которые ныряли для него и выполняли другие работы. Мы стерегли их» (Анбийа 21/81-82). «Тогда Мы подчинили ему ветер, который нежно дул по его велению, куда бы он ни пожелал, а также дьяволов – всяких строителей, ныряльщиков и прочих, связанных оковами» (Сад 38/36-38).

Существуют риваяты, свидетельствующие о том, что посланник Аллаха (салаллаху алейхи ва саллям)видел шайтана. Приведем некоторые из них:

Передается от Абу Хурайры, что посланник Аллаха (салаллаху алейхи ва саллям) сказал: «Вчера вечером ко мне пришел один ифрит (самый скверный и ужасный шайтан), чтобы испортить мой намаз. Но Аллах дал мне силу против него, и мне удалось его поймать. Я хотел привязать его к одной из опор мечети, чтобы утром вы все могли увидеть его. Но я вспомнил дуа Сулемана (алейхи салям): «Господи! Прости меня и даруй мне такую власть, которая не будет полагаться никому после меня. Воистину, Ты – Дарующий» (Сад 38/35). И я отпустил его, прогнав прочь».

В риваяте Абу Дарды говорится: «Если бы не было дуа, моего брата Сулеймана, то он остался бы привязанным до утра. А мединские дети придя утром в мечеть, могли бы поиграть с ним».

Islam-Today",,March,3,2015,18,2015-03-18,2026-01-08,3949,Jumada al-Awwal
Каким видом спорта занимался Пророк?,https://islam.kz/ru/questions/raznoe/kakim-vidom-sporta-zanimalsya-prorok-105/,"10 марта 2015 г., 16:11",13338,16,Ассалаумагалейкум! Занимался ли Пророк (да благословит его Аллах и приветствует) спортом? Алибек,"Уагалейкум ассалам! Как известно, ислам поддерживает всё меры по ведению здорового образа жизни. Из этого следует, что ислам рассматривает занятие спортом благим делом. Приведем несколько примеров видов спорта, которыми занимался Пророк(да благословит его Аллах и приветствует). Он призывал мусульман быть сильными и крепкими. Эти виды спорта похожи на тех, которые существуют и поныне,

Бег.Сподвижник Абдулла ибн ал-Харис говорит: «Посланник Аллаха построил в ряд сыновей Аббаса Абдуллу, Убайдуллу и Касира и сказал: «Ктоприбежит ко мнебыстрее всех,янагражу его таким-то ценным подарком». Они прибегали к Нему наперегонки и садились ему на плечи и на грудь. А Он, обняв их, целовал в щечку»[2].

Мать правоверных Айша сказала: «Я, соревнуясь в беге с Пророком (мир ему и благословение Аллаха), опережала его. Позже, когда я несколько располнела, он опередил меня. И Он сказал: «Это за то»[3] (имея в виду состязание, которое Айша выиграла у Пророка (мир ему и благословение Аллаха).

Скачки.В хадисе, приведенном сподвижником Ибн Аббасом, Пророк (да благословит его Аллах и приветствует) сказал: «Призом награждаются только за скачки на лошадях или наверблюдах, или же за метание копья (стрельба из лука)»[4].

Борьба.Пророк призывает известного борца города Мекка Рукана ибн Абдязида в ислам. Борец просит доказать правдивость ислама. Тогда Пророк спросил у него: Если я одолею тебя, то ты поверишь в правдивость в моих слов?». Борец соглашается. Пророк несколько раз побеждает его…»[5].

Стрельба.В хадисе, приведенном сподвижником Ибн Аббасом, Пророк (да благословит его Аллах и приветствует) сказал: «Призом награждаются только за скачки на лошадях или наверблюдах, или же за метание копья (стрельба из лука)»[6].

Плавание.Пророк (да благословит его Аллах и приветствует), вспоминая пребывание в доме дяди в 6-ти летнем возрасте, говорит следующее: «Масть оставила меня здесь. Здесь находится и могила отца. Я тогда хорошо плавал в водах сыновей Ади ибн Наджара»[7].

Из вышеприведенных примеров мы видим, что Посланник Аллаха пропагандировал здоровый образ жизни, и призывал развивать его. Значит, мусульманин должен заниматься такими видами спорта, которые принесут пользу его здоровью и закалят его.","[[1]] Сахих Муслим, Судьба - 34
[2] Хайсами – 5/342 стр, №9352 хадис.
[3] Абу Дауд – №2578 хадис.
[4] Абу Дауд – №2574 хадис.
[5] Ибн Хишам
[6] Абу Дауд – №2574 хадис.
[7] Ал-Мунтазам фи тарихил умам.",March,3,2015,10,2015-03-10,2026-01-08,3957,Jumada al-Awwal
Можно ли сдавать кровь за деньги?,https://islam.kz/ru/questions/meditsina/mojno-li-sdavat-krov-za-dengi-104/,"6 марта 2015 г., 11:17",11933,15,"Здравствуйте! Если человек выступает в качестве донора, то, похоже, что ему хорошо заплатят.Можно ли сдавать кровь за деньги? По-моему, сдавать кровь за деньги, равносильна торговой сделке. Считаю, что в этом нет ничего предосудительного. А как вы считаете?","Здравствуйте! Сдавать кровь, выступать в качестве донора богоугодное дело[1]. Потому что спасти жизнь человеку оказавшегося на грани смерти или содействовать в облегчении болезни, безусловно, благое дело.  Всевышний Аллах в Священном Коране говорит:

«…Кто сохранит жизнь человеку, тот словно сохранит жизнь всем людям»[4]

(Сура «Трапеза», 32-аят).

А на торговлю крови, точнее сказать на сдачу крови за деньги, большинство ученых выступают против. Потому что в сахих хадисах говорится, что Пророк (да благословит его  Аллах и приветствует) запрещал торговать кровью[2]. К тому же в Священном Коране, наряду со свининой и мертвечиной, к запрещенному (харам) также относят и кровь. Согласно шариатским нормам, торговать вещами, относящимися к хараму, тоже запрещено[3]. Учитывая эти правила, организация Исламского фикха в 11-ом совещании, проведенном в 1989 году в городе Мекка, пришла к следующему выводу:

В заключение мы хотим сказать, во-первых, человек, который намерен сдать кровь, должен предусмотреть все побочные эффекты, чтобы был минимум вреда для его здоровья.  Во-вторых, ему следует сдавать кровь на безвозмездной основе, с намерением совершить богоугодное дело, чтобы получить Божье вознаграждение (в крайнем случае можно)[4]. Истина известна лишь Аллаху!

В то же время среди современных ученых есть те, которые утверждают, что «в современном обществе, когда понятие «протянуть руки помощи» встречается редко, тяжело ждать помощи от кого-либо. А кровь для лечения людей сейчас крайне необходима.  Поэтому мы вынуждены дать согласие на получение платы за сдачу крови»[5].","[1] Для того, чтобы узнать решение шариата на трансплантацию пройдите по ссылке:
http://www.islam.kz/kk/questions/meditsina/transplantatsiya-donor-boludyn-sharigattagy-ukimi-qandai-44/
(На казахском языке)
[2] Сахих Бухари: Китабул Буюъ, «Бабу саманил Калб», №2123 хадис.
[3] Потому что Пророк (да благословит его Аллах и приветствует) сказал: «Поистине, когда Аллах запретил вам что-то, то также вам запретны деньги, полученные за него», т.е. и торговать им.
[4]
Плату следует брать, когда испытываешь крайнюю нужду. Потому что в Священном Коране говорится:
«وَقَدْ فَصَّلَ لَكُمْ مَا حَرَّمَ عَلَيْكُمْ إِلَّا مَا اضْطُرِرْتُمْ إِلَيْهِ –
«Почему вы не должны есть из того, над чем произнесено имя Аллаха, в то время как Он уже подробно разъяснил вам, что вам запрещено, если только вы не принуждены к этому?...»
[5]
Али Ал-Карадаги – ал-Казая ат-Тыббия, Лубнан, 2006 год. 549-стр. «Байъуд дам».",March,3,2015,6,2015-03-06,2026-01-08,3961,Jumada al-Awwal
Можно ли щелкать семечки «Джинн» ?,https://islam.kz/ru/questions/raznoe/mojno-li-shelkat-semechki-djinn-103/,"5 марта 2015 г., 12:03",22043,13,Можно ли щелкать семечки «Джинн» ? Даурен,"Уважаемый Даурен, важен состав употребляемой пищи. Всякая пища, которая состоит из разрешенных ингредиентов, дозволена. Изображения и надпись из обертки не влияют на дозволенность или на запрещенность содержимого. Поэтому вышеназванные семечки грызть можно. Изображения и надпись из обертки не лишает семечек статуса дозволенной.",,March,3,2015,5,2015-03-05,2026-01-08,3962,Jumada al-Awwal
Что такое Ба`с и каковы доказательства его истинности?,https://islam.kz/ru/questions/veroubejdenie/chto-takoe-bas-i-kakovy-dokazatelstva-ego-istinnosti-102/,"3 марта 2015 г., 10:34",4327,11,,"Ба`с означает воскрешение после смертии представляет собой очень важный этап жизни в ахыра. После наступления конца света ангел Исрафиль (алейхи салям) во второй раз подует в свою трубу, и все живые существа будут воскрешены.

В соответствии с вероубеждением Ахлю-сунна,воскрешениеиз мертвых подразумевает воскрешение души и тела. Исходя из этого, после того, как человек умрет и превратится в прах, Аллах Всевышний воссоздаст его тело и вернет в него душу. Следующие аяты указывают на то, что воскрешение будет и физическим, и духовным:

«Воистину, тех, которые не уверовали в Наши знамения, Мы сожжем в огне. Всякий раз, когда их кожа сгорит, Мы заменим ее другой кожей, чтобы они вкусили мучения. Воистину, Аллах – Могущественный, Мудрый» (ан-Ниса 4/56), «...в тот день, когда их языки, руки и ноги будут свидетельствовать против них о том, что они совершили» (ан-Нур 24/24).

Коран неустанно повторяет тем, кто отрицает воскрешение после смерти, что оно является возможным с точки зрения разума и обязательно произойдет, и подкрепляет эту истину следующими доказательствами:

Во многих хадисах посланник Аллаха (салаллаху алейхи ва саллям) также сообщает о воскрешении после смерти. В одном из этих хадисов говорится: «Все тело человека разложится и превратится в прах, за исключением копчика. В судный день человек будет воскрешен из этой кости» (Бухари, Тафсир, 39/3; Муслим, Фитан, 141, 142). В других хадисах говорится о том, что в судный день все люди будут воскрешены из своих могил, и первым будет воскрешен пророк Мухаммад (салаллаху алейхи ва саллям) (Ибн Маджа, Джанаиз, 58). В другом хадисе посланник Аллаха (салаллаху алейхи ва саллям) говорит, что люди будут воскрешены в судный день в своем первоначальном облике (Бухари, Рикак, 45; Муслим, Джаннат, 55, 59). В другом хадисе говорится: «Каждый раб будет воскрешен в том состоянии, в каком он умер» (Муслим, Джаннат, 83).

Islam-Today",,March,3,2015,3,2015-03-03,2026-01-08,3964,Jumada al-Awwal
Как привести сына к религии?,https://islam.kz/ru/questions/semya/semya/kak-privesti-syna-k-religii-101/,"28 февраля 2015 г., 11:02",3808,16,"У меня есть сын, ему 18 лет. Как мне привести его к религии? Понимаю, что его не заставить совершать намаз, придерживаться всех канонов Ислама. Многие мои родные читают намаз.

В детстве сын всегда был послушным, добрым, отзывчивым. Сейчас чувствую, как будто мы ему мешаем в жизни, он отстранился от нас. Не пьёт, но чувствую, что курит, а что курит – об этом и думать боюсь. Если спрашиваем, то отвечает то, что мы хотели бы от него услышать, или говорит, что я всё утрирую. Я вижу выход только в имане. Помогите разобраться.","С точки зрения религии:

Очень жаль, что Вы только сейчас, когда он, можно сказать, сформировался как личность, спохватились о его воспитании и придали важность соблюдению им предписаний нашей религии! Детей надо учить молитве и другим предписаниям, а также желательным поступкам ещё с 6–7-летнего возраста (тамйиз), когда ребёнок уже понимает, что хорошо, а что плохо. Если детей воспитывать и обучать со столь раннего возраста, они растут хорошими и соблюдающими мусульманами. Такие дети даже не могут себе представить, как можно пропустить молитву, не носить платок и т. п.

Возможно, причиной его столько резкого изменения является не только возрастной характер, но и плохая компания. Обратите внимание на его круг общения, друзей… возможно, они и оказывают на него негативное влияние.

Для начала купите для него несколько исламских книг, дисков с проповедями и лекциями богословов. В частности, литературу, в которой разъясняется всё, что касается грехов. Познакомьте его с религиозными, соблюдающими каноны религии ребятами. Попросите Ваших родственников почаще гостить у Вас и невзначай заводить с сыном беседы на религиозные темы, в частности о важности исполнения молитвы. В идеале же было бы хорошо уговорить его поступить в исламский университет, там его всему и обучили бы и привили бы любовь к религии.

С точки зрения психологии:

Ваше желание привести сына к религии, безусловно, заслуживает похвалы. Общеизвестно, что отсутствие у человека крепкого духовного стержня делает его потенциально готовым к любого рода отклоняющемуся от социальных норм поведению. Любую беду легче бывает предотвратить, чем пытаться исправить. Так уж получается, что склонить человека к соблюдению им религиозных норм не так просто, поскольку это должно быть внутреннее стремление, осознанный выбор. В противном случае Вы можете добиться лишь того, что он для Вас будет религиозным, но внутренне будет оставаться при собственном мнении. Очень жаль, что Вы так поздно спохватились и не привили ему любовь к религии в том возрасте, когда это происходит лучше всего. Сейчас Ваш сын – достаточно сформированная личность, проходящая этап юности. Этот возраст характеризуется такими психологическими особенностями, как поиск собственного «Я», это возраст активного становления самосознания, своей индивидуальной жизненной позиции. На это и нужно делать основной упор.

Прежде всего необходимо завоевать его расположение за счёт того, что Вы дадите ему почувствовать, что уважаете его личное право на собственный выбор, что Вы приложите максимум усилий, чтобы понять его.

Начните проявлять интерес к его повседневным делам, интересуйтесь происходящими в его жизни изменениями. Конечно, не ждите, что он вот так сразу и начнёт Вам всё сообщать, – ничего подобного; скорее всего, Вы наткнётесь на стандартные отговорки. Это нормально. Главное – не выражать открытого осуждения его деятельности, поскольку это автоматически поставит его в защитную позицию. К примеру, замечание насчёт того, что он курит, нужно сделать дипломатично. Если просто критиковать, то Ваш сын, скорее всего, начнёт отрицать всё и будет врать. Если же Вы сообщите ему , что Вам будет крайне неприятно, если Вы вдруг узнаете, что он курит, что это очень сильно опустит его в Ваших глазах и Вы окончательно в нём разочаруетесь, то тем самым Вы оставляете для него существенную лазейку для спасения собственной репутации, которой он и постарается воспользоваться, и, скорее всего, самостоятельно откажется от курения.

Не забывайте, что иногда очень полезно создавать для человека благополучную репутацию, которую он будет стремиться оправдать, так как человеком во многом движет внутреннее желание уважать самого себя, ценить собственные достоинства.

Как только Вам удастся растопить лёд в отношениях, стоит вплотную заняться его религиозным развитием. Просите его объяснить Вам некоторые положения религии, даже те, о которых Вам самой хорошо известно. Это создаст у него ситуацию дефицита информации и как следствие – необходимость искать ответы на те или иные вопросы. Идея в том, что, начав таким образом изучение религии, он придёт к мысли о необходимости следовать нормам Ислама, поскольку истинная вера всегда строится на знании.

Конечно, нужно понимать и то, что Вашему сыну психологически будет легче соблюдать нормы Ислама, если он будет не одинок в этом, то есть вместе с ним будут соблюдать религиозные предписания и другие члены семьи, в том числе и Вы. Если он будет видеть, что его мама стремится соблюдать нормы религии, то ему будет намного легче и самому. Из Вашего письма не совсем понятно, совершаете Вы сами намаз или нет.

Мухаммад-Амин - хаджи МагомедрасуловтеологАлиасхаб Анатольевич Мурзаевпсихолог-консультант Центра социальной помощи семье и детям

Источник: www.islam.ru/",,February,2,2015,28,2015-02-28,2026-01-08,3967,Jumada al-Awwal
В чем причина «сонного паралича» т.е. ощущения сдавленности тела во время сна?,https://islam.kz/ru/questions/raznoe/v-chem-prichina-sonnogo-paralicha-te-oshusheniya-sdavlennosti-tela-vo-vremya-sna-100/,"26 февраля 2015 г., 15:09",23895,29,"Ассаламу алейкум! Это событие случилось со мной во время сна -  мучительное ощущение сдавленности тела, причем я осознаю всё происходящее весьма чётко.Почему людям снятся кошмары? Какие действия нужно предпринять, чтобы предостеречь их? Что нужно делать при этом?","Уаалейкум ассалам! Иногда в полусонном состоянии человек ощущает сдавленность тела, он не может двинуться, словно некая сила препятствует совершению действий. Это в казахском языке называется«қара басу», по-турецки«karabasan»,а по-арабски«кабус (كابوس)»или«жасум»[1].

Мы не смогли найти какую-либо информацию, объясняющую подобное состояние, с точки зрения шариата. Согласно некоторым предположениям, сонны паралич бывает когда на человека давит злой дух. Это чаще происходит с теми людьми,  у которых сильное электромагнитное поле. Потому что джин чаще всего оказывается рядом с такими людьми.

А в медицине это называется «сонным параличом». Хотя мозг человека внезапно просыпается от фазы быстрого сна, паралич тела может сохраниться на протяжении некоторого времени. Иными словами, при пробуждении мозга человека его тело все еще может спать. Такое состояние обычно продолжается от нескольких секунд до нескольких минут. Однако, человеку, который пережил подобное, будет казаться, что это состояние длилось долго [2].

Как бы там не было, это безвредное явление. Только приучите себя ложиться спать, совершив омовение. Перед сном не забудьте прочитать суры Аятуль курси, Фалак, Нас. Спать ложитесь на правом боку.","[1] http://www.almaany.com/كابوس
[2] http://szh.kz/",February,2,2015,26,2015-02-26,2026-01-08,3969,Jumada al-Awwal
Как понимать выражение «собирать волосы подобно горбу верблюда»?,https://islam.kz/ru/questions/dlya-jenshin/kak-ponimat-vyrajenie-sobirat-volosy-podobno-gorbu-verblyuda-99/,"25 февраля 2015 г., 12:53",61553,106,"Ассаламу алейкум! Смысл следующего хадиса каждый толкует по-разному. Я бы хотел узнать его точное значение. В хадисе говорится: «Их головы похожи на покачивающиеся верблюжьи горбы». Что означает это выражение? Имеет ли это выражение отношение к женщинам, носящим платки? Говорится ли в этом хадисе о прическе, в которой волосы собраны в пучок на уровне затылка?  Иными словами, является ли грехом носить хиджаб в более модном варианте? Раян Абдикарим.","Уаалейкум ассалам! Вами названный хадис приводится Абу Хурайрой, в нём достопочтенный Пророк (да благословит его Аллах и приветствует) говорит:

«Я до сих пор не видел два вида адских мучеников. Это люди, которые держат в руках плети, похожие на коровьи хвосты, и бьют ими других, а также одетые, но в то же время обнаженные женщины, которые склоняются в сторону и призывают к этому других, а их головы похожи на покачивающиеся верблюжьи горбы. Они не попадут в Рай и даже не почувствуют его благоухания, несмотря на то, что оно будет ощущаться на таком-то расстоянии»[1].

В вышеназванном хадисе на выражение «их головы похожи на покачивающиеся верблюжьи горбы» даётся несколько пояснений. А именно:

Подводя итоги вышесказанного, можно прийти к следующему выводу:","[1]Муслим – 2128. (Муслим, 3971)
[2]Шарху ан-Навави аля муслим, Китабуль Жанна: «Бабу фи шиддати харри нари жаханнам», №2842 хадис.
[3]Фатхуль бари, Китабуль либас – комментарии к №5589 хадису (Отрывок из слов Куртуби)",February,2,2015,25,2015-02-25,2026-01-08,3970,Jumada al-Awwal
Можно ли по шариату смотреть на мужчин с экрана телевизора?,https://islam.kz/ru/questions/raznoe/mojno-li-po-shariatu-smotret-na-mujchin-s-ekrana-televizora-98/,"24 февраля 2015 г., 10:37",5077,17,"Ассаламу алейкум уа рахматуллахи уа баракатух! Разрешите задать вам вопрос? В Священном Коране Всевышний Аллах повелевает нам не смотреть на мужчину и опускать взор при их виде. Вопрос таков, каково решение шариата относительно просмотра телевизора? Половина дикторов, ведущих новостей - мужчины. Герои из религиозных фильмов тоже мужчины. Как относится шариат к этому вопросу?Пусть Всевышний Аллах будет доволен Вами. Сандугаш Жамаш.","Уаалейкум ассалам уа рахматуллахи уа баракатух! Уважаемая Сандугаш, озвученный вами аят из суры «Ан-Нур», в котором говорится:«Скажи верующим мужчинам, чтобы они опускали свои взоры и оберегали свои половые органы. Скажи верующим женщинам, чтобы они опускали свои взоры и оберегали свои половые органы…»[1].

Названный аят должно быть подразумевает взгляд с порочными мыслями. Поэтому нет ничего предосудительного, если женщина смотрит на мужчин по телевизору без каких-либо плохих помыслов.

В качестве доказательства можно привести следующий хадис матери правоверных Аишы, из сборника хадисов Сахих Бухари:  «Однажды Хабашиты демонстрировали в мечети умение владения оружием. Пророк накинул на меня свой плащ, и я смотрела с интересом на демонстрацию их мастерства, пока мне не стало скучно».

[1] Сура Ан-Нур, 30-31 аяты.[2] Сахих Бухари, Китабун Никах - باب نظر المرأة إلى الحبش ونحوهم من غير ريبة) 4938)",,February,2,2015,24,2015-02-24,2026-01-08,3971,Jumada al-Awwal
"Разрешается ли человеку, имеющему ""каза"" намазы совершать суннат намазы?",https://islam.kz/ru/questions/poklonenie/molitva-namaz/razreshaetsya-li-cheloveku-imeyushemu-kaza-namazy-sovershat-sunnat-namazy-97/,"21 февраля 2015 г., 11:15",8056,27,,"Имеющиеся каза намазы никак не препятствуют совершению суннат намазов[1]. Конечно, вам следует как можно скорее совершить каза намазы. Но, все же, нет ничего предосудительного в совершении «духа» [2] и «аввабин»[3] намазов, которые приводятся в хадисах. А также, за них вы получите вознаграждение от Аллаха.  Насчет этого ученые Ханафитского мазхаба говорят следующее:","[1] Ал-Фатауа Ал-Исламия мин Дариль Ифта – 1/64 стр.
[2]
Ссылка на Духа намаз:
http://islam.kz/ru/articles/raznoe/duha-namaz-i-ego-dostoinstva-372/
[3]
который совершается после вечерней молитвы
[4]
Тасбих-намаз – это нафиль намаз, в котором большое место уделено формулам восхваления Аллаха Всевышнего, возвеличивания Его могущества и величества.
[5]
Ибн Габидин, Раддуль Мухтар – 2/536 стр.",February,2,2015,21,2015-02-21,2026-01-08,3974,Jumada al-Awwal
Можно ли шутить над Аллахом?,https://islam.kz/ru/questions/veroubejdenie/mojno-li-shutit-nad-allahom-96/,"20 февраля 2015 г., 10:13",9438,7,"Ассалямуалейкум, уважаемый коллектив сайта! Я хотел спросить, можно ли применять имя Аллаха в порядке шутки? Некоторые наши братья подшучивают над именем Аллаха. Например: Есть братья, которые шутят следующим образом: «Скажи Аллаху, что я сейчас приду, позвони Ему». Являются ли подобные шутливые разговоры греховным деянием?  Ержан Нышанбеков","Уаалейкумсалам! Иронизировать над Аллахом, над Пророком, над Кораном, а также над другими основами Ислама -вероотступничество. Совершив такое деяние, человек перестает быть мусульманином. Тот, кто совершит подобный поступок, должен покаяться и просить прощения у Аллаха. Праведный мусульманин никогда не станет насмехаться над именем Всевышнего Аллаха, для него Творец никогда не будет поводом для шуток. Если же он так поступит, то его покарает Всемогущий Аллах, и он будет гореть в огне преисподней.

В Священном Коране Всевышний Аллах говорит об этом следующее:

وَلَئِن سَأَلْتَهُمْ لَيَقُولُنَّ إِنَّمَا كُنَّا نَخُوضُ وَنَلْعَبُ ۚ قُلْ أَبِاللَّهِ وَآيَاتِهِ وَرَسُولِهِ كُنتُمْ تَسْتَهْزِئُونَ ﴿٦٥﴾ لَا تَعْتَذِرُوا قَدْ كَفَرْتُم بَعْدَ إِيمَانِكُمْ ۚ إِن نَّعْفُ عَن طَائِفَةٍ مِّنكُمْ نُعَذِّبْ طَائِفَةً بِأَنَّهُمْ كَانُوا مُجْرِمِينَ

«Если ты их спросишь, они непременно скажут: ""Мы только болтали и забавлялись"". Скажи: ""Неужели вы насмехались над Аллахом, Его аятами и Его Посланником? Не извиняйтесь. Вы стали неверующими после того, как уверовали"". Если Мы простим некоторых из вас, то непременно подвергнем мучениям остальных за то, что они стали грешниками»[Сура «Покаяние», 65-66 аяты.].",,February,2,2015,20,2015-02-20,2026-01-08,3975,Jumada al-Awwal
Дозволено ли в исламе есть креветки?,https://islam.kz/ru/questions/raznoe/dozvoleno-li-v-islame-est-krevetki-95/,"19 февраля 2015 г., 10:30",439985,24,"Можно ли по Ханафитскому мазхабу есть ракообразных (такие виды из них, как креветки, кальмары, раки, лобстеры)?  Шынар","Уважаемая Шынар, по мазхабу имама Абу Ханифа, из всех морских обитателей, дозволенными к употреблению в пищу, является только рыба[1]. Поэтому, согласно нашему мазхабу, употреблять в пищу кальмаров, креветок, лобстера и другие морепродукты, которые не относятся к видам рыб, запрещено.

Относительно креветок (фр. crevette — креветки), влиятельный ученый Ханафитского мазхаба, живший в середине 20 века, Зафар Ахмад аль-Усмани ат-Таханауи (р.а.) (1892-1974гг.), в своем многотомном труде «Иъла ас-Сунна» комментируя морских животных, пришел к следующему заключению:

«…Одним словом: Будь это в лексическом значении или  же в понимании местного народа, все, что относится к семейству рыб, бесспорно считается дозволенным. Например: сцинки, креветки и.т.п.…»[2].

Сцинки, которых ученый приводит в качестве примера, относятся к виду ящериц из семейства сцинковых. У данного вида ящериц тело покрыто чешуей, и обитает она в пустынях. Из-за своей способности передвигаться словно рыба, «плавающая» в песке ящерица, получила название «песчаная рыба». По-арабски ее называют «самакату ар-Римал – Песчаная рыба» или «саканкур» (سقنقور)»[3].

Также в пример приводятся креветки. По-арабски их называют «Жамбари(جَمْبَرِىٌّ)» или «Рубиян(روبيان)», еще одно название «Ирбиян». Большинство ученых, живших в давние времена, дали определение вышеназванному виду, как «рыба». Возможно, поэтому ученый в указанной нами книге говорит, что употреблять в пищу креветок дозволено.

Но у нас креветкам дается иное определение, их относят к семейству ракообразные. Поэтому, трудно точно сказать, что по Ханафитскому мазхабу употреблять в пищу креветок дозволено (халяль).

Как уже было сказано выше, по Ханафитскому мазхабу употреблять в пищу дозволено только рыбу.  Хотя, есть ученые других мазхабов, которые утверждают, что употреблять в пищу мясо и других водных животных, помимо рыбы, дозволено[4]. Поэтому, дозволенность (халяль) употребления в пищу таких морепродуктов, как креветки, особенно мусульманами, которые живут в немусульманских странах, где тяжело раздобыть дозволенное (халяль) мясо, является своего рода смягчающим обстоятельством, предусмотренным религией.

Истина ведома лишь Аллаху!","[1] Маусули, Ихтияр – 4/247 стр.
[2] Иълә ас-Сунна – 17 том/188 стр. «Хурмату ас-Самаки ат-Тафи».
[3]https://ru.wikipedia.org/wiki Обыкновенный_сцинк
[4] Аль Касани, Бадаиг – 6/175, 176 стр.",February,2,2015,19,2015-02-19,2026-01-08,3976,Rabi al-Thani
Читается ли после фатихи дополнительная сура в третьем и четвертом ракаате при совершении фард намаза?,https://islam.kz/ru/questions/poklonenie/molitva-namaz/chitaetsya-li-posle-fatihi-dopolnitelnaya-sura-v-tretem-i-chetvertom-rakaate-pri-sovershenii-fard-namaza-94/,"18 февраля 2015 г., 13:32",25047,20,,"При совершении всех суннат намазов состоящих из 4-х ракаатов чтение фатихы и дополнительно еще одной суры является обязательным (ваджиб). А при совершении фард намазов чтение фатихы и одной суры является обязательным в первых двух ракаатах, а последующих в двух ракаатах чтение фатихы считается сунной. Чтение еще одной суры или аята в качестве дополнения к ним  является нежелательным (макрух). Но это не портит намаз.",,February,2,2015,18,2015-02-18,2026-01-08,3977,Rabi al-Thani
Можно ли мужчине носить обручальное кольцо из белого золота?,https://islam.kz/ru/questions/semya/nikyah/mojno-li-mujchine-nosit-obruchalnoe-koltso-iz-belogo-zolota-93/,"17 февраля 2015 г., 8:58",36944,22,Ассаламу алейкум! Я бы хотел спросить у вас о следующем: дозволено ли шариатом мужчинам носить обручальное кольцо из белого золота?,"Уаалейкум ассалам! Чистое золото используют очень редко, так как оно слишком мягкое, легко деформируется и царапается. Для придания золотым ювелирным изделиям большей твердости и износостойкости используются сплавы золота с другими металлами, такими как медь, палладий, платина. Сплавы, которые добавляют в золото, называются лигатурой. Поэтому по цвету, золотые украшения несколько отличаются друг от друга.  Например, красноватый оттенок золота получается, если лигатура состоит в большей части из меди, а желтый оттенок, если лигатура из серебра. Белое золото - это такой же золотой сплав, только лигатура с «палладием» или с «платиной»[1].

Теперь поговорим о решении шариата относительно ношения кольца из белого золота. Ученый Мухиддин Абу Закария ан-Навави (р.а.)(хижри 631-676гг.) в сборнике хадисов «Сахих Муслим» в комментариях относительно этого вопроса говорит следующее:«Ученые единогласны в том, что носить золотое кольцо запрещено (харам) для мужчин. Даже, если какая-то часть кольца состоит из серебра, другая часть из золота решение шариата относительно этого вопроса не меняется… Потому что следующий запрет Пророка (да благословит его Аллах и приветствует) распространяется на все виды золота. Он (да благословит его Аллах и приветствует) сказал:  «Эти две вещи (шелк и золото) запрещены мужчинам  моей уммы. Но разрешено для женщин»[2].  Значит, ношение мужчинами золотого кольца с примесью палладия недопустимо. Именно это подразумевается в вышеназванном хадисе.

Влиятельный ученый современности, профессор шариатских наук Али Джума, выражает своё мнение относительно данной темы следующим образом:«Мужчинам запрещено (харам) носить белое золото в качестве кольца полученного в результате сплава золота с другими металлами, такими как платина. Потому что, оно тоже считается золотом…»[3].  Итак, мусульманину, вне зависимости от цвета, следует сторониться золотого кольца.  Это послужит признаком его благочестия. Если он вместо этого будет носить кольцо из серебра, то он выполнит сунну Пророка и получит Божье вознаграждение.","[1] http://aboutdiamonds.narod.ru/gold.htm
[2] Имам Навави, Шархун Ан-Навави Аля Сахих Муслим, шарх 2066 хадиса.
[3] http://www.dar-alifta.org/ViewFatwa.aspx?ID=3513&LangID=1",February,2,2015,17,2015-02-17,2026-01-08,3978,Rabi al-Thani
Как избавиться от порочных мыслей во время совершения намаза?,https://islam.kz/ru/questions/poklonenie/molitva-namaz/kak-izbavitsya-ot-porochnyh-myslei-vo-vremya-soversheniya-namaza-92/,"16 февраля 2015 г., 15:21",8083,11,,"Мысль,как известно,не имеет пространственных измерений. Так как мы с вами живые люди то, что во время совершения намаза нас посещают разные мысли это естественное явление. Безусловно, в этом есть и заслуга дьявола. Потому что после завершения призыва (азан) к намазу и произнесения икамы, дьявол приходит к совершающему намаз человеку и начинает внушать ему разные мысли  и напоминает такие вещи, о которых человек и не вспоминал.Так может продолжаться до тех пор, пока человек не забудет, сколько ракаатов он прочитал»[1].

Но все, же человек, который произнёс «вступительный такбир», должен постараться собраться с мыслями  и всё внимание сосредоточить на намазе.  Для этого вам нужно при совершении такбира,  сажда и рукуга. понимать смысл каждой произносимой мольбы (дуа) Это поможет вам сохранить сосредоточенность на намазе. Например, когда произносите такбир «Аллаху акбар», вы должны мысленно осознавать, что это означает «Аллах велик». Таким же образом поступайте с мольбами(дуа), которые проговариваются при поясном поклоне (рукуг) и земном поклоне(сажда).","[1] Фатхуль Бари би Шархи сахихиль Бухари, Китабуль амаль фис сала – 1164- хадис.",February,2,2015,16,2015-02-16,2026-01-08,3979,Rabi al-Thani
Можно ли в пятницу возмещать пропущенные дни поста?,https://islam.kz/ru/questions/poklonenie/post/mojno-li-v-pyatnitsu-vozmeshat-propushennye-dni-posta-91/,"14 февраля 2015 г., 13:45",17152,5,"Добрый день! Можно ли поститься в пятницу, чтобы восполнить пропущенные дни поста?","Пусть Всевышний Аллах сделает наши дни благодатными! Влиятельный хадисовед Мухаммед ибн Мажа (гр.824-886г.) в своем сборнике хадисов приводит следующий риваят: В одном хадисе переданном сподвижником Абдулла ибн Буср Пророк (да благословит его Аллах и приветствует) сказал следующее:

«Не поститесь по субботам, за исключением поста, который является обязательным…!»[1].

Согласно данному хадису  поститься  по пятницам или по субботам, чтобы восполнить пропущенные дни поста месяца Рамадан или соблюдать обязательный (ваджиб) пост «назр» (данный обет) не является нежелательным действием.",[1] Ибн Мажа – Китабус саум - №1726 хадис.,February,2,2015,14,2015-02-14,2026-01-08,3981,Rabi al-Thani
Нужно ли путнику сокращать вечерний (магриб)  намаз и суннат намазы?,https://islam.kz/ru/questions/poklonenie/molitva-namaz/nujno-li-putniku-sokrashat-vechernii-magrib-namaz-i-sunnat-namazy-90/,"13 февраля 2015 г., 14:43",6421,9,,"Суннат намазы выполняются в качестве дополнения к фард намазам, поэтому, если есть возможность путнику, то лучше совершить их, но и тому, кто не совершит, не будет греха. Суннат намазы совершаются в полном объеме без сокращений [1].

Путник сокращает только фард намазы, состоящие из 4-х ракаатов, совершая по два ракаата.  А вечерний (магриб) намаз совершается в полном объеме без сокращений.","[1] Дамад Ефенди, Мужмагуль Анхур, 1/239 стр.; Аль-Касани, Бадаиг – 1/466.",February,2,2015,13,2015-02-13,2026-01-08,3982,Rabi al-Thani
"Поссорившись с супругой, я выгнал ее из дома. Может мне стоит простить её?",https://islam.kz/ru/questions/semya/semya/possorivshis-s-suprugoi-ya-vygnal-ee-iz-doma-mojet-mne-stoit-prostit-ee-89/,"11 февраля 2015 г., 12:32",7867,13,"Ассаламу алейкум! Мы практикующие мусульмане. После свадьбы, спустя немного времени, мы с женой начали часто ссориться. Из-за непрекращающихся ссор я выгнал ее из дома со словами: «Я разведусь с тобой». Но после того, как она вернулась через 4-5 дней со слезами, сказала: «Прости, я всё поняла», мы снова сошлись. Вскоре мы опять начали ссориться. Я всегда говорил ей: «Если не прекратишь пререкаться со мной, я разведусь с тобой». Она в свою очередь отвечала, что больше не будет и через некоторое время опять начинала препираться. После того, как у меня совершенно иссякло терпение, я заявил своим родителям: «Всё развожусь», и выпроводил ее из дома. Прошла неделя, и теперь она плачет, и каждый день пишет мне: «Я всё поняла, я буду подчиняться тебе, прости». Теперь я не знаю, что мне делать. Если прощу, боюсь, что мы опять начнём ссориться с ней. Не простить тоже боюсь, ведь Всевышний Аллах может не простить  меня. Прошу вас дать мне совет, как поступить? У нас нет детей. Прошло всего-навсего год со дня нашей свадьбы. Я жду  от вас полного ответа. Пусть Всевышний Аллах будет доволен вами. Е.","Уаалейкум ассалам! Уважаемый Е., читая вашу историю, я вспомнил следующие аяты из Священного Корана:

Иногда некоторые поступки казалось бы самих близких людей - жены и детей, подобны деяниям врага. В таких случаях хочется от них отречься.

Но, со временем, если обдумать всё произошедшее, и принять их поступки за проявление ребячества и человеческие слабости, всё встанет на свои места.

Итак, мы надеемся, что если вы проявите великодушие и простите прежние ошибки жены, то Всевышний Аллах простит вас и окажет вам Свою милость.

Очевидно, в характере жены есть черты, которые вам не нравятся. Но не бывает людей без недостатков. Ведь в этих недостатках может скрываться для вас благо. Аллаху ведомо лучше. Всевышний Аллах в Священном Коране в суре Ан-Ниса (Женщины) говорит:

В заключении мы хотим сказать, что считаем этот разлад временным недопониманием. Потому что, прошло только год с тех пор как вы поженились. Мы считаем, что этот промежуток времени недостаточен, для того чтобы достигнуть полного взаимопонимания между супругами. В этой связи также нужно определить причины, приводящие к конфликтным ситуациям. Истина ведома лишь Аллаху!","[1] Сура Ат-Тагабун («Взаимное Обманывание»), 14-аят.
[2] Сура Ан-Ниса (Женщины), 19-аят",February,2,2015,11,2015-02-11,2026-01-08,3984,Rabi al-Thani
"Как поступить, если, забыв прочитать дуа «Кунут»,  совершил рукуг (поясной поклон)?",https://islam.kz/ru/questions/poklonenie/molitva-namaz/kak-postupit-esli-zabyv-prochitat-dua-kunut-sovershil-rukug-poyasnoi-poklon-88/,"10 февраля 2015 г., 10:22",19504,25,"Ассаламу алейкум! Как быть тому, кто при совершении витр намаза, забыв прочитать дуа «Кунут», совершил рукуг (поясной поклон)? Ему нужно вернуться в положение кыям (стояние) и прочитать дуа «Кунут»? А если он вернется в положение кыям (стояние) и прочитает дуа «Кунут», то будет ли его намаз действительным? Мурат.","Уаалейкум ассалам, Мурат! Если кто-то при совершении витр намаза, в третьем ракаате, после прочтения фатихи и еще одной суры, забыв прочитать дуа «Кунут», совершит рукуг (поясной поклон), то ему не нужно возвращаться в положение кыям (стояние), чтобы совершить дуа «Кунут». Ему следует продолжить намаз дальше и в конце совершить сажда саху (земной поклон, совершаемый при допущении ошибки). А если он все-таки вернулся в положение кыям (стояние) из положения рукуг (поясной поклон), чтобы совершить дуа «Кунут», то, по словам ученых Ханафитского мазхаба, его намаз засчитывается. Но в конце ему обязательно нужно совершить сажда саху[1].","[1] Ас-Сарахси – ал-Мабсут , 1-том,  234-стр.; аль-Фатауа аз-Зайния , «китабус сала», 41-стр.",February,2,2015,10,2015-02-10,2026-01-08,3985,Rabi al-Thani
Можно ли есть рыбу сом?,https://islam.kz/ru/questions/raznoe/mojno-li-est-rybu-som-87/,"7 февраля 2015 г., 10:27",98788,11,,"Уаалейкум ассалам! У сподвижника Абдуллы ибн Аббаса спросили о рыбе«аль-Жарии» (ّالجريّ). Тогда ученый сподвижник ответил:«Нет ничего предосудительного в употреблении в пищу ее мусульманами. Ее не едят иудеи». Еще в одном риваяте говорится, что тот сподвижник сказал: «…Иудеи не едят аль-Жарии, а мы едим»[1].

Возможно под словом «жарии» в риваяте подразумевается рыба сом. Потому, что рыбу сом по-арабски называют«Сэмэк аль-Жарии - أسماك الجري»или«Кармут – قَرْمُوطٌ»или«силлаур - السِّلَّوْرُ».

Сом – крупная пресноводнаярыбасемействасомовые. Среди ученых нет разногласий относительно дозволенности употребления в пищу всех видов рыб. Тот факт, что сом иногда питается падалью, не меняет решение относительно этого вопроса[2].","[1] Фатхул бари, Сахих Бухари – Китабу забаих: «Бабу Каулиллахи Ахалла лакум...». (тагликан).
[2] Только нужно отметить одно обстоятельство, если выяснится что, вышеназванная рыба в основном питается падалью и если вкус или цвет мяса изменится, то нельзя употреблять мясо сома в пищу до тех пор, пока не очистится. Способ очищения – отпустить его в чистую воду пока не восстановится и прикармливать его чистым кормом.",February,2,2015,7,2015-02-07,2026-01-08,3988,Rabi al-Thani
Можно ли совершать намаз перед зеркалом?,https://islam.kz/ru/questions/poklonenie/molitva-namaz/mojno-li-sovershat-namaz-pered-zerkalom-86/,"6 февраля 2015 г., 10:30",6520,7,,"Нахождение любого изображения отвлекающего внимание человека в намазе крайне нежелательно[1]. Так как и собственное отражение в зеркале будет отвлекать во время совершения намаза, совершать намаз перед зеркалом считается макрухом. Однако это не портит ваш намаз.

Пророк (да благословит его Аллах и приветствует) во время совершения намаза обратил внимание на узоры своей одежды и после завершения намаза сказал:«Эта одежда только что отвлекла меня отмоего намаза. Отнесите ее Абу Джахму и привезите мне от него однотонную одежду»[2].","[1] Тухмаз, аль Фикхуль Ханафи – 1/233 стр.
[2] Бухари, Китабус Сала – 366 хадис.",February,2,2015,6,2015-02-06,2026-01-08,3989,Rabi al-Thani
Шайтан ангел или джинн?,https://islam.kz/ru/questions/veroubejdenie/shaitan-angel-ili-djinn-85/,"5 февраля 2015 г., 10:12",27451,33,"Ассаламу алейкум! Многие утверждают, что на совершение грехов людей подбивает шайтан. Тогда кто такой шайтан? Откуда он появился? Почему он совращает людей? Почему мы его не видим? Орынбаев Ермек.","Уаалейкум ассалам!

Слово «шайтан» означает «совратитель, не повинующийся». Корень слова «шайтан» происходит от глагола «шатана -شطَنَ يشطُن، شُطُونًا», и переводится как«отдалившийся»,«далекий»(от благого). Это имя было присвоено шайтану за то, что он ослушался Всевышнего Аллаха, и действовал против Его повеления.

Еще одно его имя «Иблис», происходит от глагола«أبلس»и означает«безнадежный». Имя «Иблис» было присвоено ему за то, что он потерял надежду на милость и прощение Всевышнего Аллаха.

Ученые разделились во мнении относительно природы шайтана: ангел он или джинн?

В сведениях говорится, что сподвижник Абдулла ибн Аббас считал шайтана одним из ангелов.  И говориться  что Шайтан стал называться этим именем после того, как ослушался Всевышнего Аллаха и был Им проклят, а до этого он назывался «Харисом»[1].

А исламский ученый табиин Хасанал Басри (р.а.) считал шайтана не ангелом, а главой злых духов. Хасан аль-Басри говорит об этом следующее: «Шайтан никогда не был одним из ангелов. Как Адам (а.с.) является прародителемчеловеческого рода, точно также шайтан является главой злых духов».

Также в Священном Коране говорится: …«Он (Иблис) был одним из джиннов и ослушался воли своего Господа»[2].Опираясь на этот аят, есть основания утверждать, что он не является ангелом. К тому же, как известно, ангелы повинуются воли Всевышнего Аллаха. А шайтан, ослушался повеления Всевышнего Аллаха. В Коране говорится:«Аллаху Единому принадлежит всё сущее в небесах и на земле. Он - Творец и Властелин всех и всего. Ему, Единому, следует поклоняться и повиноваться. Приближённые к Нему ангелы не превозносятся, а поклоняются и повинуются Ему. Они не устают, не чувствуют тягости и им не наскучивает поклоняться Ему днями и ночами».

Еще в одном аяте говорится:«Они не опережают Его своими речами и поступают согласно Его велениям»[3], и тем самым (Творец) сообщает, что ангелы повинуются Всевышнему Аллаху.

Есть ли у шайтана рога?

В хадисе, приведенном Сахих Муслимом, Пророк (да благословит его Аллах и приветствует) сказал: «Не совершайте намаз на восходе и на закате солнца. Ибо поистине в это время солнце встает и садится между двух рогов шайтана»[4].

В этом хадисе ясно сказано, что у шайтана есть рога[5].

Шайтаны сотворены из огня.  Совращая, шайтан хочет сбить нас с истинного пути и вести нас по дороге заблудших. Тем самым он намеревается вместе с собой подвергнуть нас мучениям ада. Об этом в Священном Коране говорится следующее:

(Господь) сказал:""Что же тебе мешало поклониться,Когда Я повелел тебе?""И (тот) сказал:""Его я лучше. Ведь из огня меня Ты сотворил,Его же - из (ничтожной) глины"".13.(Господь) сказал:""Низвергнись же отсюда!Тебе не подобает величаться здесь.Иди же вон! Отныне средь презренных ты!""14.(Иблис) сказал:""Дай мне отсрочку, (мой Владыка),До Дня, когда воскрешены все будут"".15.Пусть будет так! - сказал (Господь). -Ты - средь таких, кому дана отсрочка.16.(Иблис) сказал:""За то, что свел меня Ты с правого пути,Я на Твоем пути засады буду ставитьВсем тем, (кто устремляется к Тебе).

17.И я обрушу (искушения) на нихИ спереди, и со спины, по праву и по леву руку,И Ты потом у большинства из нихПризнательности не отыщешь"".  [6].","[1]Тафсир Куртуби; Тафсир Ибн Касир – тафсир 34 аята суры Бакара.
[2]Сура Кахф (Пещера) – 50 аят.
[3]Аль-Анбия (Пророки)- 19 (перевод Аль-Мунтахаб), 27 аяты.
[4]Муслим: Салатул Мусафирин – №828 хадис.
[5]Имам Навави – толкование №828 хадиса.
[6]Аль-Араф (Преграды) – 12-17 аяты. (Перевод смыслов Корана Пороховой)",February,2,2015,5,2015-02-05,2026-01-08,3990,Rabi al-Thani
Можно ли изменить предопределение?,https://islam.kz/ru/questions/veroubejdenie/mojno-li-izmenit-predopredelenie-84/,"4 февраля 2015 г., 9:15",7147,429,"Является ли предопределение предвечным решением Аллаха? Если это так может ли человек предотвратит ошибку, которую ему было предначертано совершить, молитвой или деянием? Меняется ли предопределение?","Поскольку сущность Аллаха извечен и вечен. Извечен и вечен и Его качество Знающий являющийся одним из качеств, присущих Его сущности. Аллах записал в Хранимой скрижали все, что мы совершим, поскольку Он своим извечным знанием знает это заранее. Эта скрижаль не меняется.В некоторых хадисах сказано, что судьба может измениться при определенных обстоятельствах. Это изменение на самом деле не является изменением в ясном Писании. Поскольку не может быть изменений в вечном и извечном знании Аллаха. Аллах знает всё в последнем и в окончательном виде.

Но имеется предопределение, которое можно изменить при соблюдении определенных условий. Оно называется Лавх-и Махвом и Исбатом или же Лавх-и Муаллак то есть неокончательной, изменчивой скрижалью. Эта скрижаль может меняться.

Например, в этой скрижали может быть написано, что если человек раздаст милостыню, он избежит аварии, но если он не сделает этого ему не избежать попадания в аварию. В этом случае с избавлением от аварии с раздачей милостыни предопределение подвергается изменению.

Есть три закона называемые«ата»,«када»,«кадар».Кадарэто предвечное решение Аллаха в отношении чего-либо,кадаэто реализация этого решения, аатаэто отменение, нереализация принятого решения. Например, приговаривание кого-либо десяти годам тюремного заключения являетсякадаром, пребывание приговорённого в тюрьме в течении десяти лет являетсякада, а отменение судьёй этого приговора и избавление приговоренного от тюремного срока являетсяата.

Совершение молитвы, раздача милостыни и другие богоугодные деяния защищают людей от бед и несчастий. И тем самым, с осуществлением закона«ата»предопределение подвергается изменению.

Прекрасным примером изменчивости предопределения является история с участием сподвижников Умара и Абу Убайда бин Джерраха (да будет доволен ими Аллах):« Умар (да будет доволен им Аллах) отправился в Шам (Дамаск). Абу Убайда бин Джеррах (да будет доволен им Аллах) встретил его вблизи Ярмука. После короткой беседы Абу Убайда (да будет доволен им Аллах) сообщил халифу, что в Шаме распространилась чума. Умар (да будет доволен им Аллах) услышав эту весть, тут же приказал войску возвратиться в Медину.Абу Убайда (да будет доволен им Аллах) не поняв причину этого приказа, спросил у Умара (да будет доволен им Аллах): «Ты что убегаешь от предопределения Аллаха? »Ответ Умара (да будет доволен им Аллах) на этот вопрос был полон смысла и мудрости.«Да,» сказал он. Мы убегаем от одного предопределения Аллаха к другому Его предопределению. Скажем, если бы ты имел верблюдов, которых бы ты пригнал к ущелью с двумя склонами, на одном из которых было бы много травы, а другой был бы неплодородным. И если бы ты пас своих верблюдов на склоне, где много травы, не означало бы это, что ты пасёшь их по предопределению Аллаха? Также как если бы ты пас их в неплодородном месте?А тем временем к ним подошёл Абдуррахман бин Афв (да будет доволен им Аллах) и сказал:«Я сам ничего не знаю об этом вопросе, но я слышал, что Посланник Аллаха (мир ему и благословение) сказал: «Если вы услышите, что в каком-то месте распространилась чума не поезжайте туда. А если же очаг болезни находится в том месте, где вы находитесь не покидайте это место, убегая от болезни.» Услышав это Умар (да будет доволен им Аллах) воздал хвалу Всевышнему Аллаху.» (Бухари, Муслим)

poznayteislam.ru",,February,2,2015,4,2015-02-04,2026-01-08,3991,Rabi al-Thani
Можно ли совершать намаз  в одежде с изображением живых существ?,https://islam.kz/ru/questions/poklonenie/molitva-namaz/mojno-li-sovershat-namaz-v-odejde-s-izobrajeniem-jivyh-sushestv-83/,"3 февраля 2015 г., 15:12",9427,429,,"По Ханафитскому мазхабу совершать намаз в одежде с изображением живых существ  макрух (нежелательно)[1]. Потому что, ангел Джабраил (а.с.) сказал Пророку (да благословит его Аллах и приветствует):«Мы не заходим в дома, в которых есть собака и изображения живых существ»[2].

Итак,  хотя совершение намаза в  одежде с изображением живых существ не портит намаз, но наносит вред полноте его совершения.","[1] Бахрур Ра-ик – 2/47 стр.
[2] Бухари, Китабуль Либас – 5615 хадис.",February,2,2015,3,2015-02-03,2026-01-08,3992,Rabi al-Thani
Дозволено ли шариатом мясо барсука?,https://islam.kz/ru/questions/raznoe/dozvoleno-li-shariatom-myaso-barsuka-82/,"2 февраля 2015 г., 15:44",60619,102,"Ассаламу алейкум, братья! У меня есть к Вам вопрос: дозволено (халяль) или запрещено (харам) употреблять в пищу мясо барсука, обитающего в лесу?В лечебных целях барсучий жир мы принимаем внутрь, а когда простужаемся, то растираем тело. В прошлый раз в мечети сказали, что барсучий жир является запретным (харам). Я раньше не слышал об этом. В сельских местностях люди даже употребляют в пищу мясо барсука. Значит ли, что мясо барсука дозволено (халяль)?","Уаалейкум ассалам! В нескольких хадисах говорится, что Пророк (да благословит его Аллах и приветствует) запрещал есть мясо хищных животных и хищных птиц.

В одном из них, приведенный Сахих Муслимом, сподвижник Абу Саглаба аль-Хушани говорит: «Посланник Аллаха (да благословит его Аллах и приветствует) запрещал есть мясо хищных животных»[1].

Опираясь на эти хадисы, ученые решили, что «мясо хищных животных (имеющих длинные и острые клыки), хищных птиц (разрывающих свою добычу когтями) не употребляют в пищу»[2].

Барсук относится к млекопитающим семейства куньих, отряда «хищных», поэтому, в основном, наряду с растительной пищей питается мелкими насекомыми. Весной охотится на птиц и на их птенцов. Животные, относящиеся к семейству куньих,по характеру питания - хищники[3].

Итак, так как барсук относится к отряду «хищных», употреблять в пищу его мясо и принимать внутрь его жир не допустимо[4]. Для лечения лучше выбрать другие лекарства.","[1] Сахих Муслим, Китабус Саид – 1932.
[2]
Ибн
Габидин
,
Забаих
– 9/441
стр
.
[3] https://ru.wikipedia.org/wiki/
Барсук
[4] Helaller ve Haramlar, http://kurul.diyanet.gov.tr",February,2,2015,2,2015-02-02,2026-01-08,3993,Rabi al-Thani
"Нужно ли читать азан и икамат человеку, который совершает намаз дома?",https://islam.kz/ru/questions/poklonenie/molitva-namaz/nujno-li-chitat-azan-i-ikamat-cheloveku-kotoryi-sovershaet-namaz-doma-81/,"31 января 2015 г., 10:48",36470,429,,"Читать азан и икамат во время пятикратного намаза и пятничного намаза, а также во время совершения каза (возмещение) намазов для мужчин – сунна[1]. А для женщин – макрух[2]. Другими словами женщине следует совершать намаз не читая азан и икамат.

Человеку, который совершает намаз дома не обязательно читать азан и икамат. Потому что сподвижник Абдулла бин Масгуд (р.а.) считая что, «Икамата, который был прочитан в городе достаточно», совершал намаз дома вместе соратниками без азана и икамата[3]. Однако вы должны помнить, что читать азан и икамат благодеяние[4].","[1] Абу Дауд, Салат, 11, 435,443 – хадисы.
[2] Хадис приведенный Байхаки.
[3] Абдур Раззак – 1971.
[4]  А)Имам Маусули (р.а.), Ихтияр: 1-том, 140 стр. Дамаск; В)Абдуль Хамид Тохмаз, 1-том, 190 стр.",January,1,2015,31,2015-01-31,2026-01-08,3995,Rabi al-Thani
Грех ли произносить единовременно  троекратную формулу развода (таляк)?,https://islam.kz/ru/questions/semya/talak-razvod/greh-li-proiznosit-edinovremenno-troekratnuyu-formulu-razvoda-talyak-80/,"30 января 2015 г., 12:00",5833,23,"Здравствуйте! На вашем сайте я прочитала статью о разводе. В статье говорится, что единовременное троекратное произнесение формулы развода (таляк) противоречит нормам шариата. Я хотела уточнить,  является ли грехом произносить единовременно троекратную формулу развода (таляк)? С.","Здравствуйте!  Уважаемая С., супруги, которые не смогли добиться взаимопонимания, вместо того, чтобы сразу задумываться о разводе, сначала должны выяснить факторы, приводящие к разногласиям и постараться прийти к компромиссу. Мусульманин (мужчина) не должен злоупотреблять своим положением (право объявить о разводе имеет муж) и беспорядочно объявлять о разводе, это – ошибка, грех[1].

Для того, чтобы не допустить совершения подобных ошибок, шариатом предусмотрен своеобразный порядок бракоразводного процесса. По этому порядку развод делится на два вида –«развод, который соответствует нормам шариата»и«развод, который не соответствует нормам шариата»[2].

Причинами разделения на два вида являются: первое – дать возможность всё обдумать, определить в действительности стоит ли разводиться. Часто человек, который, не вникая в суть проблемы, объявил жене о разводе, позже жалеет об этом. Во-вторых, развод, который не соответствует нормам шариата, может навредить женщине.

Единовременное троекратное произнесение формулы развода (таляк) является грехом. Это – «таляк бид’а», т.е. это противоречит порядку бракоразводного процесса, который утвержден шариатом. Потому что, когда достопочтенный Пророк (да благословит его Аллах и приветствует) узнал о том, что кто-то развелся с женой единовременным троекратным произнесением слова таляк, то огорчённо сказал:

«Он что хочет насмехаться над аятами Всевышнего Аллаха?!»[3].

Когда сподвижник Абдулла ибн Омар услышал о том, что некто произнёс единовременно троекратную формулу развода (таляк), то сказал:

«Он лишился права снова вступать в брак с женой. Этим поступком он перечил воле Всевышнего Аллаха. И Он противоречит сунне»[4].

Итак, мусульманин, который решил развестись с женой не должен спешить с произнесением единовременной троекратной формулы развода (таляк), это – грех.","[1] Абу Захра, ал-Ахуалуш шахсия – 287 стр.
[2] Для получения более подробной информации пройдите по ссылке
http://islam.kz/kk/questions/januya/talaq/sharigatqa-sai-ajyrasu-joly-qandai-65/
[3]Дарукутни – 3/272 стр. №(55)3879 хадис.
[4] [5] Дарукутни – 3/283 стр. №(84)3908 хадис.; Сахих Муслим: Китабут Талак «Бабу тахрими талакил хаиз», №1471.",January,1,2015,30,2015-01-30,2026-01-08,3996,Rabi al-Thani
Можно ли есть крабовые палочки?,https://islam.kz/ru/questions/raznoe/mojno-li-est-krabovye-palochki-79/,"29 января 2015 г., 10:11",34624,102,Ассаляму алейкум! Являются ли разрешенным (халяль) продуктом крабовые палочки? Еркенже,"Уаалейкум ассалям, Еркенже! Согласно сведениям, данный продукт не содержит мяса крабов. Крабовые палочки создаются искусственно из обработанного рыбного белка сурими или измельчённого мяса белой рыбы. В его состав входит крахмал и соевый белок. Для усиления аромата и вкуса, как правило, используется глутамат натрия. По мнению врачей-ученых глутамат натрия  может увеличить риск осложнений некоторых болезней. Поэтому его суточная норма составляет для взрослых 1,5гр, а для детей 0,5гр.

Наряду с этим  есть сведения, что при изготовлении «крабового мяса» для имитации цвета натурального краба его покрывают слоем подкрашенного теста, в состав которого входит кармин. Он  известен как пищевая добавка Е120. Кармин получают из тела самок кошенили – насекомых кактусовой ложнощитовки – Dactylopios coccus (Coccus cacti) или ее яиц. В промышленности применяется в качестве пищевой добавки (как краситель). Специалисты из мусульманских стран, которые работают в сфере «халяльных продуктов» советуют избегать употребления пищи, в составе которых этот вид красителя.

Опираясь на эти факты, мы советуем лучше избегать использования крабовых палочек в пищу! Истина известна лишь Аллаху!

Абдусамат КасымПеревод с казахского: З. Нокрабековой",,January,1,2015,29,2015-01-29,2026-01-08,3997,Rabi al-Thani
Обязательно ли использование воды после справления малой нужды?,https://islam.kz/ru/questions/poklonenie/omovenie/obyazatelno-li-ispolzovanie-vody-posle-spravleniya-maloi-nujdy-78/,"28 января 2015 г., 10:57",40291,61,Ассаляму алейкум! Каждый раз после справления малой нужды для очищения использую воду. Но в зимнее время боюсь простудиться. Мой вопрос: обязательно ли при каждом справлении малой нужды очищаться водой или предусмотрены смягчающие условия? Заранее спасибо!,"Уаалейкум ассалам! Соблюдение личной гигиены после справления физиологических потребностей в фикхе (мусульманском праве) называется – Истинджа.

Истинджа это - очищение водой, туалетной бумагой т.п. от нечистот (наджа́са), вышедших из обоих путей (то есть из мочеиспускательного канала и ануса). Применение воды при подмывании является сунной.

Если вышедший наджас распространился вокруг мочеиспускательного канала или ануса, то очищаться водой обязательно (ваджиб)[1]. Поэтому, если после справления малой нужды диаметр загрязнения составляет не больше углубления на ладони, то вам можно не подмываясь, протереть область загрязнения туалетной бумагой[2].

В этой связи нужно отметить, что при очищении от наджаса мусульмане должны уделять особое внимание здоровью.

Для этого нужно помнить о трех условиях:

Первое– пользоваться водой при очищении (истинджа) является обязательным (ваджиб) в исключительных случаях, а в остальных случаях рекомендуемым (мустахабб) действием. Другими словами, при справлении малой нужды можно ограничиться использованием бумаги.

Второе– при обязательном использовании воды нужно по возможности использовать теплую воду.

Третье– при очищении достаточно промыть сам канал мочеиспускания, нет необходимости мыть полностью.","[1] Абдуллах бин Махмуд ал-Маусулий, Ихтияр ли таглилиль Мухтар, 1-том, 121- стр.
[2] Асгат Мухаммад Сагид ас Сагиржи, ал фикхуль ханафи уа адиллатуху, 1-том, 40-41 страницы.",January,1,2015,28,2015-01-28,2026-01-08,3998,Rabi al-Thani
Использование шпаргалки во время экзамена,https://islam.kz/ru/questions/raznoe/ispolzovanie-shpargalki-vo-vremya-ekzamena-77/,"27 января 2015 г., 14:12",5217,8,Ассаляму алейкум! Хочу задать вопрос одной сестры - допустимо ли шариатом пользоваться шпаргалкой во время экзамена? Мадияр,"Уаалейкум ассалям! На сегодняшний день религиоведы категорически против использования шпаргалок во время экзаменов. По их мнению, это один из видов лукавства и мошенничества. Пророк говорил: «Тот, кто лжет,тотне из нас»[1]. Правдивость всегда должна быть основной чертой характера мусульманина.

Наряду с этим, по справедливости каждый должен получить ту оценку, которую заслуживает. Разве будет правильно, если студент, который бездельничает во время обучения, используя шпаргалку на экзамене, получит одинаковую оценку со студентом с хорошей успеваемостью или вовсе получит оценку выше, чем он?

Всевышний Аллах должно быть неспроста говорил в Священном Коране:«Скажи: «Неужели равны те, которые знают, и те, которые не знают?[2]»

Поэтому, мы хотим  сказать нашей сестре, что вместо того чтобы прибегать к хитрости и пользоваться шпаргалкой во время экзамена, лучше, по возможности, подготовиться к экзамену и уповать на Аллаха.","[1] Сахих Муслим
من
غشنا
فليس
منا
[2] Сура «Аз-Зумар» (Толпы), 9-аят.",January,1,2015,27,2015-01-27,2026-01-08,3999,Rabi al-Thani
Показываются ли ангелы людям?,https://islam.kz/ru/questions/veroubejdenie/pokazyvayutsya-li-angely-lyudyam-76/,"26 января 2015 г., 11:28",9816,72,Могут ли люди увидеть ангелов? Видел ли досточтимый пророк (мир ему и благословение) ангела Джебраила (Гавриила) (мир ему) в его истинном облике?,"Мы не можем видеть ангелов в их истинных обликахМы не можем видеть ангелов в их истинных обликах, поскольку они созданы из таких неосязаемых для человеческих органов чувств материй как свет.Мы можем видеть их лишь тогда, когда они перевоплощаются в облики, которые человек способен увидеть.Ибни Аббас (да будет доволен им Аллах) передаёт:

«Посланник Аллаха (мир ему и благословение) в день Бадра сказал: «Вот Джебраил (мир ему)! Держит за голову своего коня, и на нём боевые доспехи, (пришёл к вам на помощь)!»» (Бухари, Магази 11)

Урва бин Рувайн передаёт: «Ирбад бин Сарийа (да будет доволен им Аллах) был одним из старейших сподвижником посланника Аллаха (мир ему и благословение). Он хотел умереть. И поэтому молился Аллаху словами: «О, Аллах я постарел. Мои кости ослабли. Забери меня к Себе».Ирбад рассказывал:«Я был в одной из мечетей Шама (Дамаска). Вдруг появился очень красивый юноша, покрытый зеленой накидкой.»Он сказал меня:«Разве можно так молиться?»А я спросил у него:«Как мне молится, сынок?»На что он ответил:«Молись следующими словами: «О, Аллах! Сделай благими мои деяния, и приблизь час моей смерти.»»Я спросил его:«Да смилуется Аллах над тобой. Кто ты?»На что он ответил:«Я Рибаил избавляющий людские сердца от скорби.» (Хайатус Сахаба)Посланник Аллаха (мир ему и благословение) видел Джебраила (мир ему) в его истинном обликеПосланник Аллаха (мир ему и благословение) видел Джебраила (мир ему) в его истинном облике с шестистами крыльями только два раза. Первый раз он видел его в Сидратуль-Мунтаха (в лотосе крайнего предела), а во второй раз в предместьях Мекки в местечке под названием Джияд, когда Джебраил закрыл небо своим телом. (Тирмизи, Бухари, Муслим)

Ангелы имеют огромное желание увидеть людей совершающих поклонение. Но они не могут показываться людям без разрешения Всевышнего Аллаха.«. Ангелы сказали: «Мы нисходим только по велению твоего Господа. Ему принадлежит то, что перед нами, и то, что позади нас, и то, что между ними. Господь твой не забывчив».» (Марйам, 64)«. В эту ночь ангелы и Дух (Джибриль) нисходят с дозволения их Господа по всем Его повелениям.» (Могущество, 4)Некоторые богословы говорят что ангелы нисходят для того чтобы увидеть поклонение людей и их старание и искренность в поклонении Аллаху.«А выражение «Нисходят с дозволения их Господа…» доказывает, что ангелы имеют огромную любовь к людям и что они просят Аллаха разрешить им снизойти к людям и если Он разрешает им, они нисходят к людям. Ангелы очень любят людей, поскольку они желали встретиться с нами. Но ждали разрешения на это. (Рази)«Ибни Аббас (да будет доволен им Аллах) передает, что когда посланник Аллаха (мир ему и благословение) спросил у Джибрила (мир ему):«Почему ты не посещаешь меня чаще?» снизошёл следующий аят:«. Ангелы сказали: «Мы нисходим только по велению твоего Господа. Ему принадлежит то, что перед нами, и то, что позади нас, и то, что между ними. Господь твой не забывчив».» (Марйам, 64) (Бухари, Тирмизи)Ангелы пожелали увидеть и некоторых кяфиров (неверных). Но Аллах не разрешил ангелам показаться им, поскольку этого требует Его мудрость.«Они сказали: «О тот, кому ниспослано откровение! Воистину, ты – одержимый. Почему ты не привел к нам ангелов, если ты – один из тех, кто говорит правду?» Мы ниспосылаем ангелов только с истиной, и тогда никому не предоставляется отсрочка.» (Aл-Xиджp, 6-8)«Ангелы нисходят только с истиной, и исходят они лишь тогда, когда в этом имеется польза. Аллах знал, что неверные будут настаивать на неверии, даже если ангелы придут к ним.» Исходя из этого разъяснения становится ясно, что ниспослание к ним ангелов было бы бесполезным и что это решение не было бы верным и правильным решением. Именно по этой причине Аллах не послал им ангелов.

Источник:poznayteislam.ru",,January,1,2015,26,2015-01-26,2026-01-08,4000,Rabi al-Thani
Предоставлена ли человеку свобода выбора?,https://islam.kz/ru/questions/veroubejdenie/predostavlena-li-cheloveku-svoboda-vybora-75/,"23 января 2015 г., 10:29",7981,40,Ассаляму алейкум уа рахматуЛлахи уа баракятуху! У меня к Вам вопрос - предоставлена ли нам свобода выбора Всевышним Аллахом? Махамбет Туримов,"Ваалейкум ассалям уа рахматуЛлахи уа баракятуху!

Уважаемый Махамбет, вопрос о «свободе выбора человека» требует более подробного разъяснения.  В науке калам (теология) ученые более детально рассматривали его в специальном разделе«Афъалул ъибад – Действия людей». А здесь мы попробуем изложить его более кратко.

Человек наделен разумом и свободой выбора.  И может с помощью разума отличать зло от добра. А посредством выбора совершает какое-нибудь действие по своему желанию. Если бы не было этих двух черт, шариатские предписания и запреты потеряли бы всякий смысл.

Всевышний Аллах в Священном Коране говорит:

Еще в одном аяте говорится:

В Суре Кахф Аллах говорит:

Когда человек, пользуясь свободой воли, сознательно намеревается совершить какое-либо действие, Всевышний Аллах создаёт силу и способность для осуществления этого действия. В науке «Калам» это называется«Кудра (мощь)»или«Иститаъа».Если изложить более подробно, то когда мы намереваемся совершить доброе дело, в тот же момент Всевышний Аллах для совершения этого действия наделяет нас силой и способностью.  Также, если мы намереваемся совершить плохой поступок, Всевышний Аллах для его осуществления наделяет нас силой и способностью. Таким образом, мы по желанию становимся грешниками или получаем награду[4].

В науке калам (теология) действие, совершенное по собственному желанию, пользуясь наделенной Всевышним Аллахом силой и способностью, называется «касб».  Всевышний Аллах  сотворил действия. Потому что в Коране Аллах говорит:

Другими словами, действия - творение Аллаха, а совершает его человек.

Также ученые рассматривали действие в двух позициях:

Первое – действия, которые не зависят от силы и способности человека и действия, которые не причастны к свободе выбора человека. Например: сердцебиение, дрожь от холода, жажда, рождение мальчиком или девочкой и др.

Второе – действия, которые соответствуют свободе выбора человека и действия, которые были совершены им, пользуясь наделенной Всевышним Аллахом силой и способностью [6]. Например, приём пищи, идти куда-то, совершение греха или доброго дела и др. Только Всевышний Аллах создает оба вида действия из ничего.

И в конце приведем высказывание Великого Имама Абу Ханифы, который сказал:","[1] Сура «Аш-Шамс» (Солнце), 7-8аяты.
[2] Сура «Фуссилат» (Разъяснены), 46-аят.
[3] Сура «Кахф» (Пещера), 29-аят.
[4] Тафтазани: Ъакидатун Насафия  - 62 стр.
[5] Сура Ас-Саффат (Стоящие В Ряд), 96-аят.
[6] Нуриддин ас-Сабуни: ал-Бидаяту фил Усулид дин – ал-Каулу фи Халки Афъалил Ъибад – 64 стр.; ан-Насафи – Табсира.
[7] Фикхул Акбәр – 154 стр., 147 стр, Шарх Алиюл Кари.",January,1,2015,23,2015-01-23,2026-01-08,4003,Rabi al-Thani
"Что делать, если тасбихат совершаемый после намаза, никак не действует на моё сердце?",https://islam.kz/ru/questions/poklonenie/molitva-namaz/chto-delat-esli-tasbihat-sovershaemyi-posle-namaza-nikak-ne-deistvuet-na-moe-serdtse-74/,"22 января 2015 г., 9:43",8646,25,"Ассаламу алейкум! Что делать, если тасбихат (восхваление Всевышнего Аллаха), совершаемый после намаза, никак не действует на моё сердце? Такое чувство, как-будто я просто перебираю четки. Марат.","Уаалейкум ассалам! Марат, когда мы, после завершения намаза, воздаём хвалу Аллаху, произнося СубханаЛлах, Альхамдулиллях, Аллаху Акбар, мы выполняем этот обряд не для того, чтобы почувствовать наслаждение, а в первую очередь, чтобы нам воздалась награда. Достопочтенный Пророк (да благословит его Аллах и приветствует) о преимуществе совершения тасбихата после намаза сказал следующее:

«Кто после каждого намаза скажет 33 раза «СубханаЛлах» (Благословение Аллаху), 33 раза «Альхамдулиллях (Хвалла Аллаху)», 33 раза «Аллаху Акбар» (Аллах Велик), а на сотый раз скажет «Ля иляха илля Ллаху вахдаху ля шарикя Лях, ляхуль мульку уа ляхуль хамду уа хуа Аля кули шайин кадир» (Нет бога, кроме одного лишь Аллаха, у Которого нет сотоварища. Ему принадлежит владычество, и Ему хвала, и Он над каждой вещью мощен!), Аллах простит его грехи, даже если их так много, как пены в море»[1].

Мусульманин, учитывая вышеуказанный хадис, совершает тасбихат с намерением удостоиться прощения Аллаха и получить награду за возвеличение Всевышнего Аллаха. Безусловно, в результате этот вид поклонения послужит причиной очищения сердца.

Истина ведома лишь Аллаху!",[1] Сахих Муслим,January,1,2015,22,2015-01-22,2026-01-08,4004,Rabi al-Thani
"Можно ли читать Коран по усопшему человеку, при жизни страдающему алкоголизмом?",https://islam.kz/ru/questions/veroubejdenie/mojno-li-chitat-koran-po-usopshemu-cheloveku-pri-jizni-stradayushemu-alkogolizmom-73/,"21 января 2015 г., 10:51",4283,30,"Ассаламу алейкум, братья! Можно ли читать молитву, Коран по умершему человеку, который при жизни много выпивал? Или же давать милостыню и совершать другое доброе дело от его имени с намерением, чтобы ему воздалась награда. Муслима Айнура.","Уаалейкум ассалам, Айнура! Читать молитву, Коран человеку, давать милостыню от его имени можно, если умерший считал себя мусульманином, признавал Единого Аллаха и Мухаммада (да благословит его Аллах и приветствует) Его Пророком, даже если он при жизни злоупотреблял алкогольными напитками.

В Священном Коране есть аят, в котором говорится:«Пророку и верующим не подобает просить прощения для многобожников, даже если они являются родственниками, после того, как им стало ясно, что они будут обитателями Ада»[1].

Сказанное в этом аяте подразумевает, что нельзя просить прощения от Аллаха для многобожников и идолопоклонников, а просить прощения за людей, которые считали себя мусульманами можно, даже если они провели жизнь, совершая грехи.

Истина ведома лишь – Аллаху!",[1] Сура «Покаяние» 113-аят.,January,1,2015,21,2015-01-21,2026-01-08,4005,Rabi al-Thani
"Правда ли, что Ева стала причиной изгнания Адама из Рая?",https://islam.kz/ru/questions/veroubejdenie/pravda-li-chto-eva-stala-prichinoi-izgnaniya-adama-iz-raya-72/,"20 января 2015 г., 11:31",10596,26,"Здравствуйте! Мы слышали, что Ева стала причиной изгнания Адама из Рая. Оказывается, Ева соблазнила Адама и дала вкусить запретный плод. Правда это или легенда? Сандугаш.","Здравствуйте! Уважаемая Сандугаш, описанная вами версия не соответствуют аятам Священного Корана. Если внимательно прочитать аяты Корана, то не трудно заметить, что это проклятый Сатана побудил их вкусить запретный плод.  А именно, в суре Аль-Араф говорится:«Сатана стал наущать их, чтобы обнажить их срамные места, которые были сокрыты от них. Он сказал им: «Ваш Господь запретил вам это дерево только для того, чтобы вы не стали ангелами или бессмертными[1]». «Он низвел их обманом, и когда они вкусили от этого дерева, то обнажились их срамные места, и они стали прилеплять на себя райские листья[2]».

А в суре Аль-Бакара и Та ха говорится:«Сатана же побудил их споткнуться о его и вывел их оттуда, где они находились[3]». «Мы сказали: «О Адам! Это - враг тебе и твоей жене. Пусть же он не выведет вас из Рая, а не то ты станешь несчастным»[4],и тем самым дается ясное пояснение, что причиной изгнания Адама из рая стала не Ева, а сатана.

В одном аяте говорится следующее:«Прежде Мы заключили завет с Адамом, но он запамятовал, и Мы не нашли у него твердой воли[5]»,здесь Всевышний Аллах, в качестве ответственного лица называет Адама за то, что он, пренебрегая предписанием, вкусил запретный плод.

Значит, утверждение о том, что Ева стала причиной изгнания Адама из Рая, угощая его запретным плодом, не соответствует Исламскому вероучению.

Тогда откуда появилась вышеназванная версия?

Такие убеждения имеют место в христианстве и иудаизме. И не имеют никакого отношения к Исламу. Доказательством служит следующий отрывок из их Священной Книги:

«Однажды он подошел к Еве в облике змея и сказал: «Нет, не умрете; но знает Бог, что в день, в который вы вкусите плоды, откроются глаза ваши и вы будете, как боги, знающие добро и зло». Когда Ева после слов змеяпосмотрела на дерево, оно показалось ей хорошим для пищи, приятным для глаз и вожделенным, потому что давало знание. Она сорвала с него плод и съела его, и дала есть также мужу своему Адаму… ГосподьБогспросил: «Откудатебеизвестно, чтоты голый? Несъеллиты плод, который я запретил,тебеесть?» Он: «Жена, которуюТы мнедал,дала мнеэтотплод, ия его съел»[6].","[1] Сура Аль-Араф (Ограды), 20-аят
[2]Сура Аль-Араф (Ограды), 22-аят
[3] Сура Бакара (Корова), 36-аят
[4] Сура Та ха, 117-аят
[5] Сура Та ха, 115-аят
[6] Священная Книга: 3 глава",January,1,2015,20,2015-01-20,2026-01-08,4006,Rabi al-Awwal
Является ли грехом лепить снеговика?,https://islam.kz/ru/questions/raznoe/yavlyaetsya-li-grehom-lepit-snegovika-71/,"19 января 2015 г., 10:06",6931,6,"Ассаляму алейкум!На одном из сайтов написали, что вынесли фетву относительно «создания снеговика». Как я поняла, создание снеговика там приравнивают к созданию скульптуры живого существа и поэтому запрещают лепить снеговика. Насколько это правильно?Является ли грехом лепить снеговика? Даурен.","Уаалейкум ассалам! Уважаемый Даурен, как известно Пророк (да благословит его Аллах и приветствует) строго запретил изображать изображение живого существа. Принимая во внимание это обстоятельство, многие ученые категорически против создания скульптур и изображения живых существ[1]. Хотя, в Маликитском мазхабе говорится следующее:Создавать скульптуры живых существ из долго сохраняющихся материалов, как железо, медь, дерево, камень – запрещено (харам), а создавать скульптуры из быстро портящихся материалов, как тесто и арбуз – разрешено (халяль)[2].

Если опираться на это основание, то лепить снеговика не греховное действие. Потому что здесь скульптура создается из «быстро портящегося материала», т.е. из снега. Истина ведома лишь Аллаху!","[1]Также есть ученые, которые утверждают, что можно создавать скульптуру живого существа.
[2] Ал Маусугатуль Фикхия – 12/101 стр. Кувейт",January,1,2015,19,2015-01-19,2026-01-08,4007,Rabi al-Awwal
Является ли услуга «Трезвый водитель» разрешенным видом услуг?,https://islam.kz/ru/questions/torgovlya/yavlyaetsya-li-usluga-trezvyi-voditel-razreshennym-vidom-uslug-70/,"17 января 2015 г., 11:40",4775,10,"Уважаемый коллектив сайта! Сейчас появилась одна услуга, которая набирает хорошую популярность среди населения. Некоторые состоятельные люди пьют алкогольные напитки в кафе и ресторанах, и в результате напившись, теряют самоконтроль и становятся не в состоянии управлять собственным автомобилем. Поэтому они нанимают человека, называя его «трезвым водителем». Дозволено ли шариатом мусульманину наниматься на такую работу? А будут ли деньги считаться честно заработанными? Спасибо.","В общем, заниматься названным Вами видом услуг не греховно. Потому что в этом случае человек занимается перевозом не алкоголя, а человека. А в хадисе Пророка (да благословит его Аллах и приветствует) «обвиняют разносчика алкоголя[1]. Но, мы советуем вам прибегать к оказанию данного вида услуг только в крайних случаях. Так как считаем, что правоверному мусульманину не стоит заниматься извозом исключительно пьяных людей, потому что, это не соответствует его благочестию. А, в общем, водительская деятельность – разрешенный вид услуги. Истина ведома лишь Аллаху!","[1] Например, в хадисе об алкогольных напитках говорится следующее: «Аллах проклял вино и того, кто его выжимает и того, кому выжимают и того, кто его несет и того, кому его несут и того, кто его продает и того, кто его покупает и того, кто ест заработанное на этом и того, кто его пьет и того, кто им поит!».",January,1,2015,17,2015-01-17,2026-01-08,4009,Rabi al-Awwal
"Что делать, мои родители против намаза?",https://islam.kz/ru/questions/semya/semya/chto-delat-moi-roditeli-protiv-namaza-69/,"16 января 2015 г., 10:24",14316,28,"Здравствуйте! Я намереваюсь совершать намаз. Но что можно сделать, в случае, если мои родители против этого? Прошу вас дать совет! Малик А.

Ассаламу алейкум! Мои родители против того, чтобы я совершал намаз. Что я могу сделать в таком случае? Шокан.

Здравствуйте? Мои родители против того, чтобы я носила платок. Но так как это предписание Всевышнего Аллаха я хочу носить платок по нормам шариата. Не будет ли грехом, если я, не принимая во внимание мнение родителей, буду носить платок? Не будет ли это считаться ослушанием родителей? С.","Уаалейкум ассалям! Как нам всем известно, заслуживать довольство родителей, оказывать им уважение, и не перечить им один из основных предписании нашей религии. Во многих аятах Корана и в хадисах говорится о том, что нужно по-доброму относиться к родителям.

Однако, иногда они, поддаваясь человеческой слабости, могут побуждать нас к поступкам противоречащим нормам шариата и, тем самым, призывать к совершению греховного деяния. В таких случаях ислам разрешает не повиноваться родителям.

Итак, если ваши родители против намаза или соблюдению поста, или выполнению других религиозных обязательств, то ослушание их в таком случае не считается грехом.

Но, это не значит, что можно грубить родителям, т.е. ссориться с ними или отрекаться от них. Наоборот, мы должны мягко и доброжелательно всё пояснить им. Даже если они заупрямятся, и  не будут слушать вас, вы должны почитать родителей. Всевышний Аллах говорит об этом следующее:

«А если они будут сражаться с тобой, чтобы ты приобщил ко Мне сотоварищей, о которых у тебя нет знаний, то не повинуйся им, но сопровождай их в этом мире по-доброму…» [1].

[1] Сура «Лукман», 15-аят.",,January,1,2015,16,2015-01-16,2026-01-08,4010,Rabi al-Awwal
Как вырваться из греховного плена?,https://islam.kz/ru/questions/raznoe/kak-vyrvatsya-iz-grehovnogo-plena-68/,"14 января 2015 г., 10:21",3914,18,"Я в отчаянии, мне всего 16 лет, но я уже совершил столько грехов, плохих деяний, что даже становится не по себе. Что-то во мне проснулось, и я начал осознавать это. Мысли об этом всё лезут и лезут.

Мне стало страшно. Страшно из-за того, что могу попасть в ад. Часть своей жизни я хочу посвятить благотворительности (собственно, став взрослым, это мой план на будущее). Поможет ли это в Судный День? Могу ли я как-то начать новую жизнь или как-то повернуть всё в лучшую сторону?","С точки зрения религии:

Аллах дал нашей общине то, чего не давал ни одной из предыдущих общин – покаяние. У любого грешника, сколь велики его грехи не были, есть возможность очиститься от грехов, надеяться и получить милость Аллаха, для этого всего-навсего нужно искренне раскаяться в совершённых грехах. Аллах в Коране сказал (смысл): «Скажи (Мухаммад): О, рабы Аллаха, которые притеснили себя (неверием, многобожием, прелюбодеянием), не теряйте надежду на милость Аллаха, поистине Аллах прощает все грехи (тем, кто покаялся в своих грехах, и тем, кто от неверия придёт в Ислам), ибо Он Прощающий и Милостивый» (сура «Аз-Зумар», 53 аят).

قُلْ يَا عِبَادِيَ الَّذِينَ أَسْرَفُوا عَلَى أَنْفُسِهِمْ لَا تَقْنَطُوا مِنْ رَحْمَةِ اللَّهِ إِنَّ اللَّهَ يَغْفِرُ الذُّنُوبَ جَمِيعًا إِنَّهُ هُوَ الْغَفُورُ الرَّحِيمُ

Также хадис Посланника Аллаха (мир ему и благословение) гласит: «Раскаявшийся подобен вовсе не совершившему греха» («Сунан ибн Маджа», № 4240).

عَنْ أَبِي عُبَيْدَةَ بْنِ عَبْدِ اللَّهِ عَنْ أَبِيهِ قَالَ قَالَ رَسُولُ اللَّهِ صَلَّى اللَّهُ عَلَيْهِ وَسَلَّمَ التَّائِبُ مِنْ الذَّنْبِ كَمَنْ لَا ذَنْبَ لَهُ

Однако, искреннее покаяние, после которого можно рассчитывать и надеяться на прощение грехов, должно отвечать трём условиям:

1. Прекращение совершения греха;

2. Раскаяние, сожаление о совершённом проступке;

3. Твердое намерение никогда больше не совершать подобного.

После такого покаяния можете, как говорится, начать жизнь с чистого листа!

Ваше же стремление помогать людям, оказывать им материальную помощь достойно лишь похвалы и поддержки. Естественно, это поможет в Судный день, ведь милостыня является одним из самых угодных Аллаху видов поклонения. Милостыня настолько ценный вид поклонения Аллаху, что в хадисе говорится, она способна потушить гнев Аллаха. Благодаря милостыне человек не только может поправить свое положение в загробной жизни, но и даже обезопасить себя от несчастий и бед ещё в этой жизни.

Самое главное, не мешкать и не откладывать на потом, начните жизнь с чистого листа сегодня же. Потому как никто из нас не знает, сколько ему ещё отведено в этой жизни.

С точки зрения психологии:

Это хорошо, что Вы в столь юном возрасте уже начали осознавать степень ответственности за свои поступки и владеете знанием, позволяющим отделить хорошее от плохого. Когда Вы говорите о том, что внутри что-то проснулось, то Вы сообщаете о крайне важном жизненном открытии, а именно, о выходе самосознания на качественно новый уровень.

Сейчас Вам очень важно развивать это в себе, стремиться расширить границы самосознания настолько, что они позволят Вам не только увидеть и оценить степень недопустимости прошлых ошибок, но и помогут лучше узнать самого себя. Следствием всего этого будет то, что Вы сможете более объективно оценить свои сильные и слабые стороны, в результате чего сможете многого добиться в своей жизни. Но это всё в перспективе. А для начала вам нужно прислушаться к голосу совести и прекратить делать то, что ей противоречит. Основная проблема в том, что каждый раз, совершая какие-либо  действия, противоречащие внутренней морали, голос совести становится всё тише и тише, до тех пор, пока не смолкает вовсе. Не допустите этого.

С сегодняшнего дня начните отказываться от всего того, что Вы расцениваете как греховное и противоречащие нормам Ислама. Скорее всего, те грехи, о которых Вы сообщаете, были совершены Вами не в одиночку. В это могли быть вовлечены и другие люди, и поэтому необходимо всерьёз пересмотреть вопрос о Вашем окружении. Очень часто бывает такое, что человек, вроде, и желает уйти от дурного, тогда как окружение упорно не желает принимать эти перемены и тянет к прошлому. Не пренебрегайте этим, проявите максимум осмотрительности при выборе друзей.

В силу возраста, сейчас Вы вряд ли сможете заняться благотворительностью, но готовить себя к этому в будущем вполне реально. Сейчас же, если есть желание исправиться, начните исправлять то, что возможно. Старайтесь как можно больше совершать благих поступков. Начните с самых близких Вам людей: проявите максимум заботы и любви в отношении родителей, старайтесь всячески помогать маме по ведению домашних дел, возьмите часть её каждодневных дел на себя. Это и будет Ваша благотворительность на сегодняшний день.

Всё сейчас зависит от Вашего личного выбора. В Ваших силах поменять свою жизнь к лучшему, и чем раньше Вы это начнёте, тем лучше будет для Вас.

Мухаммад-Амин - хаджи Магомедрасулов,теолог.Алиасхаб Анатольевич Мурзаев,психолог-консультант Центра социальной помощи семье и детямИсточник: islam.ru",,January,1,2015,14,2015-01-14,2026-01-08,4012,Rabi al-Awwal
"Дозволено ли шариатом ложится спать, слушая Коран в наушниках?",https://islam.kz/ru/questions/raznoe/dozvoleno-li-shariatom-lojitsya-spat-slushaya-koran-v-naushnikah-67/,"13 января 2015 г., 10:00",58932,16,"Дозволено ли шариатом ложится спать в  наушниках, слушая суры из Корана в Mp3 формате? Не является ли это грехом? Нурсауле Алимжан.","Уважаемая Нурсауле, ложится спать, слушая Коран не греховно. Потому что в Коране говорится:«которые поминают Аллаха стоя, сидя и на боку и размышляют о сотворении небес и земли…»[1].Слушать суры, лежа разрешено, так как это тоже считается поминанием Аллаха.

Однако вам следует выключать электронный аппарат, в котором проигрывается суры из Корана, прежде чем вы заснете. Или же попросите людей находящихся рядом с вами выключить электронный аппарат, как только вы уснете. С одной стороны это соответствует аяту в котором говорится:«Когда читается Коран, то слушайте его и храните молчание, - быть может, вас помилуют»[2].

Во-вторых, таким образом, как и другие органы, ваш вестибулярный орган отдохнет во время сна. В Коране говорится:«Он - Тот, Кто сделал для вас ночь покровом, сон - отдыхом, а день - оживлением»[3], а в другом аяте про людей пещеры говорится следующее:«Мы запечатали их уши в пещере на много лет»[4]. Последний аят как бы подразумевает, что для здорового сна ушам необходим покой. Истина ведома лишь Аллаху!","[1] Сура «Аль-Имран» (Семейство Имрана), 191-аят.
[2] Сура «Аль-Араф» (Преграды), 204-аят.
[3]Сура «Аль-Фуркан» (Различение), 47-аят.
[4] Сура «Аль-Кахф» (Пещера), 11-аят.",January,1,2015,13,2015-01-13,2026-01-08,4013,Rabi al-Awwal
"Я очень сильно ревную жену, является ли это грехом?",https://islam.kz/ru/questions/semya/semya/ya-ochen-silno-revnuyu-jenu-yavlyaetsya-li-eto-grehom-66/,"12 января 2015 г., 11:09",7192,9,"Ассаляму алейкум! Не смотря на то, что я хорошо зарабатываю, моя жена любит продавать изделия, сделанные своими руками.Иногда за ними приходят мужчины, и это мне не нравится. Точнее сказать я ревную жену  настолько, что хочу ударить и этих мужчин, и ее. Я строго запретил ей заниматься торговлей такого рода. Однако я недоволен собственным поведением. Как мне избавиться от этого? А.Ж.","Уаалейкум ассалам уа рахматуллахи уа баракатух! Ревность – черта свойственная человеческой природе. Наверное, нет людей, которые не ревнуют. Однако по шариату есть одобрительное и неодобрительное проявление ревности. Пророк (да благословит его Аллах и приветствует) выделяет два вида ревности[1]:

Итак, для начала, вам нужно выяснить факторы, которые порождают чувство ревности, и, обсуждая с женой, устранять их. Тогда вы станете более уверенным и сможете обуздать свою ревность. Потому что иногда чувство ревности может появиться из-за того, что нет доверия между супругами.","[1] Сунан ибн Маджах: Бабул Гайра, (Дахлауи шарх).",January,1,2015,12,2015-01-12,2026-01-08,4014,Rabi al-Awwal
Препятствуют ли совершению  гусль (полное омовение) контактные линзы?,https://islam.kz/ru/questions/poklonenie/omovenie/prepyatstvuyut-li-soversheniyu-gusl-polnoe-omovenie-kontaktnye-linzy-65/,"9 января 2015 г., 9:59",8412,17,"Здравствуйте! Я решила пользоваться контактными линзами. И хотела спросить, препятствуют ли совершению полного омовения (гусуль) контактные линзы? Что вы посоветуете? Айгуль.","Здравствуйте, госпожа Айгуль! Промывание глаз не входит в части полного (гусуль) и малого (вуду) омовения. В шариате нет ни предписания, ни совета, что роговица глаз должны быть омыты при умывании лица. Поэтому, контактные линзы не препятствуют совершению малого (вуду) и полного (гусуль) омовения.",,January,1,2015,9,2015-01-09,2026-01-08,4017,Rabi al-Awwal
"Иногда я желаю себе смерти, является ли это грехом?",https://islam.kz/ru/questions/raznoe/inogda-ya-jelayu-sebe-smerti-yavlyaetsya-li-eto-grehom-64/,"7 января 2015 г., 9:32",11752,23,"Здравствуйте! Является ли грехом желать самому себе смерти? С.Здравствуйте!Когда я испытываю сильные душевные страдания, я желаю себе зла, является ли это грехом? М.","Уважаемый отправитель письма! Однажды Пророк (да благословит его Аллах и приветствует) пошел в дом дяди Аббаса. Войдя в дом, он увидел дядю, в отчаянии молящегося о своем смерти. Тогда Пророк (да благословит его Аллах и приветствует) сказал ему в наставлении: «О, Аббас! О, дядя Пророка! Не желай себе смерти. Если ты хороший человек, то приумножь свои добрые поступки. Для тебя это будет благим поступком. А, если ты плохой человек, проси довольство Аллаха (проси о прощении грехов, изменись). Для тебя это будет благим поступком (возможностью). Не желай смерти»[1].

В Коране говорится:«… Ведь человек создан слабым»[2]. Когда человек испытывает сильные душевные страдания, этот светлый мир ему кажется мрачным. В таких ситуациях некоторые люди проявляют нетерпение и говорят: «Чем так жить, лучше умереть». В такое состояние может впасть любой человек, это свойственно человеческой природе. Поэтому, мы не обвиняем людей, находящихся в состоянии уныния. Но, от пожелания смерти самому себе и от разочарования в жизни нет никакой пользы. Наоборот, это только усилит страдания.

В таких случаях, самым правильным решением будет проявить терпение и молиться Богу. В Коране говорится:«Обратитесь за помощью к терпению и намазу. Воистину, Аллах - с терпеливыми»[3].Другими словами, единственный способ исцеления от душевных страданий - это призвать себя к терпению, и по возможности совершить намаз в мечети. С помощью намаза и терпения вы успокоитесь, и у вас будет возможность все разумно взвесить.

Вдобавок к этому, не забудьте по возможности подавать милостыню. Потому что Всевышний Аллах говорит: «Добро предотвращает зло».

Мы посчитали правильным закончить нашу статью следующими мудрыми словами великого человека, ученого и суфиста жившего в давние времена Маулана Жалалуддин ар-Руми:

«Цель встряхивающего ковер - не бить его, а вытрясти пыль из ковра и очистить его. Точно так же, Всевышний Аллах с помощью свалившихся на нашу голову трудностей встряхивает с нас пыли и очищает. В таком случае, почему ты так переживаешь?!»","[1] Ахмад ибн Ханбал – муснад; Ал-Хаким  - алМустадрак.
[2] Сура «Ан-Ниса» (Женщины) 28- аят.
[3] Сура  «Аль-Бакара» (Корова) 153-аят",January,1,2015,7,2015-01-07,2026-01-08,4019,Rabi al-Awwal
Можно ли есть конфеты в составе которых есть коньяк?,https://islam.kz/ru/questions/veroubejdenie/mojno-li-est-konfety-v-sostave-kotoryh-est-konyak-63/,"5 января 2015 г., 11:23",21593,20,"Мой вопрос таков, можно ли есть конфеты в составе которых есть коньяк? Прошу вас разъяснить этот вопрос аятами из Корана и хадисами или приведите фетвы ученых т.е. разъясните сопаставляя выводы ученых. Еркин Жумабек","Уважаемый Ермек, как известно нашей религией запрещены все опьяняющие напитки[1]. Пророк (да благословит его Аллах и приветствует) открыто и ясно говорил об этом в своих хадисах. В одном риваяте, который приводится в сборниках хадисов Сахих Бухари говрится о том, что когда Посланника Аллаха спросили об напитке приготовливаемый из меда (битг), Он (да благословит его Аллах и приветствует) ответил: «Все, что опьяняет, есть алкоголь, все, что опьяняет, запретно(харам)[2]».

А также, в одном хадисе приведенный сподвижником Сахаба Абдулла ибн Омаром говорится о том, что Пророк (да благословит его Аллах и приветствует) сказал: «Все опьяняющие напитки – харам.Все, что опьяняет в большом количестве, запретно (харам) и в малом»[3] и тем самым  строго предупредил о запрете на употребление спиртными напитками даже и в малом (даже один гр.) количестве.

Итак, есть сладости содержащие коньяк запрещено религией, а содержание коньяка в малом количестве не меняет решение шариата относительно этого вопроса.","[1]Сура Трапеза – 90 аят.
[2]Сахих Бухари, Әшриба - №5263 хадис. Фатхуль Бари.
[3]Абу Дауд, Ашриба, 5/3681; Тирмизи, Ашриба, 3/1865
[4]Ибн Мәжә, Әшриба - №3392 хадис",January,1,2015,5,2015-01-05,2026-01-08,4021,Rabi al-Awwal
Является ли моя жена моей судьбой?,https://islam.kz/ru/questions/semya/nikyah/yavlyaetsya-li-moya-jena-moei-sudboi-62/,"31 декабря 2014 г., 16:38",24782,57,"Ассаламу алейкум! Мой вопрос таков. Предначертано ли судьбой на ком женится человек? Иначе говоря, предопределено ли с кем мы свяжем свою судьбу в будущем или это происходит по нашей воле, по нашему выбору? Иногда ведь люди разводятся. Получается, они разошлись, потому что им не суждено быть вместе? Я слышал, как люди рассуждают подобным образом. Иногда молодые вступают в интимную близость, не соединив себя узами брака, и после того, как девушка забеременеет, вынужденно женятся. Это тоже предопределено судьбой? В общем, прошу Вас разъяснить смысл словосочетания «жена предначертанная судьбой». Пусть Аллах будет доволен вами! Жанат Хурметбек.","Уаалейкум ассалам уа рахматуллахи уа баракатух!

Всевышний Аллах изначально знает о том, что супруги выберут друг друга и позже создадут семью. И это Его воля и желание. Наверное поэтому в народе говорят «Супруга, посланная Всевышним Аллахом», связывая бракосочетание с волей Всевышнего.

Но, то что Всевышний Аллах заранее знает обо всем, не принуждает никого создавать семью. Человек, применяя разум и свободу воли, дарованные Всевышним Аллахом, выбирает спутницу жизни. Согласно их свободе воли Всевышний Аллах осуществляет их планы. Итак, супружество – это результат  свободы выбора и сотворения Всевышнего Аллаха согласно их выбору.

Здесь важно помнить о следующем, то, что Всевышний Аллах заранее, изначально знает обо всем, не преграда, чтобы просить у Всевышнего Аллаха о «благородной жене».

Мусульманин при выборе жены просит о помощи и, применяя разум дарованный Всевышним Аллахом, взвесив все за и против, выбирает ту, которая больше ему нравится.

Развод супругов, и вступление в интимную близость вне брака и все другие проступки предопределены Всевышним Аллахом. Но судьба предначертана не для того, чтобы «пусть так сложится», а для того, чтобы известить, что «так сложится».

Истина ведома лишь одному Аллаху!",,December,12,2014,31,2014-12-31,2026-01-08,4026,Rabi al-Awwal
Можно  ли заключить брак с молочным родственником?,https://islam.kz/ru/questions/semya/nikyah/mojno-li-zaklyuchit-brak-s-molochnym-rodstvennikom-61/,"30 декабря 2014 г., 10:43",6096,24,"Ассаляму алейкум! Я вознамерился жениться на одной девушке. Но, так как мы живем с ней в одном селе, в младенчестве моя мама кормила ее грудью. Теперь, когда мы хотим пожениться, родители говорят, что «мы молочные родственники вскормленные грудью одной женщины». Что такое «молочные родственники»?Заключения брака между молочными родственниками запрещены?","Уа алейкум ассалям! По шариату если младенец до«двух с половиной лет»хоть один раз был вскормлен грудью чужой женщины, то эта женщина считается ей как мать.[1]. Родственники этой женщины тоже будут считаться этому ребенку родственниками. Иначе говоря, с кем из родственников не сможет вступить в брак её  родной ребенок, с теми также не сможет вступить в брак и этот вскормленный ею ребенок[2] . Потому что, Всевышний Аллах говорит в Коране:

«Вам запретны ваши матери, вскормившие вас молоком, ваши молочные сестры»[3], а достопочтенный Пророк (да благословит его Аллах и приветствует) в одном из хадисов сказал:«Вы не сможете вступать в брак с молочными родственниками, также как и с родственниками[4]».","[1] Асгад Мухаммад ас Сагиржи, Ал Фикхуль Ханафи уа адиллатуху, 2-том, 167-168 стр.
[2] Ата ас-Сынбати, М.Исаулы, Отбасы гылымхалы, 204- стр.
[3] Сура «Ниса» – 23 аят.
[4] Сахих Бухари бишархил Айни, 20/92.",December,12,2014,30,2014-12-30,2026-01-08,4027,Rabi al-Awwal
Почему приверженцы маликитского мазхаба совершают намаз с опущенными руками?,https://islam.kz/ru/questions/poklonenie/molitva-namaz/pochemu-priverjentsy-malikitskogo-mazhaba-sovershayut-namaz-s-opushennymi-rukami-60/,"29 декабря 2014 г., 11:51",27959,102,Ассаламу алейкум!Почему приверженцы маликитского мазхаба совершают намаз  с опущенными руками?Газали Газали,"Уаалейкум ассалам! Имеются три вида фетвы, которые вынес один из великих руководителей мусульман в вопросах религии после сподвижников имама Малика (р.а.) относительно сложения рук в намазе:

1. Складывать руки во время совершения нафиль намазов разрешается, а при совершении обязательных молитв сложение рук – макрух, т.е. руки не складываются. Эту фетву приводит ученик Имам Малика ученый Абдуррахман ибн Касим (х.132-191 г/г.750-806 г.).

2. Складывать руки в обязательных и в нафиль намазах – мубах, разрешается. Эту фетву приводит еще один ученик Имам Малика ученый Ашхад ибн Абдулъазиз ал-Киси (Х.140-204 г.).

3. Складывать руки в обязательных и в нафиль намазах – мустахаб. Эту фетву приводит еще один ученик и племянник Имам Малика ученый Мутарриф ибн Абдулла (х.137-220г.) [1].

Однако, в Маликитском мазхабе более распространена первая фетва. И это фетва опирается на определенные доказательства. Судя по исследованиям специалистов, Имам Малик в этой фетве опирается на два доказательства:

Первое – хадисы Пророка. Судя по приведенным риваятам, однажды сподвижник Абу Хамид ас-Саъиди сидел в окружении десяти сподвижников (в их числе был и Абу Катада) и обратился к ним со словами:

- Я научу вас намазу, который совершал Пророк.

Тогда, сидящие рядом сподвижники, ему ответили:

- Зачем? Уаллахи, мы лучше тебя придерживаемся сунны Пророка и мы его первые сподвижники.

- Конечно, это так – ответил Абу Хамид.

- В таком случае объясни! – сказали сподвижники.

Тогда Абу Хамид изложил это следующим образом:

- Пророк (да благословит его Аллах и приветствует), совершая намаз, поднимал руки до уровня плеч и произносил такбир, далее принимал прежнее положение (все части тела находились на своем месте), затем он читал Коран и произносил такбир, поднимая руки до уровня плеч, и уже после делал поясной поклон (рукуг) и держал ладонями колени. При совершении поясного поклона (рукуг) голову не опускал и не поднимал, а держал на среднем уровне...

Услышав это, сподвижники сказали:

- Ты прав, Пророк молился именно так[2].

В тщательно изложенном выше примере совершения намаза нет ни слова о «наложении одной руки на другую руку».

Если бы сложение рук было одной частью совершения намаза, то хотя бы один из десяти сподвижников сделал бы замечание, сказав: «Ты забыл сложить руки». Но они, не сделав замечания, подтвердили словами: «Ты прав, Пророк молился именно так».

Ученые Маликитского мазхаба говорят, что это обстоятельство служит доказательством того,  что нет складывания рук в намазе.

Второе доказательство, на которое они опираются – это действия, совершаемые жителями Медины.

По правилам Имам Малика, действия, совершаемые сподвижниками Медины и учеными табиинами, жившими в Медине до рождения Имам Малика превосходят ахад хадисы. Потому что сподвижники Медины лучше осведомлены о сказанных словах и действиях, совершенных Пророком в последние годы жизни. В таком случае, если в каком-то вопросе сподвижники Медины и ученые табиины, являющиеся учениками ансаров, поступают наперекор ахад хадису, то это знак того, что они слышали или видели, как это совершал Пророк в последние годы жизни.

Наверное, поэтому, согласно сведениям, один из семи табиинов Медины Саъид ибн Мусаяб в намазе не складывал руки.

Однако в нескольких хадисах Пророка совершенно ясно говорится о том, что складывать руки при совершении намаза это сунна. И этой точкой зрения придерживаются ученые остальных трех мазхабов. Также есть немало ученых Маликитского мазхаба, которые брали в основу вышеуказанную вторую и третью фетвы, приведенные Имам Маликом.  Но у нее есть свои условия. Абдуррахман ал-Жазири в своем труде «ал-Фикху алял Мазахибил Арбагати» об этом говорит следующее:

«По словам ученых Маликитского мазхаба, в намазе руки складываются на уровне ниже груди и выше пупка. Это не сунна, а мандуб. Но он должен складывать руки с целью выполнить сунну Пророка.  Только в таком случае это является мандуб (разрешенным) действием. А если он складывает руки с целью (из-за того, что руки онемели) опереться, то любая форма сложения рук считается макрух поступком... Это относительно обязательного намаза, а в нафиль (сунна) намазах (обязательство складывать руки) сложения рук не зависит от намерения или цели человека»[3].","[1] Шихабуддин ал-Кирафи – аз-Зухайра: Китабус сала, бабус садис.
[2] Ибн Мажа - №1051; Тирмизи – Китабус сала, №304 хадис.
[3] Абдуррахман ал-Жаузи, ал-Фикху аля мазахибил арбагати», 1- том, 227стр.",December,12,2014,29,2014-12-29,2026-01-08,4028,Rabi al-Awwal
В чем заключается значимость совершения омовения перед сном?,https://islam.kz/ru/questions/poklonenie/omovenie/v-chem-zaklyuchaetsya-znachimost-soversheniya-omoveniya-pered-snom-59/,"24 декабря 2014 г., 15:57",13313,2,"Ассаламугалейкум! Я хотел бы спросить у вас, в чем заключается значимость совершения омовения перед сном? По возможности прошу вас объяснить поподробнее, приводя хадисы. Пусть Аллах будет доволен вами. Таубе Тилеуберди.","Уагалейкум ассалам уа рахматуллахи уа баракатух!

Ложится спать, совершив омовение – мустахаб. О том, что это богоугодное дело Пророк Аллаха отмечал в нескольких хадисах. Он (да благословит его Аллах и приветствует) посоветовал одному сподвижнику:

«Соверши такое жеомовение перед сном, какоесовершаешь ты передмолитвой…»[1].

Еще в одном хадисе Пророк (да благословит его Аллах и приветствует) сказал: «Если вы будете держать тело в чистоте, Аллах вас (духовно) очистит. Возле того, кто ляжет спать, совершив омовение, будет постоянно находиться один ангел, который будет молить: «О Аллах, прости его, он лег спать чистым», каждый раз, когда человек будет поворачиваться с одного бока на другой» [2].

Пользу от совершения омовения перед сном можно перечислить следующим образом:","[1] Сахих Бухари: Бабу фазли ман бата ъалал уду, №244 хадис.
[2] Табарани – ал-Муъжамул Аусат.",December,12,2014,24,2014-12-24,2026-01-08,4033,Rabi al-Awwal
Можно ли сдать в аренду авто с последующим выкупом?,https://islam.kz/ru/questions/torgovlya/mojno-li-sdat-v-arendu-avto-s-posleduyushim-vykupom-58/,"22 декабря 2014 г., 9:33",8233,12,Ассалаумагалейкум уа рахматуллахи уа баракатух! Можно ли сдать в аренду свое авто с последующим выкупом? Пусть Аллах будет доволен Вами! Рустембеков Нурахмет,"Уаалейкум ассалям уа рахматтулахи уа баракатух!  Запрашиваемый вами вид сделки в общей сложности не противоречит Исламу. Но в Исламе относительно этого вопроса предусмотрены специальные условия и нормы шариата. Осуществления вышеназванного вида сделки в рамках шариата в краткой форме можно изложить следующим образом:

Договор аренды и договор купли-продажи не должны присутствовать в одном виде договора. Потому что Пророк (да благословит его Аллах и приветствует) запрещал заключать такие сделки[1]. И поэтому:

a) Сначала заключается только договор аренды. В этом договоре в открытой и ясной форме должна быть изложена месячная, недельная или ежедневная сумма вносимый оплаты, срок аренды и все другие условия и требования соответственно «право аренды».

b) По окончанию погашения задолженности по арендной плате и по истечению срока указанный в договоре аренды, с арендатором заключается новый договор.

c) Это может быть договором «дарения (الهبة) » или «купли-продажи» за определенную сумму [2].

Значит, вы заключаете договор аренды своего автомобиля с определенным человеком на определенный срок. По истечению срока аренды вы заключаете с арендатором новый договор «дарения» или договор «купли-продажи» (своего авто) за определенную сумму.","[1] نهى النبي صلى الله عليه وسلم عن صفقتين في صفقة رواه احمد عن بن مسعود:
[2] У.Зухайли – ал-Муъамалататул Малиятул Муъасира. «Дарул фикр», Сирия-Дамаск, 2006 г.",December,12,2014,22,2014-12-22,2026-01-08,4035,Safar
"Является ли действительным намаз той женщины, которая присоединилась к имаму с опозданием?",https://islam.kz/ru/questions/poklonenie/molitva-namaz/yavlyaetsya-li-deistvitelnym-namaz-toi-jenshiny-kotoraya-prisoedinilas-k-imamu-s-opozdaniem-57/,"19 декабря 2014 г., 9:28",4759,4,"Ассаламу галейкум!Если кто-либобудет имамом в молитвемужчин и женщин, то должен ли он отдельно намереваться для ведения женской молитвой?  Если считать, что имаму нужно обязательно иметь намерение, то будет ли недействительным намаз женщины, которая присоединилась к имаму с опозданием? Мадияр.","Уагалейкум ассалам!

Среди ученых Ханафитского мазхаба имеется две точки зрения относительно специального намерения имама для ведения женской молитвой.

Согласно первой точке зрения, имам руководящий молитвой должен предварительно намереваться для ведения женской молитвой. Если он не имеет намерение, то намаз женщин следующих за имамом будет недействительным. Согласно книгам, это точка зрения опирается на последнюю фетву Абу Ханифы (р.а.). Большинство поддерживают эту точку зрения.

Согласно второй точкезрения, не обязательно иметь такое намерение. Считается действительным намаз тех женщин, которые следуют за молитвой имама, даже если имам не намеревался руководить их молитвой[Ибн Габидин – Раддул Мухтар: Бабу шурутус сала, 3 том/87 стр; Бабул Имама, 3/875 стр. Дамаск. 2000 г.].

Значит, согласно первой точке зрения, намаз женщины присоединившееся в середине молитвы к имаму недействителен. Потому что, имам не намеревался руководить женским джамагатом.

Согласно второй точке зрения, намаз женщины присоединившееся в середине молитвы к имаму действителен.

Автор: islam.kz/",,December,12,2014,19,2014-12-19,2026-01-08,4038,Safar
"Можно ли совершать намаз в одежде, в которой остались пятна крови после стирки?",https://islam.kz/ru/questions/poklonenie/molitva-namaz/mojno-li-sovershat-namaz-v-odejde-v-kotoroi-ostalis-pyatna-krovi-posle-stirki-56/,"18 декабря 2014 г., 15:48",16574,8,"Ассаляму алейкум! Если два раза постиранной одежде не отстирались пятна крови, то можно ли в этой одежде совершать намаз? Мухит","Уа алейкум ассалям уа рахматуллахи уа баракатух!

Уважаемый Мухит, в одном хадисе приведенный Абу Хурайрой говорится о женщине по имени Хаула бинт Ясар, которая обратилось к Пророку со следующим вопросом:

- Я женщина, у которой еще идут месячные. И у меня нет сменной одежды. О, Пророк, я не знаю, что мне делать? Тогда Пророк в ответ ей сказал:

- (Искупавшись) После очищения постирай одежду и совершай намаз в этой одежде.

- О, Пророк, ведь (и после стирки) остаются пятна? – переспросила она.

Тогда Пророк (да благословит его Аллах и приветствует) сказал ей:

- Ты постирай одежду, а от не отстиравшихся  пятен нет вреда для тебя[1].

Итак, как мы заметили из хадиса, нет никакого вреда от не отстиравшихся пятен для совершения намаза.

Автор: islam.kz/",,December,12,2014,18,2014-12-18,2026-01-08,4039,Safar
Допустима ли исламом женская стерилизация?,https://islam.kz/ru/questions/meditsina/dopustima-li-islamom-jenskaya-sterilizatsiya-55/,"15 декабря 2014 г., 10:03",18380,33,"Ассаляму алейкум уа рахматуллахи уа баракятух. Моей тете 43 года. У нее 4 ребенка. Последняя беременность 8 лет назад проходила тяжело, но благополучно. В связи с тем, что ВМС в Исламе противопоказано, с тех пор использовала противозачаточные таблетки. В настоящее время, врачи предлагают сделать стерилизацию, что в Исламе запрещено. Можно ли это сделать в ее случае, учитывая, что при беременности возможен риск для здоровья по возрасту, и то, что она вынуждена принимать гормональные таблетки до климакса, когда и таблетки невозможно будет принимать из-за нарушения менструального цикла. К тому же многолетний прием гормонов не желателен.М.С.","Уагалейкум ассалям уа рахматуллахи уа баракатух!

Предотвращение беременности с точки зрения шариата делится на два способа халяль и харам.

1.Халяльный способ – к нему относится временное воздержание от беременности,  например,  принятие противозачаточныхтаблеток, установление спирали (ВМС) и др. Здесь нужно учитывать отсутствие вреда для здоровья употребляющей женщины. Поэтому, перед применениемпрепаратовнужно посоветоваться с врачом гинекологом. Также воздержание от беременности должно быть обоюдным решением  супругов.

2.Запретный (Харам) способ.  К нему относится применение окончательных мер по предотвращению наступления беременности. Точнее сказать, «стерилизация» по шариату запрещена   (харам). Но иногда беременность может представлять опасность для жизни женщины[1]. В таких случаях, посоветовавшись с врачами, с целью сохранения жизни женщины, можно применить метод по окончательному предотвращению наступления беременности[2].

Как мы заметили из вашего вопроса, ваша сестра в состоянии применить метод по установлению внутриматочной спирали (ВМС). Установка спирали не противоречит нормам Ислама. Поэтому, мы считаем, что ей стоит применить простой метод, а именно установление спирали, нежели сразу прибегать к «хирургическому бесплодию».","Ссылка:
[1] http://www.fiqhacademy.org.sa/qrarat/5-1.htm; Проф.Доктор У.Зухайли – ал-Фикхул Ислами,4-том/2648 стр, « الإعقام أو التعقيم».
[2] Например, по словам врачей, женщинам, страдающим тяжелой формой порока сердца совсем противопоказана беременность.   Потому что в таких случаях беременность приводит к смертельному исходу.  Также беременность противопоказана женщинам  страдающим болезнями легких. Потому что во время беременности  дыхательная недостаточность может спровоцировать внезапную смерть плода. Наряду с этим, врачи строго запрещают беременеть женщинам,  страдающим аутоиммунными заболеваниями и эпилепсией.[http://nmedicine.net/;  http://mama66.ru/pregn/200]",December,12,2014,15,2014-12-15,2026-01-08,4042,Safar
"Портится ли омовение, если из уха вытекает ушная сера?",https://islam.kz/ru/questions/poklonenie/omovenie/portitsya-li-omovenie-esli-iz-uha-vytekaet-ushnaya-sera-54/,"13 декабря 2014 г., 13:58",15099,12,"Портится ли омовение, если из уха вытекает жидкость или кровь, т.е. ушная сера?Если это продолжается в течение длительного времени, можно ли считать его находящимся в состоянии узур. Ведь из уха сера иногда перестает течь на некоторое время, но время от времени появляется и течет в разное время молитв. Как быть в таком случае с омовением? Кажмукан.","Уважаемый Кажмукан, если из уха течет гной или жидкость с примесью крови, то это портит омовение.  Потому что это признак повреждения и образования раны в ухе.

Если из уха вытекает другая биологическая жидкость похожая на воду, то в зависимости от ситуаций решение шариата относительно этого вопроса могут быть различны. А именно: если жидкость вытекает с ноющей болью, то это портит  омовение, а если нет боли, то это не портит омовение[1].

Для того чтобы считать человека находящимся в состоянии узур, патологические (кровотечение, гноетечение и др.) выделения должны продолжаться в течение времени одного намаза.

А, появление этих выделений хотя бы один раз во время последующих намазов достаточно, чтобы считать его находящимся в состоянии узур.

Например, если у человека ушная сера течет из уха беспрерывно со времени наступления зухр намаза и длится до наступления времени аср намаза, то он считается находящимся в состояние узур. Затем, если в течение времени аср намаза с уха еще течет сера, то это признак того, что его состояние узур еще продолжается. А с наступлением магриб намаза он должен обновить омовение.

Если после этого выделения не появятся в течение срока одного намаза, то это означает, что состояние узур прекратилось.

Автор: islam.kz/","[1] Также есть ученые Ханафитского мазхаба, которые утверждают, «Если из уха без боли вытекает хоть гной, хоть жидкость с примесью
крови, то это не портит омовение
».
[Ибн Абидин, Раддул Мухтар «Науакизу ал-уду»]",December,12,2014,13,2014-12-13,2026-01-08,4044,Safar
"Является ли самоубийцей тот, кто погиб из-за того, что не пристегнул ремень безопасности?",https://islam.kz/ru/questions/veroubejdenie/yavlyaetsya-li-samoubiitsei-tot-kto-pogib-iz-za-togo-chto-ne-pristegnul-remen-bezopasnosti-53/,"11 декабря 2014 г., 12:03",4711,6,,"Соблюдение правилы дорожного движения и техники безопасности необходимы для безопасности общества и для сохранения жизни самого человека. Учитывать эти правила долг каждого водителя. Потому что наша религия повелевает нам предостерегаться от тех факторов, которые могут представлять опасность для жизни.

Однако, трудно относить к числу «самоубийц» тех, кто погиб из-за несоблюдения правилы дорожного движения, если они не имели намерения совершить суицид. Правильнее будет назвать это результатом невнимательности и неуклюжости.

Автор: islam.kz",,December,12,2014,11,2014-12-11,2026-01-08,4046,Safar
Считается ли омовением протирание влажной салфеткой?,https://islam.kz/ru/questions/poklonenie/omovenie/schitaetsya-li-omoveniem-protiranie-vlajnoi-salfetkoi-52/,"10 декабря 2014 г., 15:22",28660,429,"Ассаламу алейкум! Когда я еду в автобусе и нет возможности совершить омовение, и очистится землей (таяммум), будет ли считаться малым омовением протирание влажной салфеткой тех частей тела (руки, лицо, ноги), которые должны быть омыты?  Ерболат","Уагалейкумсалам! Уважаемый Ерболат,протирание влажной салфеткой тех частей тела, которые должны быть омыты при совершении омовения, не будет засчитано как (совершенное) омовение.Потому что Всевышний Аллах в аяте, в котором говорится об омовении, велел нам«فاغسلوا- умойте»[1].Поэтому должно быть выполнено действие «мытье». По определению ученых ""мытье"" это:«это протекание воды на необходимом участке тела».Протирание влажной салфеткой тех частей тела (руки, лицо, ноги), которые должны быть омыты при совершении омовения, и если при этом вода не течет, то это не будет засчитано как совершенное омовение. Потому что с помощью протирания не выполняется полностью предписание мыться. Согласно вышесказанному,  улемы Ханафитского мазхаба вынесли следующее решение:

«Если человек совершает малое омовение снегом, и при этом вода не капает с части тела, то омовение не засчитывается. Если же снег растает и стечет по рукам, то омовение засчитается.  Потому что было выполнено действие «мытье»[2].","[1] «О те, которые уверовали! Когда вы встаете на намаз, то умойте ваши лица и ваши руки до локтей, оботрите ваши головы и умойте ваши ноги до щиколоток...» Сура Трапеза 6 аят.
[2] Ал Касани, Бадаигус Санаиг, 1 –том, 92 стр.",December,12,2014,10,2014-12-10,2026-01-08,4047,Safar
"Мой намаз отдаляется от меня, что делать?",https://islam.kz/ru/questions/poklonenie/molitva-namaz/moi-namaz-otdalyaetsya-ot-menya-chto-delat-51/,"9 декабря 2014 г., 14:46",48915,429,"Здравствуете! Вот, уже на протяжении 6-ти лет я совершаю намаз, но мой намаз со временем отдалился от меня. Сейчас я ленюсь совершать намаз. Не знаю, что и делать, я хочу совершать намаз, но мои действия не соответствуют моим мыслям. Мне кажется, я потеряла веру. Актоты.","Здравствуете! Уважаемая Актоты, из-за отсутствия усердия ваш намаз отдалился от вас. Когда в нас уменьшается усердие и стремление к намазу, то намаз становится для нас словно комплексом спортивных упражнений. Хотя выполняются все движения, мысли заняты другими вещами. Если это и дальше будет продолжаться, то вполне вероятно, что вы совсем перестанете совершать намаз. Позже человек придет к тому что, будет совершать намаз только перед посторонними людьми, а когда останется наедине с собой, то вовсе забудет об этом. А, если передать это словами из Корана, то: «Горе же  (таким) молящимся, 5) которые к молитве своей небрежны, которые (молятся) напоказ (перед людьми)[1].Пусть Аллах убережет нас от такого состояния.

Беспечность – появляется из-за отсутствия усердия, а отсутствие усердия из-за глубокого безразличия, и ослабления веры. В этой связи, мы бы посоветовали следующее:

Во-первых – по возможности вам следует слушать аудио-видео проповеди. Ведь Всевышний Аллах говорит:«И напоминай, ибо напоминание приносит пользу верующим»[2].

Во-вторых – старайтесь быть далёким от пустословия и от ведения разгульного образа жизни, которые тушат свет веры в сердце. В Священном Коране говорится:«Воистину, преуспели верующие, которые смиренны во время своих намазов, которые отворачиваются от всего праздного»[3].

(Здесь нужно отметить то, что иногда во время совершения намазадома, в соседней комнате телевизор остается включенным и мы слышим его или идет какая-нибудь интересная программа… В таких случаях, нужно сначала выключить телевизор и только потом совершать намаз. Таким образом, почувствуете важность намаза).

В-третьих, приучите себя каждый день в определенное время семьдесят раз или болеесемидесяти разговорить «Астагфируллах». «Астагфирулла» в переводе с арабского языка означает «Прошу прощение у Аллаха». Пророк (да благословит его Аллах и приветствует) говорил: «Клянусь Аллахом, поистине,я прошуАллаха опрощениии приношу Ему покаяние болеесемидесяти развдень». При этом нужно выбрать свободное и спокойное время. Например, после утренней молитвы, взяв в руки четки, осознавая смысл этих слов и с искренними намерениями нужнопроизносить«Астагфирулла», т.е. «Прошу прощение у Аллаха».  Таким образом, с помощью Аллаха в вашем сердце укрепится вера.  Истигфар (Мольба о прощении грехов) смягчает и оживляет сердце, также как и вода смягчает высохшую почву.При этом не обязательно произносить мольбу на арабском языке «Астагфирулла», можете более семидесяти раз повторять про себя «О, Аллах прости меня» и на казахском (родном) языке.Мы считаем, что будет даже более эффективно (для тех, кто не знает арабского языка) повторять эту мольбу на родном языке. Пусть Аллах дарует нам быть из числа прилежных рабов!

Автор: islam.kz/","[1] Сура 107 «Подаяние», 4,5,6 аяты.
[2] Сура 51 «Рассеивающие» 55 аят.
[3] Сура 23 Аль-Муминун, 2-3 аяты.",December,12,2014,9,2014-12-09,2026-01-08,4048,Safar
Является ли грехом стричься у женщины-парикмахера?,https://islam.kz/ru/questions/raznoe/yavlyaetsya-li-grehom-strichsya-u-jenshiny-parikmahera-50/,"6 декабря 2014 г., 9:59",10746,110,"Ассалямуалейкум! Я хотел бы узнать,является ли грехом, стричься у женщины-парикмахера? Я постоянно стригусь в одной парикмахерской, там работают одни женщины. Мне один друг сказал, что нельзя стричься у (чужой) женщины-парикмахера. Ерлан.","Уа алейкум ассалям! Согласно исламской этике мужчина и женщина должны соблюдать определенную субординацию между собой. Например, мусульманин не здоровается за руку с чужой женщиной, и не уединяется с ней в помещении, а женщина перед чужим мужчиной появляется лишь, облачившись в определенную форму одежды и.т.д. Мы считаем, что и в вопросах относительно стрижки волос следует соблюдать субординацию. Поэтому мусульманин по возможности должен стричься не у (посторонней) женщины-парикмахера, а у мужчины. Ведь на сегодняшний день найти мужчину-парикмахера не составит никакого труда.

Автор: www.islam.kz",,December,12,2014,6,2014-12-06,2026-01-08,4051,Safar
"Что делать, если при совершении намаза вышло время намаза?",https://islam.kz/ru/questions/poklonenie/molitva-namaz/chto-delat-esli-pri-sovershenii-namaza-vyshlo-vremya-namaza-49/,"5 декабря 2014 г., 15:56",19203,12,"Если при совершении намаза вышло время намаза, нужно ли возмещать его заново, или совершенный намаз будет считаться возмещающим (каза) намазом? Улан.","Уважаемый Улан, в одном хадисе приведенный Абу Хурайрой Пророк (да благословит его Аллах и приветствует) сказал:

«Если кто-то успел совершить, хотя бы один ракаат в установленное для данного намаза время, то намаз считается совершенным в срок»[1].

Поэтому, если вы успели совершить хотя бы один ракаат данного намаза, то этот намаз будет считаться совершенным в срок. Выполнив все остальные ракааты, нужно завершить намаз и не нужно возмещать его. Даже есть группа ученых, которые говорят, что «намаз будет считаться совершенным в срок, если человек успел произнести вступительный такбир».

Но, постановление относительно утреннего намаза отличается от других намазов. Точнее сказать, если при совершении утреннего намаза вышло время намаза, то выполненный намаз считается недействительным. Позже нужно его возместить. Потому что Пророк (да благословит его Аллах и приветствует) в другом хадисе сказал:

«Если кто-то совершил  один ракаат утреннего намаза, и в это время взошло солнце, то пусть он совершит утренний намаз (заново)[2]».

http://islam.kz/","[1] Имам Малик Муатта – Уқутус сала, 1515.
[2] ал-Хаким, ал-Мустәдрак.",December,12,2014,5,2014-12-05,2026-01-08,4052,Safar
Будут ли женщинам дарованы «мужчины-гурии» в раю?,https://islam.kz/ru/questions/dlya-jenshin/budut-li-jenshinam-darovany-mujchiny-gurii-v-rayu-48/,"4 декабря 2014 г., 10:48",15764,68,Здравствуйте! Почему только (верующим) мужчинам в раю будут дарованы гурии – райские женщины. Будут ли женщинам дарованы «мужчины-гурии»?,"Женщина будет в Раю со своим мужем.  Ученые говорят, что если женщина не была замужем в этой жизни, то Аллах даст ей в Раю мужа из тех, у которого тоже не было жены. Потому что, в хадисе Пророка говорится: «В Раю не будет холостых(1)».

Однако, женщинам не будут дарованы «мужчины-гурии». Потому что, она не будет иметь желания любить кого-либо другого, кроме своего мужа. Доказательством служит следующий аят Корана:«В них [в райских садах] (будут) берегущие свои взоры, которых не коснулся до них [до их мужей] ни человек, ни джинн.»(2).Этому аяту сподвижник Абдулла ибн Аббас даёт толкование следующим образом:«… т.е. они не будут смотреть ни на кого, кроме своих мужей, для женщин самыми благородными в Раю будут их мужья»(3).","[1]
Сахих Муслим, Китабуль Жаннә: «Бабу аууали зумратин...», №2834-хадис.
[2]Сура №55 «Милосердный», 56 аят.
[3]Тафсир Ибн Касира, Толкование суры «Милосердный»
.
56. аят,",December,12,2014,4,2014-12-04,2026-01-08,4053,Safar
Можно ли читать Коран над умершим младенцем?,https://islam.kz/ru/questions/veroubejdenie/mojno-li-chitat-koran-nad-umershim-mladentsem-47/,"3 декабря 2014 г., 15:44",6677,15,"Здравствуйте! Этот вопрос меня постоянно беспокоит. В 5-ти месячном возрасте у меня умерла дочь. После намаза, когда я читаю Коран по умершим предкам, невольно вспоминаю дочь и за нее тоже молюсь, но, она ведь ангел.Прошу Васразъяснитьправильно ли я поступаю или нет? У.Т.","Здравствуйте! В хадисе говорится, что все дети, умершие не достигнув совершеннолетия, будут обитателями Рая[1]. Они безгрешны, поэтому, когда над нимсовершают джаназа-намаз, не просят прощения за него от Аллаха, а произносится следующая мольба (дуа):

Аллаһуммаж’алху ланаа фаратан уаж’алху ланаа ажрән уа зухран уаж’алху ланаа шаафи’ан уа мушаффа’ан».

Смысл:«О Аллах, сделай его для нас опередившим (в Раю), последователем и наградой.Сделай этого ребенка заступником за нас и прими его заступничество!».

Однако это не означает, что читать Коран по умершим детям грех. Нет ничего предосудительного в том, что вы, читая Коран над усопшим, также читаете его (Коран) и по умершему ребенку. Потому что, мы прежде чем читать Коран над усопшим, сначала упоминаем имя Пророка (да благословит его Аллах и приветствует) и посвящаем вознаграждение (саваб) за прочитанный Коран Ему. Ведь, как известно, достопочтенный Пророк (да благословит его Аллах и приветствует) является вечным обитателем Рая.

http://islam.kz/","[1] Аскалани, Фатхуль Бари, толкование 1317- хадиса. Хасан Хадис.",December,12,2014,3,2014-12-03,2026-01-08,4054,Safar
Как шариат относится к вскрытию трупа для исследования?,https://islam.kz/ru/questions/meditsina/kak-shariat-otnositsya-k-vskrytiyu-trupa-dlya-issledovaniya-46/,"2 декабря 2014 г., 12:19",26585,429,Для того чтобы выяснить причину смерти умершего человека нужно провести экспертизу. Для этого вскрывают тело трупа. Иногда это нужно для того чтобы выяснить болезнь умершего человека. Вопрос: Как шариат относится к вскрытию трупа и что говорят исламские учёные насчет этого? Сандугаш.,"В исламе принято относиться к человеку с уважением, и даже после смерти его труп также достоин почтения. Согласно мусульманской этике, тело умершего человека обмывают с уважением и заворачивают в саван. Перед погребением совершают коллективный джаназа (намаз) молитву, после покойного провожают в последний путь. Не допускается осквернение тело умершего человека. Пророк Аллаха (мир ему и благословение Аллаха) как-то сказал: «Сломать кость мёртвого всё равно, что сломать кость живому»[1]. Поэтому если нет крайней необходимости, желательно не подвергать тело вскрытию и похоронить труп в целостности и сохранности.

Но в некоторых случаях возникают ситуации, когда труп нужно вскрыть для проведения исследования. На сегодняшний день большинство учёных считают, «что в таких случаях, разрешается специалистам проводить хирургические исследования над трупом». Эти ситуации можно рассматривать в трёх позициях:

1.Вскрытие трупа для установления болезни, которое привело к смерти.Для того чтобы установить диагноз болезни который послужил причиной смерти специальные врачи-специалисты проводят хирургические исследования над трупом. Такого рода исследования очень важны для того, чтобы предотвратить распространения эпидемий среди населения, чтобы обезопасить жизнь других людей.

2.Вскрытие трупа, которое, проводится под руководством преподавателя-врача с целью ознакомить студентов с внутренними органами человека.Большинство населения считают это крайне необходимой мерой, но есть и группа противников-теологов, которые не согласны с проведением таких хирургических исследований.

Но нужно учитывать следующие условия:

3. Вскрывать труп, чтобы раскрыть преступление.Очень часто, чтобы раскрыть преступление, связанное с убийством человека крайне необходимо провести медицинскую экспертизу.

Для получения ответа ряда следующих вопросов необходимо провести хирургические исследования: Что послужила причиной смерти, стихийное бедствие или же человек был убит кем-то? Или же это суицид? В какое время наступил смерть?

В таких случаях, исследования проводят специалисты, имеющие специальную подготовку в областипатологической анатомииилисудебной медицины.  В результате экспертизы определяется подозреваемое лицо и его причастность к преступлению. С этой точки зрения хирургические исследования над трупом тоже важны. Но  в этой части тоже имеются свои требования:

4. При любых обстоятельствах вскрытые органы умершего человека, после должны быть захоронены [2].","[1] Абу Дауд – Китабул Жанаиз - №3207
[2] Рабытату әл-Ъаламил Ислами: Мажмаъул Фиқһил Ислами: Очередное десятое заседание, проведенное в 1987году. Доктор Али Ахмад ас-Салүс: Маусугатуль Казая – 587 бет. Издательство «Дарус сақафа» – Катар. Издание «Дарул Коран» –Египет.; Аш-Шайх Хасан Мамүн: http://www.dar-alifta.org/ ; Ахкаму ташрихи Жүссатил Адами; ал-Мажлис Ислами лил-ифта – Кудус: http://www.fatawah.com/Fatawah/87.aspx",December,12,2014,2,2014-12-02,2026-01-08,4055,Safar
Можно ли совершать намаз без тюбетейки?,https://islam.kz/ru/questions/poklonenie/molitva-namaz/mojno-li-sovershat-namaz-bez-tyubeteiki-45/,"28 ноября 2014 г., 11:35",20592,13,"Ассаламуалейкум! Мне один парень сказал, что Аллах не примет намаз того, кто совершает его без тюбетейки.Насколько правдивоэтоутверждение? Не разъясните ли Вы мне решение шариата относительно ношения тюбетейки во время совершения намаза?Пусть Всевышний будет доволен Вами! Акижан.","Уа алейкум ассалям! Совершение молитвы (намаз) в чалме или в тюбетейке является сунной. Пророк (да благословит его Аллах и приветствует) совершал намаз, надев чалму. Не секрет, что совершения намаза без головного убор, учеными Ханафитского мазхаба раньше считалось нежелательным поступком (макрух).

В Ханафитских книгах об этом говорится следующее:

«Имея возможность совершать молитву в головном уборе,  совершение намаза мужчинами без головного убора, считая ношения головного убора трудным, или из-за ленивости, считается нежелательным поступком (макрух)». Потому что в этом проявляется пренебрежение к молитве. Но, если он совершает намаз с непокрытой головой с целью показать свою немощность перед Аллахом, то это не относится к нежелательным поступкам (макрух). Хотя, и в таком случае  желательно совершать намаз с головным убором.Потому что намаз основывается на хушуъ (т.е.состояние богобоязненного смирения перед Аллахом)»[1].

Итак,желательносовершать намаз в тюбетейке. Но, также правильно намаз того, кто совершает его без тюбетейки.Истина ведомо лишь Аллаху!

http://islam.kz/",[1] Шурнубулали – Имдадул Фаттах «Макрухатус сала».  390 стр.,November,11,2014,28,2014-11-28,2026-01-08,4059,Safar
Относится ли к нифасу кровянистые выделения после аборта?,https://islam.kz/ru/questions/dlya-jenshin/otnositsya-li-k-nifasu-krovyanistye-vydeleniya-posle-aborta-44/,"27 ноября 2014 г., 15:37",21395,14,"Ассаляму алейкум! Пусть Всевышний будет доволен Вами! На 3-хмесячном сроке беременности ребенок, находясь в утробе матери, прекратил жизнедеятельность. Вследствие этого женщине сделали операцию по чистке матки. Мой вопрос звучит следующим образом: Относятся ли к нифасу кровянистые выделения после аборта? Можно лиженщинесовершать намаз в эти дни? Заранее благодарю за ответ. Наз.","Уа алейкум ассалям! Госпожа Наз, для того, чтобы считать нифасом[1] кровянистые выделения после выкидыша, мы смотрим плод. Если плод, имеет признаки человека (сформированы кисти рук или же такие органы, как волосы и ногти), то эти кровянистые выделения считаются нифасом.

А если человеческие органы еще не сформировались, то в шариате эти кровянистые выделения не считаются нифасом. Но имеют отношение к  хайду,  если происходят именно в те дни, совпадающие со временем менструального цикла. Женщине в состоянии хайда и нифаса не нужно совершать намаз.

Если время появления кровянистых выделений не совпали со временем менструального цикла, то это истихада[2][3]. В этом случае, нужно совершать намаз,  предварительно осуществив омовение.

www.islam.kz","[1] Послеродовое кровотечение.
[2]Истихаза: Так называется кровотечение, вызванное болезненным состоянием, и которое не является ни менструальным, ни послеродовым кровотечением. Кровь “Истихаза” не мешает исполнению молитвы, отправления поста и других видов поклонений. Также не является препятствием и для половой близости с мужем.
По мазхабу Ханафи к крови Истихаза причисляется кровотечение, продолжающееся менее трех суток. Таким кровотечением является и кровотечение, продолжающееся более 10-ти дней у женщин в состояние “Хайыз”. Или послеродовое кровотечение, которое продолжается более 40 дней. Сюда же относится кровотечение у девочек, которым менее 9-ти (девяти) лет, и у женщин в возрасте более 55-ти лет.
[3]Ал-Фатауаль хиндия – 1/42стр.",November,11,2014,27,2014-11-27,2026-01-08,4060,Safar
"Какую мольбу (дуа) нужно читать,  чтобы торговля пошла в гору?",https://islam.kz/ru/questions/torgovlya/kakuyu-molbu-dua-nujno-chitat-chtoby-torgovlya-poshla-v-goru-43/,"26 ноября 2014 г., 11:14",554952,47,"Ассаламу алейкум! Отправляю вам письмо по просьбе одного человека. Я читала в одной газете, что для привлечения прибыли нужно написать «мольбу коркай» на 4-ех листах бумаги и повесить их по углам магазина так, чтобы никто не увидел, одним словом нужно спрятать ее в 4 углах магазина. Также ее нужно выучить наизусть и произносить перед входом в магазин. Насколько правильны такие меры стимулирования торговли, и какие еще есть мольбы (дуа) для этого случая? Какую мольбу нужно читать для удачной торговли? Спасибо. Алия.","Уаалейкум ассалям, Алия! Мы не встретили каких-либо сведений о запрашиваемой вами мольбе (дуа). Хотя, приводятся достоверные хадисы, в которых Пророк (да благословит его Аллах и приветствует), пожелав благоденствия в торговле жителям г. Медины, читал следующую мольбу (дуа):

«Аллахумма, барик лахум фи Микялихим. Уа барик лахум фи Саъихим уа муддихим»[1]

اللَّهُمَّ بَارِكْ لَهُمْ فِي مِكْيَالِهِمْ ، وَبَارِكْ لَهُمْ فِي صَاعِهِمْ ، وَمُدِّهِمْ يَعْنِي أَهْلَ الْمَدِينَةِ

Значение:«О, Аллах! Одари благоденствием (благодатью) весы и вещи, которые были взвешены на них».

Человек, который желает кому-то благодатной торговли, должен произнести:«Аллахумма, барик лаху фи Микялихи. Уа барик лаху фи Саъихи уа муддихи»,

А, тот, кто читает для благодати собственной торговли, произносит следующее:

«Аллахумма, барик ли фи Микялии. Уа барик ли фи Саъии уа муддии»,

Изменение в тексте обусловлено грамматикой арабского языка.

Еще один важный момент, который следует отметить, мольба благоденствия произносится устно, и нет необходимости прятать ее в уголках магазина.

Вдобавок, если хотите чтобы торговля была благодатной, то нужно помнить о нижеследующих требованиях:

http://islam.kz/","[1] Сахих Бухари, Китабуль буйюъ
[2] Ахмад ибн Ханбал.
[3] Сура Ибрахим, 7-аят.
[4] Сура Бакара – 276 аят.",November,11,2014,26,2014-11-26,2026-01-08,4061,Safar
Войдет ли в рай верный своей религии христианин или иудей?,https://islam.kz/ru/questions/veroubejdenie/voidet-li-v-rai-vernyi-svoei-religii-hristianin-ili-iudei-42/,"25 ноября 2014 г., 11:35",45231,36,"Ассалаумагалейкум уа рахматуллахи уа баракятух! У меня такой вопрос, если христианин или иудей будучи праведным честным и добрым, останется при своей религий до смерти, то куда он попадет в Рай или Ад? Арман.","Уа алейкум ассалям уа рахматуллахи уа баракатух! Уважаемый Арман, мы судим людей по их внешнему виду, по их действиям, и по жизненным позициям. Его внутренний мир известен лишь Всевышнему Аллаху. Теперь перейдем к вопросу. Мы искренне надеемся, что Всевышний Аллах проявит милосердие к тем, кто живет в обществах, где ислам вовсе не известен или известен в искаженном виде и тем, кто живет среди приверженцев другой религии, и нет никакой возможности познать Ислам в истинном виде. А тот, кто, имея возможность познать ислам, проявит равнодушие, упрямство и горделивость и не признает Ислам, как последнею религию, ниспосланное Всевышним Аллахом, и тот, кто не примет Пророка Мухаммеда (да благословит его Аллах и приветствует) и его посланническую миссию не войдёт в рай[1]. Потому что Творец Всего Сущего в Священном Коране говорит:

«От того, кто ищет иную религию помимо Ислама, это никогда не будет принято, и в Последней жизни он окажется среди потерпевших урон»[2].

В другом аяте говорится следующее:

«Не уверовали те, которые говорят: ""Аллах - это Мессия, сын Марьям (Марии)"". Мессия сказал: ""О сыны Исраила (Израиля)! Поклоняйтесь Аллаху, Господу моему и Господу вашему"". Воистину, кто приобщает к Аллаху сотоварищей, тому Он запретил Рай. Его пристанищем будет Геенна, и у беззаконников не будет помощников». «Не уверовали те, которые говорят: ""Аллах является третьим в троице"". Нет божества, кроме Единственного Бога! Если они не отрекутся от того, что говорят, то неверующих из их числа коснутся мучительные страдания»[3].

Достопочтенный Пророк в одном из своих священных хадисов относительно этого вопроса сказал следующее:

«Клянусь Тем, в Чьей Длани моя душа, любой из моей уммы, будь он иудей или христианин, кто услышит обо мне, затем умрет, не уверовав в то, с чем я был послан, то будет из обитателей огня!»!»[4] .

Но это не означает, что нельзя жить в дружбе и единстве с приверженцами других религии.  Нет ничего предосудительного в дружбе с иноверцами, у которых нет злого умысла в отношении мусульман, и живут с ними в мире и согласии. Потому что в Коране говорится:

«Аллах не запрещает вам быть добрыми и справедливыми с теми, которые не сражались с вами из-за религии и не изгоняли вас из ваших жилищ. Воистину, Аллах любит беспристрастных»[5].

В нашем обществе, где представители нескольких религий строят добрососедские отношения между собой, нужно жить, не создавая конфликтных ситуаций, относиться к немусульманам как к родным, поддерживать сними добрые отношения, потому что это - Божье веление. Об этом нужно всегда помнить. Истина ведомо лишь Аллаху.","[1] К.Жолдыбайулы - Имани гүл. Алматы, 2011 г.
[2] Сура №3 «Семейство Имрана» 85аят.
[3] Сура №5 «Аль-Маида (Трапеза)» 72-73 аяты
[4] Муслим; Ахмад, 8594
[5] Сура №60 «Аль-Мумтахина» 8 аят.",November,11,2014,25,2014-11-25,2026-01-08,4062,Safar
Можно ли надевать ичиги через час после совершения омовения?,https://islam.kz/ru/questions/poklonenie/omovenie/mojno-li-nadevat-ichigi-cherez-chas-posle-soversheniya-omoveniya-40/,"22 ноября 2014 г., 9:41",6069,22,"Ассаляму алейкум! Я хотел узнать, можно ли надевать ичиги через час, после совершения омовения, и после должен ли я буду делать масх на ичиги или совершить омовение и омыть ноги?  Абылайхан.","Уаалейкум ассалям! Абылайхан, человек в ичигах совершает протирание, срок действия, которого для человека, не находящегося в пути, составляет сутки (24 часа).  Срок начинается со времени нарушения совершенного омовения.

Например, если после восхода солнца нарушится состояние ритуальной чистоты у того, кто надел ичиги, совершив омовение во время утренней молитвы, то срок протирания на ичиги начинается с этого момента, а не после утреннего омовения.

Это значит, что можно надевать ичиги,  до нарушения совершенного омовения.

Например,  тот,  кто совершал омовение для утреннего намаза и не нарушил его после восхода солнца, то ему можно надевать ичиги, при этом нет необходимости мыть ноги заново [1].

А, если у человека нарушилось состояние ритуальной чистоты до того, как он надел ичиги, то тогда ему сначала следует совершить омовение, только после надевать ичиги.

Итак, вывод по вашему вопросу звучит следующим образом: если после совершения омовения, в течение часа не нарушится ритуальная чистота, то можно надевать ичиги.

http://islam.kz/","[1]Аль-Бухари, ал-Мухит – 1/176 стр.",November,11,2014,22,2014-11-22,2026-01-08,4065,Muharram
Можно ли делать масх на сапоги?,https://islam.kz/ru/questions/poklonenie/omovenie/mojno-li-delat-mash-na-sapogi-39/,"20 ноября 2014 г., 12:04",10768,23,"Из-за работы я пропускаю много намазов. Главная причина, нужно совершать омовение, но я постоянно должна находиться с коллегами. Я бы не хотела пропускать намазы. После работы я настолько устаю, что во время совершения намаза постоянно путаюсь. Я хотела спросить, разрешается ли утром совершать омовение, а на последующих намазах делать масх на сапоги?Гульсара Шалкар","Уважаемая Гульсара, обычные сапоги, которые мы носим, соответствует требованиям ичиги («хуффы» или «масх»). Точнее сказать, это обувь которая покрывает ногу до щиколоток и в таких сапогах  можно пройти расстояние больше 5 км, и не поврежденные (то есть, на них не должно быть повреждения размером с три мизинца ноги). Поэтому мы считаем, что в вашем случае делать масх на сапоги можно.

Только нужно помнить о трёх требованиях:Во-первых,сапоги нужно надеть при полном омовении. Потому что, на сапоги, надетые в состоянии осквернения, не делается масх.Во-вторых,необходимо не снимать сапоги, потому что, если вы снимете сапоги, после того как  испортится ваше омовение, нужно заново мыть ноги.В-третьих, сапоги должны быть очищены от нечистот, потому что если сапоги осквернены нечистотами, то нельзя в них совершать намаз.

Передают со слов Абу Са’ида, что Пророк, (да благословит его Аллах и да приветствует) сказал:«Если кто-нибудь из вас пришел в мечеть, то пусть перевернет свою обувь и посмотрит на нее, если увидит грязь, то пусть вытирает о землю и пусть молится в ней»(Абу Дауд 650).Истина известна лишь Аллаху!

http://islam.kz/",,November,11,2014,20,2014-11-20,2026-01-08,4067,Muharram
Можно ли пить Dizzy и Red Bull?,https://islam.kz/ru/questions/raznoe/mojno-li-pit-dizzy-i-red-bull-38/,"18 ноября 2014 г., 10:14",35586,24,"Ассаламу алейкум уа рахматуллахи уа баракатух! В повседневной жизни можно встретить компанию молодых людей, в руках которых присутствует бутылка Диззи. Так как данный напиток относится к безалкогольным, можно ли его пить? Спасибо. Жамбыл.","Уаалейкум ассалам уа рахматуллахи уа баракатух! Жамбыл, для того, чтобы относить определенный напиток к категории запретных шариатом, напиток должен иметь опьяняющее свойство или приносить вред здоровью. Специалисты сейчас отмечают, что энергетические напитки, как диззи, приносят значительный вред здоровью. Поэтому, мусульманину нежелательно увлекаться подобными напитками.

Об этом специалисты говорят следующее.

Кадырбек ЕСИМОВ, врач-педиатр:

-Энергетические напитки очень опасны для человеческого организма, нельзя употреблять их каждый день. Из-за частого употребления впоследствии страдает нервная система человека, а если «смешивать» их вместе с пивом, то человек может быстро опьянеть. Эти напитки сначала были предложены спортсменам, для повышения их выносливости. Но, его сейчас часто пьют и молодежь, и школьники.

Сауле ДИХАНБАЕВА, доктор медицинских наук, профессор:

-К сожалению, обсуждения депутатов на счет этого вопроса и слова тревоги врачей, которые, приводя конкретные доводы о негативном воздействии на человеческое здоровье этих напитков, выражающие беспокойство, остались только на словах. В этом случае возникает логичный вопрос «Почему вредные энергетические напитки не попадают под запрет, чем это обусловлено?» Вопрос до сих пор остаётся открытым. Как бы там не было, энергетические напитки приносят немало вреда для здоровья, об этом говорят специалисты, а не мы(1).

http://islam.kz/",,November,11,2014,18,2014-11-18,2026-01-08,4069,Muharram
Можно ли курить электронные сигареты?,https://islam.kz/ru/questions/raznoe/mojno-li-kurit-elektronnye-sigarety-37/,"17 ноября 2014 г., 10:51",48757,19,"Ассаляму алейкум! Мой брат очень много курит. Он намеревается совершать намаз, но говорит, что не может отказаться от курения. Я слышал, что если человек начнёт курить электронные сигареты, то со временем бросит курить обычные сигареты. Разрешено ли шариатом курить электронные сигареты или же его постоновление  схоже  с выводом шариата относительно обычных сигарет.Жақсылық.","Уа алейкум ассалям! Жаксылык, постонавление шариата относительно сигарет известно всем. Так как сигареты приносят существенный вред здоровью, она относится к запретным вещам. Потому что в Коране Всевышний Аллах сказал: «Не обрекайте себя на гибель»[1], т.е. из этого аята можно понять, что употреблять то что вредит нашему здоровью и предоставляет опасность для жизни не правильно. А, для того, чтобы узнать насколько вредна для здоровья и жизни определенная вещь, мы обратимся к медицине.

А, относительно вашего вопроса насчет электронных сигарет,  в 2008 годуВсемираня организация здравоохранения (ВОЗ) заявила о следующем постановлении: «ВОЗ не распологает научными данными, подтверждающими безопасность и эффективность этого изделия. Его продавцы должны незамедлительно убрать со своих веб-сайтов и из других информационных материалов любые утверждения о том, что ВОЗ рассматривает его в качестве безопасного и эффективного средства, облегчающего прекращения курения».

А также, Управление по контролю качества продуктов и лекарств США в ходе исследований, в 19 разновидностях картриджей для электронных сигарет обнаружил химические соединения, такие как«канцероген»и «диэтиленгликоль»,которые увеличивают вероятность развития онкологических заболеваний.

Эксперт ВОЗ дуглас Бетчер, Председатель Антитабачной коалиции Кирилл Данишевский, Директор Национального Центра Голландии по контролю за потреблением табака Лиз Ван Грип  советуют не употреблять этот вид сигарет. 2008 году продажи электронных сигарет запрещены в Дании[2].

На сегодняшний день, согласно сведениям вышеназванных официальных органов, некоторые ученые Ислама вынесли вывод, что нельзя употреблять электронные сигареты[3]. Итак, мы хотим вам сказать, пусть ваш брат возьмет себя в руки, обуздает свой нафс и постарается бросит вредную привычку своими силами, чем будет пытаться присечь вредное вредным путем. Потому что, практика показывает, что если искренне вознамериться, то можно бросить опасную привычку.","[1] Бакара – 195.
[2] http://ru.wikipedia.org/wiki/Электронные сигареты
[3] Профессор Доктор Хайреддин Караман: Elektronik sigara.",November,11,2014,17,2014-11-17,2026-01-08,4070,Muharram
Дозволено ли шариатом присутствие мужа во время родов?,https://islam.kz/ru/questions/semya/semya/dozvoleno-li-shariatom-prisutstvie-muja-vo-vremya-rodov-36/,"14 ноября 2014 г., 9:02",17600,38,"Иногда я слышу,о присутствии мужа при родах жены.Как относится к этому ислам? По-моемумужу лучше не присутствовать во время этого процесса. Как вы считаете? Максат.","Уважаемый Максат, если вас интересует вопрос «Является ли присутствие мужа при родах грехом?», то с точки зрения шариата это не считается грехом, но и не является обязательным.

Но, нужно учитывать, вероятность влияния процесса на психику мужа, ведь он, увидев мучения жены от сильной боли, может впасть в депрессию. Согласно сведений британских учёных, которые провели несколько исследований, присутствие мужа на «партнёрских родах» может негативно отразиться на «мужском здоровье». Проводив опрос среди присутствовавших при родах мужчин, британские учёные выяснили, мужчина, присутствовавший при родах жены, испытывает стресс. Также есть группа людей, которые верят в утверждения, что присутствие мужа при родах укрепит отцовскую ответственность.  Поэтому, в этом вопросе парам нужно принимать решение, обсудив его между собой и посоветовавшись с врачом.

http://islam.kz/",,November,11,2014,14,2014-11-14,2026-01-08,4073,Muharram
Можно ли жениться на матери девушки с которой раньше встречался?,https://islam.kz/ru/questions/semya/nikyah/mojno-li-jenitsya-na-materi-devushki-s-kotoroi-ranshe-vstrechalsya-35/,"13 ноября 2014 г., 10:48",5943,16,"Ассаляму алейкум уа рахматуЛлахи уа баракятух! Уважаемый коллектив сайта, я извиняюсь за свой неприятный вопрос, но я вынужден задать вам его, потому что это важно для меня. Прошу вас ответить с доказательствами из Корана и хадисов. Мне крайне необходимы ваши советы... Мой вопрос звучит так: Если парень раньше встречался с одной девушкой, и страстно целовал её (не вступая в интимную близость), будучи с ней не в браке, разрешается ли ему жениться на её матери? Спасибо.","Уаалейкум ассалям уа рахматуЛлахи уа баракятух! Для начала нужно отметить, что страстно целовать чужую женщину или прикасаться к ней, обнимать её по шариату считается греховным деянием. Мусульманин, который совершил такой проступок, должен искренне покаяться в совершенном.

Так как, такие случаи имеют место в обществе, шариат вынужден изложить своё решение. Поскольку это важно, вы имеете право знать решение шариата. Как говорится, что естественно, то не безобразно, как бы это не звучало некрасиво, мы сочли правильным обнародовать решение шариата относительно этого вопроса.

По Ханафитскому мазхабу, если кто-то со страстью поцелует женщину или прикоснётся к ней (даже если не вступит с ней в интимную близость), то ему навсегда запрещается вступать брак с матерью или с дочерью этой женщины. В книге Ибн Аби Шайба приводится следующий хадис Пророка (да благословит его Аллах и приветствует):«Если кто-то с пристрастием посмотрит на половые органы одной женщины, то ему запрещается жениться на её матери  и дочери»(1).

А также, согласно сведениям сподвижник Абдулла ибн Омар (р.а.) сказал:«Если один мужчина вступал в интимную близость с одной женщиной или с особым пристрастием целовал её или ласкал, или если с пристрастием смотрел на её половые органы, то ему запрещается вступать в брак и с матерью и с дочерью этой женщины. А также запрещается вступать в брак с этой женщиной его отцу или сыну»(2).

www.islam.kz/","[1] Ибн Аби Шайба, аль-Мусаннаф.
[2] Ибнул Хумам, Фатхуль кадир - Китабун никах.; аль-Биная фи шархиль-Хидая; Аль-Кәсәни - Бадаиъу: Китабун никах; Алиюль Кари: Фатхуль Ъиная – Китабун никах.",November,11,2014,13,2014-11-13,2026-01-08,4074,Muharram
"Можно ли выходить замуж за парня, не совершающего намаз?",https://islam.kz/ru/questions/semya/nikyah/mojno-li-vyhodit-zamuj-za-parnya-ne-sovershayushego-namaz-34/,"12 ноября 2014 г., 9:42",8163,29,"Ассаляму алейкум уа рахматуЛлаhи уа баракатух! Вот уже 3-4 года, как я совершаю пятикратный намаз, приучив себя не пропускать его. Я уже давно совершеннолетняя и хотела бы выйти замуж и создать семью. Есть один парень, претендующий на мою руку и сердце. Он не совершает намаз. Именно это обстоятельство и откладывает моё согласие. Я знаю, что нельзя выходить замуж за не мусульманина. А как относится шариат, к выходу замуж за парня, который будучи мусульманином, не совершает намаз?  Шырын","Уаалейкум ассалям уа рахматуЛлаhи уа баракатух! Госпожа Шырын, по ханафитскому мазхабу парень, за которого девушка собирается выйти замуж, во-первых, не должен быть ниже женщины в своем происхождении, во-вторых, должен быть в состоянии выплатить ей брачный дар (махр) и содержать ее в будущем, в-третьих, должен соответствовать ее религии и благочестивости.[Майдани, Любаб – 3/13 стр.].Потому что Пророк (да благословит его Аллах и приветствует) сказал: «Выдавайте женщин за тех, кто им подходит...».[Сунан ад-Дарукутни, Китабун Никах – 3545 хадис.].Если девушка выйдет замуж за не подходящего парня, с целью предотвратить вред от брака, её опекун может потребовать расторжение брака, обратившись в суд.[Аз Зубайди, Аль-Жаухаратун Нира: Китабун Никах – 668 стр.]В таком случае, такой религиозной девушке, как вы, по возможности, следует выбрать мужа, который мог бы быть опорой не только с материальной точки зрения, но и с духовной... Однако, последнее слово за вами.

http://islam.kz/",,November,11,2014,12,2014-11-12,2026-01-08,4075,Muharram
"Является ли грехом работать пилотом в самолёте, где разносят спиртные напитки?",https://islam.kz/ru/questions/raznoe/yavlyaetsya-li-grehom-rabotat-pilotom-v-samolete-gde-raznosyat-spirtnye-napitki-33/,"11 ноября 2014 г., 10:08",5174,13,"Ассаляму алейкум! Как известно, на борту самолёта разносят спиртные напитки, не является ли грехом работать в таких самолётах лётчиком (пилотом)? Как относится к этому Ислам? Нұрбек Дүймұхан.","Уаалейкум ассалям уа рахматуллахи уа баракятуху! Уважаемый Нурбек, профессия лётчика сама по себе халяльный вид работы. Принимая во внимание только тот факт, что там разносят спиртные напитки, мы не можем считать эту профессию запретной. Потому что пилот не занимается именно разносом спиртных напитков.

Если мы, учитывая совершаемые запретные действия третьими лицами, будем запрещать мусульманам занимать халяльные должности, хотя, они не были напрямую инициаторами запретных действий, несомненно, мы загоняем в угол религиозных людей. Всевышний Аллах не желает тягостей своим рабам.

Но, человек, работающий пилотом, должен быть хотя бы внутренне против употребления спиртных напитков на борту самолёта. Ведь Пророк (да благословит его Аллах и приветствует) говорил:

«Пусть тот из вас, кто увидит порицаемое, изменит это собственноручно, если же он не сможет (сделать) этого (пусть изменит это) своим словам, а, если не сможет (и этого), то – своим сердцем, и это будет наиболее слабым (проявлением) веры».[Сахих Муслим. Китабул Иман].

www.islam.kz/",,November,11,2014,11,2014-11-11,2026-01-08,4076,Muharram
Как относится Ислам к ношению галстука?,https://islam.kz/ru/questions/raznoe/kak-otnositsya-islam-k-nosheniyu-galstuka-32/,"10 ноября 2014 г., 10:23",10123,55,Каковопостановление шариатаотносительно ношения галстука?Сырым Жақсылықов.,"Уважаемый, Сырым! Название «галстук» в русском языке произошло от нидерландского «halsdoek»и немецкого «Halstuch», что означает «шейный платок».

Одними из первых галстуки носили древние китайцы.  Вельможи и воины завязывали на шеи повязки, напоминающие по форме современные галстуки.

Однако, настоящей победой этого символа мужского гардероба принято считать 1635 год, именно тогда Франция стала первым законодателем моды на галстук.

А теперь, перейдём к вопросу относительно постановления на ношение галстука. По словам современных учёных вопрос о ношении галстука напрямую связан с намерением мусульманина. Если он носит галстук с намерением походить на европейцев, то носить галстук запрещается. А если он носит галстук как аксессуар, который принято носить местным мужчинам, то дозволено.[Проф.Доктор У.Зухайли, фатауа мугасыра, 344 стр].

На сегодняшний день носить галстук стало привычным делом не только для европейцев, но и для мусульман, поэтому нет ничего предосудительного в увлечении мусульманина носить галстуки.

www.islam.kz",,November,11,2014,10,2014-11-10,2026-01-08,4077,Muharram
Можно ли читать Коран с мобильного телефона без тахарата (омовения)?,https://islam.kz/ru/questions/poklonenie/omovenie/mojno-li-chitat-koran-s-mobilnogo-telefona-bez-taharata-omoveniya-29/,"9 ноября 2014 г., 11:12",79737,95,"Подскажите, можно ли читать аяты Священного Корана, загруженные на электронные гаджеты (мобильный телефон, планшет, компьютер), без тахарата (омовения) ?","Читать аяты Корана, загруженные на электронный носитель – планшет, телефон, компьютер или другой гаджет, можно, не совершая омовения. Потому что в этом случае руки читающего прикасаются не к Корану, а к экрану.

Однако, в состоянии нечистоты, как  нифас, хайыз или джунуб, разрешено пользоваться этими гаджетами, брать в руки, но читать Коран нельзя.

В этой связи у некоторых может возникнуть резонный вопрос: «Можно ли заходить в туалет с телефоном, на котором имеются загруженные аяты Корана?» В таких случаях, можем сказать, что заходить с телефоном в отхожие места разрешено, нужно только проследить, чтобы на экране не было аятов Корана, открытых для чтения, например.

www.islam.kz",,November,11,2014,9,2014-11-09,2026-01-08,4078,Muharram
Отчего шумит в ушах?,https://islam.kz/ru/questions/raznoe/otchego-shumit-v-ushah-31/,"8 ноября 2014 г., 9:59",37705,17,"Ассаляму алейкум! Я как-то читала в одной статье, что шум в ушах имеет свои причины, также есть хадисы об этом. Прошу вас дать более подробный ответ. Айнель Бермағамбет

Здравствуйте! Есть ли в религии подтверждения того, что если шумит в правом ухе, то нас хвалят, а если шумит в левом ухе, то нас хулят. Раушан","Уаалейкум ассалям! В некоторых книгах хадисов относительно шума в ушах приводится «слабый» риваят. Согласно этим книгам Пророк (да благословит его Аллах и приветствует) сказал следующее:«Если у кого-то звон в ушах, пусть поминает меня ипризовёт на меня благословение (салават). И пусть скажет так: «О, Аллах! Ты тоже поминай добрым словом того, кто поминает меня добрым словом».[Ал-Байхаки: ал-Даъауатул Кубра - №417 хадис.; Ат-Табарани: ал-Муъжамул Аусат - №9455, ал-Муъжаму ас-Сагир –№1101].

Некоторые учёные хадисоведы названный риваят относят к «слабым», а некоторые вовсе считают его «выдуманным хадисом».[Ал-Фауаидул Мажмуъати лиш-Шаукани - №516].

Но влиятельный хадисовед Ал-Хафиз ал-Хайсами (р.а.) оценивает вышеуказанный хадис как «хасан» хадис(хороший хадис).[Ал-Хафиз ал-Һасами: Мажмаъу аз-Зауаид – Китабуль  Азкар – №17142].

В этом риваяте есть намёки на то, что причиной шума в ушах может быть поминания кем-то вас. Но всё же, наиболее точное объяснение звону в ушах нужно искать в медицине, а не в похвале или порицаниидругого человека. В любом случае, если при шуме в ушах будем призывать благословение (салават) на Пророка (да благословит его Аллах и приветствует) это не будет ошибкой. Истина известна лишь одному Аллаху!

www.islam.kz",,November,11,2014,8,2014-11-08,2026-01-08,4079,Muharram
Говорится ли в шариате о завешивание зеркал после смерти?,https://islam.kz/ru/questions/veroubejdenie/govoritsya-li-v-shariate-o-zaveshivanie-zerkal-posle-smerti-30/,"7 ноября 2014 г., 14:41",71359,12,"Почему завешивают зеркало в доме умершего, есть ли в этом основа шариата?Мирас Кесебай","Уважаемый Мирас, запрашиваемый вами вопрос не имеет фактических оснований в шариате. Такая примета имеет место у древних славянских народов. Значение её объясняют по-разному. В одном из них говорится, что зеркало является символом раздвоения действительности и рассматривается как мост, как средство связи между земным и потусторонним миром.

Поэтому, когда умирает человек, занавешивали все зеркала в доме и держали закрытыми в течение трёх дней. Считается, что в течение трех дней с момента смерти душа способна возвращаться к покинутому телу. Если, попав в помещение, она отразится в открытом зеркале, то якобы, навсегда затеряется в его лабиринте и уже не сможет идти дальше.

Такая примета в исламе не имеет подтверждений. Верить в это и завешивать зеркала в доме умершего не правильно. Ничего из вышеназванного не может служить мостом между земным и потусторонним миром. Также дух человека после смерти не возвращается в этот мир. Об этом в Коране говорится следующее:

Когда же смерть подступает к кому-нибудь из них, он говорит: «Господи! Верни меня обратно. Быть может, я стану совершать праведные поступки, которые я отбросил». Но нет! Это — всего лишь слова, которые он произносит. Позади них будет преграда вплоть до того дня, когда они будут воскрешены. [Сура Аль-Му’минун, 99-100 аят].

Абдусамат Касым,www.islam.kz",,November,11,2014,7,2014-11-07,2026-01-08,4080,Muharram
"Как совершить омовение, если наложен гипс на руках или на ногах?",https://islam.kz/ru/questions/poklonenie/omovenie/kak-sovershit-omovenie-esli-nalojen-gips-na-rukah-ili-na-nogah-28/,"5 ноября 2014 г., 10:32",17782,12,"Ассаламу алейкум! Я хотелспросить, каким образом должен совершать омовение тот, у кого на ногах или на руках наложен гипс? Азамат.","Уа алейкум ассалам, Азамат! Раньше при переломе ног или рук для обездвижения травмированных конечностей накладывалась шина из твёрдого подручного материала (напр.: палка, железо). Это называется «Жабира». В книгах фикха об этом говорится следующее:

«Если Жабира охватывает и ту часть тела, которая не травмирована, или если случился порез вен и повязка охватывает и здоровую часть тела, то омовение совершается следующим образом: если умывание раны или снятие повязки принесёт вред заживлению раны, то достаточно охватывая травмированную часть тела протирать поверх повязки»[Али ал-Кари: Фатхуль Ъиная – 1/109 стр.; ал-Ъайни: Ал-Биная – 1/613 стр.].

В связи с этим приходим к следующему заключению, если на руках или на ногах наложен гипс, то та часть тела, которая подлежит омовению, протирается поверх гипса мокрыми руками. Например: при умывании ног, ноги протираются влажной (здоровой) рукой от кончиков пальцы ног до щиколотки. В случае если гипс наложен на область щиколотки, а кончики пальцев открыты, то умываются только открытые кончики пальцев. Травмированная загипсованная часть протирается поверх повязки.

www.islam.kz",,November,11,2014,5,2014-11-05,2026-01-08,4082,Muharram
"Мне постоянно не везёт, что делать?",https://islam.kz/ru/questions/raznoe/mne-postoyanno-ne-vezet-chto-delat-27/,"3 ноября 2014 г., 10:23",8730,27,"Cкажите, пожалуйста, как можно избавиться от меланхолии, от неуверенности в себе? Я считаю, что мне постоянно не везёт… Как можно преодолеть эту горечь, которая сидит внутри тебя?","Для того чтобы избавиться от неуверенности, поставьте перед собой какие-нибудь несложные задачи и попробуйте выполнить их. Постепенно завышайте планку, и со временем у Вас всё будет получаться.

Понятия же «невезение» в Исламе не существует. Всё, что происходит на этом свете, происходит лишь потому, что этого пожелал Всевышний. Ничто не происходит без Его воли! Во всём, что творит Аллах, есть мудрость. Порой Он насылает на нас всякого рода беды и несчастья, чтобы тем самым простить нам наши прегрешения и не наказывать на Том свете, а порой чтобы испытать нашу веру. А иногда и для того, чтобы уберечь от неправильных поступков. Если Вы потерпели так называемую неудачу, будьте уверены, что она коснулась Вас лишь по воле Всевышнего и для Вашей же пользы.

Мнение психолога:

Это обычное явление, с которым сталкивается почти каждый человек. Дело может быть в том, что Вы, пробуя себя в каком-либо деле, потерпели неудачу, и это заставило Вас поверить в то, что Вы неудачник. Не стоит так полагать, не все дела удаётся хорошо разрешить с первого раза, тут важно усердие. Начните с того, что Вы составите себе небольшой план действий, состоящий из несложных заданий. Тут важно учесть то обстоятельство, что лучше начинать с малого, а не пытаться сразу же свернуть горы. Постепенно, шаг за шагом, путём преодоления мелких преград у Вас начнёт расти чувство уверенности в себе, и, как следствие, пойдёт в рост самоуважение.

Неуверенность в себе чаще всего бывает следствием незнания, как вести себя в той или иной ситуации. Уделите внимание чтению художественной литературы, желательно классиков. В них содержится опыт разных людей и просматриваются различные судьбы других, что, несомненно, обогатит Ваши познания.

www.islam.ru",,November,11,2014,3,2014-11-03,2026-01-08,4084,Muharram
Можно ли растирать тело водкой?,https://islam.kz/ru/questions/meditsina/mojno-li-rastirat-telo-vodkoi-26/,"30 октября 2014 г., 12:09",19125,8,"Ассаламу алейкум! Вопрос: Если люди заболевают, особенно гриппом, при температуре сразу принимаются растирать тело водкой. Правильно ли так поступать? Использования водки в таких случаях не считается грехом? Особенно если заболевший человек совершает намаз? Сагингали.","Уа алейкум ассалам! Сагингали, прежде чем ответить на ваш вопрос нужно отметить следующее:

По словам Абу Ханифы и Абу Юсуфа (р.а.) к категории наджаса наряду с калом, мочой, и кровью относится только упомянутое в Коране вино из винограда. А другие опьяняющие напитки (даже если запрещены к употреблению) не считаются наджасом.

Также некоторые учёные из других мазхабов (Рабига, ас-Санаъани, аш-Шаукани и др.) считают сомнительным решением рассматривать все спиртные как природный наджас. По их мнению, слово «рижс» упомянутое в аяте, означает «не природный наджас» [1], т.е. употреблять алкоголь запрещено, но в случае попадание его на одежду или контакта с телом это не препятствует совершению намаза.

Но Имам Мухаммед и большинство учёных относят все опьяняющие напитки, как и вино, к категории «большого наджаса» [2].

Теперь сопоставляя эти мнения и принимая во внимания хадис Пророка, в котором говорится: «Нет исцеления для вас в запрещенных Аллахом вещах» [3],  мы пришли к заключению, что можно применять такой способ лечения только в том случае, если растирание водкой  ускоряет процесс снижения симптомов простуды, или, если  нет другого лекарственного средства для облегчения заболевания. Считаем, что на сегодняшний день найти аналогичный препарат в аптеках не для кого не составит труда.","[1]Ал-Маусугатуль Фикхия – 5/27 стр.
[2]Ибн Габидин: Раддуль Мухтар – 10/37 стр.;Ал-Маусугатуль Фикхия – 5/19 стр.
[3]Ал-Хайсам: Мажмаъ - №8287 хадис.",October,10,2014,30,2014-10-30,2026-01-08,4088,Muharram
Из скольки человек должен состоять джамаат?,https://islam.kz/ru/questions/poklonenie/molitva-namaz/iz-skolki-chelovek-doljen-sostoyat-djamaat-25/,"28 октября 2014 г., 10:58",11183,0,"Ассаляму алейкум уа рахматуллахи уа баракатух! Один брат, называющий себя салафитом сказал: «Один человек тоже может считаться джамаатом». Но ведь для того чтобы считаться джамаатом должен быть еще один человек помимо имама, который будет следовать за молитвой имама. Или это не так? Прошу вас разъяснить это? Пусть Аллах будет доволен вами!Kala Xanafi Mazxabi","Уагалейкум ассялям уа рахматуллаһи уа баракатуһ!Вообще если в намазе присутствует еще один человек помимо имама, будь это женщина или юноша, они будут считаться джамаъатом [1].

В доказательство приведем хадис из книги Сахих Бухари в теме: «Два и более человек – это джамаъат» говорится о том, что многоуважаемый Пророк поручил (да благославит его Аллах и приветствует) двум сподвижникам отправляющимся в путь: «…когда (в пути) настанет время молитвы, пусть один из вас призовёт вас к молитве, и пусть старший из вас руководит вашей молитвой» [2].

Также в книге хадисов Ибн Мажа есть следующий хадис:«Два и более человек считается джамагатом»[3].

http://islam.kz/ru/","[1] Ал Касани, Бадаиъ – 1/665 бет. Бейрут-Ливан.
[2] Сахих Бухари – Бабу Иснан фама фаукахүма жамаъа - №627 (Фатхул Бари)
[3] Ибн Мажа – 1/213 бет/ 972 хадис",October,10,2014,28,2014-10-28,2026-01-08,4090,Muharram
"Действительно ли полное омовение (гусуль), если на зубах стоят пломбы?",https://islam.kz/ru/questions/poklonenie/omovenie/deistvitelno-li-polnoe-omovenie-gusul-esli-na-zubah-stoyat-plomby-24/,"25 октября 2014 г., 11:56",10021,17,"Нужно ли принимать гусуль перед пломбированием зубов? Действительно ли полное омовение (гусуль), если на зубах стоят пломбы?","Так как пломбы ставят в лечебных целях, перед их постановкой, не обязательно принимать полное омовение (гусуль). Потому что пломба считается своего рода повязкой, только для зубов. В шариате если наложена повязка на рану и при умывании ее сняв повязки, принесёт вред заживлению ран, то их разрешено протирать поверх них, даже если повязка была наложена в состоянии осквернении (джунуб), также нет необходимости предварительного омовения[1].

Также в книге имама Аль-Маусули «Ихтияр ли Таглилиль Мухтар» говориться следующее:«Если на потрескавшиеся пятки нанести лекарственный препарат и если он препятствует доступу воды к кожи, достаточно сверху полить эти места водой»[2].

Поэтому, при полоскание рта, если вода не сможет проникнуть под пломбу и достичь самого зуба, это не означает что ваше полное омовение (гусуль) не действительно.","[1] Маусули, Ихтияр, 1том, 97 стр.; М.Исаулы, К.Жолдыбайулы, гылымхал, 87стр.;
[2]
www.almaany.com
Маусули, Ихтияр, 1том, 98 стр.;",October,10,2014,25,2014-10-25,2026-01-08,4093,Muharram
"Что нужно делать, если сбился со счета, сколько ракатов совершил?",https://islam.kz/ru/questions/poklonenie/molitva-namaz/chto-nujno-delat-esli-sbilsya-so-scheta-skolko-rakatov-sovershil-23/,"23 октября 2014 г., 11:28",49838,19,"Ассаламу алейкум! Иногда совершая намаз, сбиваюсь со счета, сколько ракатов совершил: два или три? Что нужно делать в таких случаях? Даурен","Уа алейкум ассалам! Даурен, этот вопрос  можно рассматривать в трёх случаях:

1. Человек, который, совершая намаз, ошибаетсяредко, если не знает, сколько ракатов совершил, ему необходимо заново совершить намаз. Сподвижник Абдуллла ибн Омар сказал:«Если я не знаю, сколько ракатов совершил, я заново совершаю намаз»[1].

2. Человек, которыйчастосбивается со счета, то он, совершая намаз должен руководствоваться превосходствующим (доминирующим) мыслям относительно того сколько ракатов он совершил. После должен совершить два дополнительных (саждаи саху) поклона.

Например, если человек  при совершении утреннего намаза, испытывает сомнение относительно того сколько ракатов было совершено им,но мысль о том что он совершилвсего одинракат преобладает, ему необходимо после совершения второго раката совершить еще два дополнительных поклона.

Пророк (да благославит его Аллах и приветствует) в одном хадисе сказал:«Если же кто-нибудь из вас станет испытывать сомнение относительно своей молитвы, пусть стремится к правильному и завершит свою молитву (исходя из этого,) потом произнесёт слова таслима, а потом совершит два (дополнительных) земных поклона»[2]».

3. Человек, которыйчастосбивается со счета при совершении намаза: если не предполагает, сколько ракатов было совершено им, ему нужно выбрать наименьший вариант. Но, этот человек должен во всех ракатах  выполнять молитву ташаххуд[3].Например, если совершая 4-х ракатный намаз, человек начинает сомневаться между первым и вторым ракатом, выбирает первый ракат.Также он должен во всех четырех ракатах выполнять молитву ташаххуд. В конце совершит два дополнительных поклона.

Пророк (да благославит его Аллах и приветствует) в одном из хадисов велел:«Если кто-то из вас забудется в намазе, и не будет знать, совершил ли он один ракаат или два, то пусть считает, что совершил один; если не будет знать, совершил ли он два или три ракаата, то пусть считает, что совершил два; если не будет знать, совершил ли он три или четыре, то пусть считает, что совершил три, а потом, перед приветствием пусть совершить два дополнительных земных поклона»[4].","[1] Ибн Аби Шайба: ал-Мусаннаф
[2] Сахих Бухари – ма жа филь кибла - №401 хадис.
[3] Ал-Биная – 2/630-634 стр.; Бадаиъ – 1/695-697 стр.; Ал-Ихтияр – 1/252 стр.; Омер Насухи Білмен – Ғылымхал.
[4] Тирмизи: абуабус саһуи– №398 хадис.",October,10,2014,23,2014-10-23,2026-01-08,4095,Dhu al-Hijjah
Должно ли быть одеяние по шариату «чёрного цвета»?,https://islam.kz/ru/questions/dlya-jenshin/doljno-li-byt-odeyanie-po-shariatu-chernogo-tsveta-22/,"22 октября 2014 г., 10:00",7199,9,"Здравствуйте! Что сказано в шариате об одеянии в чёрный цвет? У казахов есть запрет вроде «нельзя облочаться в чёрный цвет», значит,нельзя носить чёрный цвет? Нурсауле Алимжан","Здравствуйте, Творец повелел женщинам облачаться в определенную форму одежды[1], но нет предписаний что она должна быть чёрного цвета.

Согласно сведениям, после того как посланнику Аллаха был ниспослан 59 аят суры «Ахзаб», жёны ансаров оделись в чёрные платья[2]. Но этот хадис не обязывает одевать одежду исключительно чёрного цвета, только объясняет то что, «наряду с другими цветами можно носить одежду и чёрного цвета».

Итак, в нашей религий каждый согласно вкусу и предпочтениям может одевать одежду любого цвета, это – бесспорно.

Но, нужно отметить, что выбирая цвет одежды, нужно учытывать менталитет и традиций местного населения. Раньше у казахов в чёрный цвет облачались овдовевшие женщины, в качестве траура по умершему мужу [3]. Поэтому, не следует выбирать одеждуисключительночёрного цвета.

http://islam.kz/","[1] Сура Ан-Нур «Свет», 31 аят; Сура Аль-Ахзаб «Сонмы», 59 аят.
[2] Абу-Дауд -4101.
[3] Универсальный словарь казахского языка.",October,10,2014,22,2014-10-22,2026-01-08,4096,Dhu al-Hijjah
Как лучше пить воду сидя или стоя?,https://islam.kz/ru/questions/raznoe/kak-luchshe-pit-vodu-sidya-ili-stoya-21/,"21 октября 2014 г., 12:23",9242,25,"Ассаламуалейкум! Насколько мне известно, Пророк (да благословит его Аллах и приветствует) воспретил пить стоя. Прошу вас разъяснит суть запрета. Ермек.","Уа алейкум ассалам! Ермек, действительно есть несколько хадисов о запрете пить воду стоя. В частности,сообщает сподвижник Анас, от Пророка, что он воспретил мужчине пить стоя"". Катада сказал: ""И мы спросили: ""А еда?"" И он ответил: ""Это злее или мерзче""[1].

Также в одном хадисе Абу Хурайра говорил:«Посланник Аллаха, сказал: «Да не попьёт ни один из вас стоя! А кто забудет, тот пусть вызовет рвоту!»

Но нужно отметить, здесь  наставление«пусть вызовет рвоту»воспринимается не в качестве предписаний, поэтому не обязательно  вызывать рвоту[2].

Также, есть достоверные сведения, о том, что Пророк пил воду стоя. Например, в хадисе переданный Имамом Бухари  говорится: Хазрет Али умыл лицо и руки и оставшиеся воду выпил стоя и сказал:«Действительно люди считают неправильным поступком пить воду стоя, но Пророк сделал тоже самое (пил воду стоя)»[3]. Еще один сподвижник Абдулла ибн Омар передает:«Мы принимали пищу на ходу и пили воду стоя во времена Пророка»[4].

Анализируя вышесказанные хадисы, пришли к следующему выводу: пить воду стоя разрешается, так как сам Пророк допускал подобное, а смысл запрета означает, что человеку лучше пить воду сидя, нежели стоя.  Поэтому, лучше приучиться пить воду сидя. Сейчас наукой доказана, вода, выпитая в сидящем положении, лучше впитывается, что положительно влияет на  весь организм.

http://islam.kz/","[1] Муслим, ашриба - №2024-хадис.
[2] Муслим, ашриба - №2026-хадис. Шарх Имама Науауи
[3] Бухари, ашриба -№5293-хадис.
[4] Аскалани, Фатхуль Бари - №5293-хадис.",October,10,2014,21,2014-10-21,2026-01-08,4097,Dhu al-Hijjah
Можно ли стричь волосы женщинам?,https://islam.kz/ru/questions/dlya-jenshin/mojno-li-strich-volosy-jenshinam-20/,"20 октября 2014 г., 9:01",56592,21,"Ассалямуалейкум!  Можно ли стричь волосы женщинам? Я слышала, что женщина должна отращивать волосы, потому что они послужат ей покрывалом в Судный День…. Насколько правильно такое мнение? Шынар","Уа алейкумассалам! Женщинам разрешается по необходимости стричь волосы. Потому что в хадисе переданный сыном Абдрахман бин Ауфа, табиином и учёным Абу Саламом[1] говорится:

«Жены посланника Аллаха (Да благословит его Аллах и приветствует) укорачивали свои волосы настолько, что они становились подобны «аль-вафра» [2].

Это значит, что стричь волосы разрешено шариатом. Это утверждение поддерживает и хадисовед, учёный факих Имам Навави (да смилуется над ним Аллах)  который при пояснении этого хадиса сказал: «И в этом доказательство дозволенности укорачивания волос»[3].

Женщинам не запрещено стричь волосы, но главное, чтобы стрижка не походила на мужскую прическу.Потому что Пророк в одном из хадисов строго предупредил: «Трое не зайдут в рай: проявляющий непослушание к своим родителям, человек, который не ревнует к своей жене (дайюс), и женщина, которая уподобляется мужчине»[4]. Из этого хадиса следует следующий вывод  - женщина во всех отношениях не должна терять женственность.

А что касается второго вопроса, в шариате не говорится об этом.

http://islam.kz/","[1] Молочный сын Умму Кульсум, сестры матери правоверных Айши
[2] «Аль-вафра» – слово в арабском языке, характеризующее волосы, опускающиеся чуть ниже плеч, или волосы, доходящие до мочек ушей. Сахих Муслим, Китабуль Хайз, 320 хадис.
[3] Сахих Муслим шарх, Китабуль Хайз, 320 хадис. Шархуль Муслим, 4/5.
[4] Насаий, Китабуз Закат, 2562 хадис.",October,10,2014,20,2014-10-20,2026-01-08,4098,Dhu al-Hijjah
"Какое наказание понесет по шариату, тот, кто оставил намаз?",https://islam.kz/ru/questions/poklonenie/molitva-namaz/kakoe-nakazanie-poneset-po-shariatu-tot-kto-ostavil-namaz-16/,"19 октября 2014 г., 9:39",32161,130,Ассаламу алейкум! Некоторые люди оставляют намаз через какое-то время? Какое наказание по шариату ждет их? Жанайдар.,"Уа алейкум ассалам! Жанайдар, оставление намаза в нашей  религий большой грех. Есть несколько священных хадисов Пророка(да благословит его Аллах и приветствует),о греховности данного деяния. В частности, Пророк (да благословит его Аллах и приветствует), сказал сподвижнику Мугаз ибн Джабалу:

من ترك الصلاة متعمدا فقد برئت منه ذمة الله

«Тот, кто оставил молитву сознательно, тот лишился покровительства Аллаха»[1].

Также со слов сподвижника Абдулла ибн Ъамр,Пророк (да благословит его Аллах и приветствует), говоря о намазе, сказал следующее:

مَنْ حَافَظَ عَلَيْهَا ، كَانَتْ لَهُ نُورًا وَبُرْهَانًا وَنَجَاةً يَوْمَ الْقِيَامَةِ ، وَمَنْ لَمْ يُحَافِظْ عَلَيْهَا لَمْ يَكُنْ لَهُ نُورٌ وَلا بُرْهَانٌ وَلا نَجَاةٌ ، وَيَأْتِي يَوْمَ الْقِيَامَةِ مَعَ قَارُونَ وَفِرْعَوْنَ وَهَامَانَ وَأُبَيِّ بْنِ خَلَفٍ

«Тот, кто не будет соблюдать молитву, тот лишится нура (света), аргумента и спасения, и в Судный День будет вместе с Каруном, Фиргауном, Хаманом и Убеййей бин Халяфом»[2].

Также в одном хадисе говорится:

بين الرجل وبين الشرك والكفر ترك الصلاة

«Поистине, между человеком и ширком с куфром – оставление намаза»[3].

В этом хадисе говорится о том, что большая вероятность того, что тот, кто оставляет намаз легко поддается (шайтану) сатане и может впасть в заблуждение, что приведет к неверию. Потому что на ловушку Шайтана много попадаются те, кто не выполнял религиозные предписания (приказы религий), проявляя пренебрежение.

В Священном Коране об этом говорится следующее:

قَالَ رَبِّ بِمَآ أَغْوَيْتَنِي لأُزَيِّنَنَّ لَهُمْ فِي الأَرْضِ وَلأُغْوِيَنَّهُمْ أَجْمَعِينَ * إِلاَّ عِبَادَكَ مِنْهُمُ الْمُخْلَصِينَ

«Он сказал: «Господи! За то, что Ты ввел меня в заблуждение, я приукрашу для них земное и непременно совращу их всех, кроме Твоих искренних рабов»[4].

Однако человек не должен ошибаться думая, что лучше не начинать совершать намаз, чем грешить, оставляя его. Человек, который зная, что он обязан, не совершает намаз, тоже становится грешником.

Из этого следует, что оставление намаза – большой грех. Намаз – опора религий. Тот кто, равнодушно относится к намазу, у того в сердце ослабевает вера. Намаз – это свет души, который отдаляет нас от плохого и приведет к хорошему. Человек, у которого погас свет души подобно тому, у кого есть уши, но не слышит и есть глаза, но не видит.

Пусть Всевышний Аллах укрепит наши сердца в поклонении.

Абдусамат КасымПеревод с казахского З. Нокрабековой","[1] Табарани: Муъжамул  Кабир; Ахмад ибн Ханбал: Мүснад.
[2] Ахмад ибн Ханбал: Мүснәд. №1220
[3] Сахих Муслим: Китабул Иман - №82 хадис.
[4] Сура Хиджр–39-40 аяты.",October,10,2014,19,2014-10-19,2026-01-08,4099,Dhu al-Hijjah
Восполняется ли пропущенный витр-намаз?,https://islam.kz/ru/questions/poklonenie/molitva-namaz/vospolnyaetsya-li-propushennyi-vitr-namaz-19/,"18 октября 2014 г., 10:54",16442,10,"Ассаламу алейкум! Нужно ли при восполнении вечернего (иша)  намаза, возмещать и витр-намаз?Ерболат","Уаалейкум ассалам, Ерболат! В сборнике хадисов Абу Дауда приводится следующий хадис Пророка (да благословит его Аллах и приветствует):«Кто проспал витр–намаз или забылсовершит его, пусть совершит его, когда проснётся или вспомнит»[1].

Опираясь на этот хадис, учёные пришли к выводу, что человек «который восполняет вечерний намаз, также должен возместить и витр-намаз»2.

http://islam.kz/","[1] Абу Дауд: Китабус сала-бабу тафриъи абуабил уитри - №1431хадис.
[2] Бадаиг – 2/227стр.",October,10,2014,18,2014-10-18,2026-01-08,4100,Dhu al-Hijjah
Является ли выражение «Джума мубарак» нововведением?,https://islam.kz/ru/questions/veroubejdenie/yavlyaetsya-li-vyrajenie-djuma-mubarak-novovvedeniem-2/,"17 октября 2014 г., 11:28",24403,26,"Здравствуйте! Отправляю вам запрос по просьбе коллег. Последнее время мы встречаем людей, которые называют выражение «Джума мубарак» нововведением. Прошу вас, разъяснить этот вопрос. Что сказано в шариате насчет этого? Жамила Сатыбаева.","Здравствуйте! Уважаемая Жамила, для начала нужно отметить, то, что не противоречит нормам шариата и соприкасается с общими принципами ислама не является нововведением.

Ваш вопрос можно истолковать всесторонне:

Пятница-особый деньиз всех дней недели для мусульман.Потому Пророк в одном из хадисов отметил, что пятница является праздником:

«Воистину, это – праздничный день для мусульман, предназначенный Богом. Пусть тот кто, пожелает придти на Пятничную молитву, совершит омовение(и ему следует также)уделять особое внимание использованию мисуакаи пусть умаститься благовониями, если он (сможет) найти (их)[1]».

Приветствовать и говорить друг-другу хорошие пожелания в праздничные дни это обычай заложенный сподвижниками. В книге Фатхуль Бари ученый из табиинов (поколение мусульман, которые были учениками и последователями сподвижников пророкаМухаммада) Жабир ибн Нуфайр сказал следующее:«Когда сподвижники встречались в день праздника они говорили друг-другу: «Пусть Аллах примет наши намерения!»[2].

Итак, если считать пятницу праздничным днем, то поздравлять с наступлением пятницы и говорить пожелания - благое дело, а не нововедение (бидъа). Поздравительные словосочетания могут варьироваться в зависимости от традиций местного населения. Поэтому, нет ничего дурного в применении выражения «Джума мубарак», которое повсеместно распространился среди мусульманского населения.

«Джума мубарак» и «Пусть пятница будет благотворным» - все это добрые пожелания братьям и сестрам по религии. В нашей религии уделяется  особое  внимание  добрым пожеланиям  одного  человека  другому. Об этом есть несколько хадисов и аятов. В частности, в суре Хашр говорится следующее:

«А те, которые пришли после них говорят: «Господь наш! Прости нас и наших братьев, которые уверовали раньше нас! Не насаждай в наших сердцах ненависти и зависти к тем, кто уверовал. Господь наш! Воистину, Ты – Сострадательный, Милосердный» [3].

Также в одном хадисе переданный Сахих Муслимом говорится следующее: «Обращение мусульманина к Аллаху с мольбой за своего брата в тайне, сбывается. У головы его - ангел, приставленный к нему. Каждый раз, когда он молится о добре для своего брата, ангел, приставленный к нему, произносит: ""Амин! И тебе того же!""…» [4].

То, что пророк называет благородной молитвой, включает все молитвы и пожелания, а выделять из них какие-нибудь пожелания, называя нововведением, противоречит словам Пророка. Выражение «Пусть пятница наступит с благодатью!» «Пусть Аллах примет вашу пятничную молитву» - все это считается молитвой, мольба от Аллаха, за другого человека.

Также Пророк Мухаммед (да благословит его Аллах и приветствует) в нескольких хадисах призывал распространять среди людей «приветствие». Он (да благословит его Аллах и приветствует) в одном из своих хадисов:«Распространяйте приветствие, угощайте друг-друга и будьте братьями для друг-друга, как повелел вам Всевышний Аллах»[5].

Если проникнуть в суть хадиса, то можно понять, что хадис призывает нас всегда приветствовать друг-друга словами «Мир вами милостьАллаха». Приветствуя, вы желаете другу-другу здоровья. Как сказано в хадисе, это сближает и улучшает дружеские отношения.   Итак, почему бы тогда нам не употреблять выражение «Джума мубарак», которое порождает добрые и дружеские отношения между людьми?!

В заключение хочу сказать, наша религия считает, благим деянием, добрые пожелания и молитва мусульманина за своего брата. Хотя выражение-пожелание «Джума мубарак» не применялся во времена Пророка, это один из Его (да благословит его Аллах и приветствует) путей призыва к дружбе и братству. Аллаху аъләм!

http://islam.kz/","[1]Ибн Мажа, Китабу иқаматис Сала – №1098 хадис.
[2]Фатхуль Бари, Китабуль ъидайн, толкование №908 хадис.
[3] сура Хашр – №10 аят.; сура Мухаммад – №19 аят.; сура Ибрахим – №41 аят.
[4]Сахих Муслим, Китабуз зикр – №(2733) 4914 хадис.
[5]Ибн Мажа, Китабуль Атгыма – №3252 хадис.",October,10,2014,17,2014-10-17,2026-01-08,4101,Dhu al-Hijjah
Правильно ли говорить что «Всевышний Аллах везде»?,https://islam.kz/ru/questions/veroubejdenie/pravilno-li-govorit-chto-vsevyshnii-allah-vezde-18/,"16 октября 2014 г., 10:33",12482,51,,"Выражение «Всевышний Аллах везде» использовали приверженцы течения Мугтазила[1]. Они говорят: «понятие Всевышний Аллах везде – не в буквальном смысле, а в переносном смысле», т.е. соответствует Его совершенному качеству, что Аллах Всезнающий, управляет во вселенной. Хотя в вышесказанном течении были и те ученые, кто принимал это понятие в прямом смысле[2].

Наши ученые не приветствовали применение понятия «Всевышний Аллах  везде» в каком бы смысле не было. Применять это выражение в прямом смысле – приводит к неверию. Потому что бросает тень на веру в «таухид» (единобожие)[3]. А для того чтобы передать переносный смысл не обязательно использовать выражение  «Всевышний Аллах везде».

Об этом влиятельный ученый «Матуридитской школы акиды» Абу Муъин ан-Насафи (г.с. Х/507 г. М/1114г.) в своей книге «Табсиратул Адилла» пишет следующее:

«Течение Мугтазилит и Нажжария говорят: «Всевышний Аллах везде. Это означает всезнающий, всемогущий, управляющий во вселенной». Они принимают наше точку зрения относительно того, что «Всевышний Аллах не имеет место. Мы тоже принимаем их веру в то, что «Всевышний Аллах всезнающий, управляющий во вселенной». Разница состоит только в использовании выражения «Всевышний Аллах везде». Но для того, чтобы объяснить, что Всевышний Аллах Всезнающий, нуждаются ли они в применении такого некорректного выражения «Всевышний Аллах везде»? Если применять это выражение, в буквальном смысле, то оно приведёт к неверию и к заблуждению. Что привело к необходимости использования такого выражения? Такое выражение не встречается не в одном аяте, не в одном известном(машхур)хадисе. Когда такое выражение не используется не в аятах, не в хадисах мы должны быть далеки от применения такого некорректного выражения. Успех и помощь от Всевышнего Аллаха»[4].

Итак, в каком бы смысле не было использование выражение «Всевышний Аллах везде» не правильно. Вместо этого нужно применять выражение «Всевышний Аллах Всезнающий. Ине скрыто от Него ничего».

В этой связи  нужно сказать, что по акиде Ахли сунна, Всевышний Аллах не имеет место. Пречистый Аллах был и до сотворения места. Все места исчезнут (не вечны), а Всевышний Аллах как был безначально, так и остается неизменным». Он не на Арше (Трон) и не на небе. Он не имеет не направление и стороны(не на небе, не левой, не правой стороны и.т.д.)[5].. Говорить, что Всевышний Аллах имеет место, бросает тень на Его совершенное качество: «Кидам – безначальность и бесконечность». Потому что в этих выводах есть признаки сотворённого.

Имам Матуриди говорит:«…В действительности определять место для Всевышнего Аллаха или говорить, описывая «Сам Всевышний Аллах(Би Затиһи)везде» - обозначает что, Всевышний Аллах нуждается в расположении, в обосновании в определенном месте. Как и другие существа, которые располагаются в одном месте, изменяются, нуждаются в обосновании в определённом месте…»[6]. Истина – известно Богу!","[1] Мутазилиты – религиозно-философское течение, которое ставит приоритет поучения уму-разуму наставлениям (аятам и хадисам).
[2] Абул Юср ал-Баздауи: Усулуддин – 40 с. Каир.;  Әбу Муъин ан-Насафи: Табсиратул Адилла – 1/329 с. «ал-Мактабатул Азһария Лит Турас». 2011 г. Каир.
[3] Абу Муъин ан-Насафи: Бахрул Калам – 120с. «Дарул Фурфур» 2000 г. Дамаск-Сирия.
[4] Абу Муъин ан-Насафи: Табсиратул Адилла – 1/335 с. «ал-Мактабатул Азһария Лит Турас». 2011 г. Каир.
[5] Абул Юср ал-Баздәуи: Усулуддин – 40 с. Каир
[6] Имам Матуриди, Китабут Таухид-132 с. Бейрут.",October,10,2014,16,2014-10-16,2026-01-08,4102,Dhu al-Hijjah
Как относится Ислам к занятию йогой?,https://islam.kz/ru/questions/veroubejdenie/kak-otnositsya-islam-k-zanyatiyu-iogoi-17/,"15 октября 2014 г., 9:02",77792,35,"Дильшат: Можно ли заниматься медитацией или йогой?

Морган: Ассаламу алейкум! Известно, что собственный нафс враг человека. Скажем, упражнения йоги благотворно влияет на человеческий организм. Если мусульманин не принимает убеждения йоги, а только выполняет упражнения из йоги, как в таком случае шариат относится к этому?

Нурбол Оспанов: Можно ли мусульманину заниматься йогой?","Уа алейкум ассалам уа рахматуллахи уа баракатух!

Родина йоги – Индия. В более узком смысле, йога  - это одна из шестиортодоксальныхшкол (даршан)философии индуизма[1].  Согласно исследованиям исламских учёных, «Йога» - это не только комплекс упражнений, также это одна из форм поклонения солнцу. Основное название йоги Сурйа Намаскар (в переводе Приветствие Солнца), что на санскрите означает «поклон пeред солнцем на восемь частей тела». И они указали, что этими частями тела являются: ступни, колени, руки, грудь и лоб.

Йога состоит из целого комплекса упражнений. Сурья намаскар (Приветствие Солнцу) - очень известная и самая важная техника в йоге. При выполнении этих упражнений упражняющийся должен громко повторять священные слова, они называются мантрой. Самыми известными мантрами являются следующие слова: «Ом храм, ом храйм, ом храум, ом хара». Эти сова означают: «О, Боже».

В дополнении к этому необходимо повторять двенадцать имён солнца, потому что это важная и основная часть йоги. Среди имен солнца:

Если человек желает, чтобы Йога была сильной и полезной, то ему необходимо быть обнаженным при восходе и закате, чтобы встретить солнце.  Особенно грудь, спина и бедра. Если он находится в здании и не может видеть солнца, то ему дозволено нарисовать солнце на стене.

Таким образом, якобы у него улучшиться зрение и его внимание, его тело, его способности, его мышление и сердце сфокусируется на солнечном диске.

Значит, воспринимать йогу только как спортивные упражнения – ошибочное мнение. Хотя, нам (особенно в мусульманских странах) предлагают йогу, как комплекс упражнений, на самом деле есть основания считать, что в этом кроется религиозно-философское понятие.

О йоге известный учёный Ю.Кардауи сказал следующее:

«Йога – одна из форм поклонения в индуизме. С помощью йоги они приближаются к древним богам. Зная эти особенности, мусульманин не должен выполнять эти упражнения уподобляясь им. Потому что в исламе, поклонение основывается на вере в Таухид. Никто не может приписать еще одну форму поклонения и также не может придумать другую форму поклонения[3]... Тем мусульманам, которые говорят о том что, будут выполнять упражнения в качестве спортивных упражнении, а не в качестве поклонения, и не преследуют цели поклонения или же то, что они не придерживаются идолопоклонничества, советуем: Самое правильное и самое благочестивое решение – быть далёким от уподобления им.… Ведь достопочтенный Пророк говорит: «Оставь то, что внушает тебе сомнения, (и обратись) к тому что сомнений у тебя не вызывает». Ислам (не говоря уже о поклонении) строго запрещает уподобляться в поведении и в образе идолопоклонникам. Шариат запрещает совершать намаз на восходе и на закате. Потому что, идолопоклонники совершают поклонения в эти времена. Смысл запрета Пророком от совершения намаза в эти времена – предупредить от совершения плохого  поступка. Если мусульманин в это время суток  совершит намаз, то естественно он будет поклоняться Всевышнему Аллаху (но ислам в целях избегания уподобления идолопоклонникам, запрещает молиться в эти времена)…»[4].

Итак, мусульманин не должен заниматься Йогой. Вместо этого должен совершать пятикратный намаз, который предписал Ислам. Намаз – регулирует поведение человека и помогает достичь душевного покоя и умиротворения. А пост, в свою очередь воспитывает духовную сторону человека, учит держать себя в руках и  помогает стать более терпимым и улучшает здоровье.  Кто даст гарантия на то, что мусульманин, занимаясь Йогой, в будущем не примет основы этой религий и не впитает жизненные мировоззрения индуизма. Ведь Пророк (мир ему и благословения Аллаха) предупреждал нас в хадисах:«Кто подражает людям, тот из них».","[1] https://ru.wikipedia.org/wiki/Йога
[2] http://fatwa.islamweb.net/fatwa/index.php?page=showfatwa&Option=FatwaId&Id=1043
[3] Бухари – 2697 хадис.
[4] http://www.qaradawi.net",October,10,2014,15,2014-10-15,2026-01-08,4103,Dhu al-Hijjah
Можно ли пересадить клапаны сердца свиньи человеку?,https://islam.kz/ru/questions/meditsina/mojno-li-peresadit-klapany-serdtsa-svini-cheloveku-15/,"13 октября 2014 г., 8:20",9677,12,"На сегодняшний день с развитием медицины наука предусматривает пересадку органов животных на людей. В некоторых странах делаютоперации по трансплантации человеку глазной роговицы свиньи, кожи иклапана сердца свиньи. Можно ли пересадить клапаны сердца свиньи людям? Дастан.","Имам Шафийтского мазхаба ан-Навави (хиджра 631-676гг.) говорит следующее:

«Если случился перелом (костей) ног, то нужно заменить его костями животных, которые не считаются наджасом. Запрещается при этом использовать кости животных, которые считаются наджасом. Если нет крайней необходимости в использовании костей запрещенных животных, и если есть другой разрешённый аналог этому, то использование костей запрещенных животных считается греховным деянием»[1].

Из этого следует, согласно шариату все органы свиньи считаются нечистыми (наджасом)[2], поэтому к их помощи следует прибегать в исключительных случаях. Точнее, если нет другого органа для пересадки или же если его польза минимальна.

Потому что в Исламе если человек голодает и кроме свинины (нечистого животного) питаться больше нечем, то он вправе употреблять ее, чтобы не погибнуть, такое же решение распространяется относительно трансплантации органов свиньи. Поэтому, если по решению врачей, лучшим выходом из положения является трансплантация клапана сердца свиньи, то это не считается грехом. Истина – известна Богу.","[1] Ахкаму ал-Жаррахати ат-Тыббия – 401 стр.
[2] Ал-Фатауа ал-Хиндия: Китабул Караһат – 5/434 стр.",October,10,2014,13,2014-10-13,2026-01-08,4105,Dhu al-Hijjah
Почему мужчинам запрещено носить золотое кольцо?,https://islam.kz/ru/questions/raznoe/pochemu-mujchinam-zapresheno-nosit-zolotoe-koltso-14/,"11 октября 2014 г., 10:26",5990,22,"Ассаламуалейкум!Как известно, ислам запрещает мужчинам носить золотое кольцо. Также не секрет, что под каждым запретом нашей религий  кроется большой смысл. Наверное, и в этом запрете есть свои причины. Прошу вас разъяснить смысл этого запрета. Жомарт","Уа алейкум ассалам, Вы правильно заметили Жомарт! Если ислам запрещает какие-нибудь поступки, то ему обязательно есть адекватное объяснение.

В давние времена, когда ислам только начал распространятся среди населения, люди насмехаясь над одним бедуином, который принял ислам, спросили причину его верования в Ислам, тогда бедуин ответил: «Как же я могу не принимать ислам, когда мой разум полностью солидарен с требованиями Ислама? Действительно, если проникнуть в суть каждого запрета, не трудно заметить что в каждом из них есть свое благо.

Золотое кольцо - запретная (харам) роскошь для мужчин, об этом свидетельствует священные хадисы Пророка (да благословит его Аллах и приветствует). А смысл запрета можно разъяснить всесторонне. Если  этот вопрос рассмотреть с медицинской точки зрения, золото нарушает гормональный фон сильного пола, что в свою очередь приводит к нарушению функций семья. Оказывается, со временем золото окисляется и начинает выделять в организм некие вещества, способные крайне негативно влияет именно на мужское здоровье, впоследствии мужчина становится бесплодным. Получить сбой в работе мужских половых органов можно от доли миллиграмм выделенных оксидов[1]. А вот, как ни странно, женщины могут не опасаться негативного влияния золото. Их гормональная система не подвержена воздействию продуктов окисления этого благородного металла. «Золото, благодаря его тонизирующему действию, очень подходит дамам бальзаковского возраста и лицам, страдающим заболеваниями сердца»[2].

Наверное, достопочтенный Пророк (да благословит его Аллах и приветствует) в своих хадисах предостерегал нас от вредного говоря:«Золото и шелк дозволено – женщинам моей уммы, а мужчинам – запрещено»[3].","[1] http://1goldring.ru/vliyanie-zolota-na-organizm-cheloveka
[2] http://www.baby.ru/blogs/post/110705/;    http://top.rbc.ru/health/17/04/2013/854412.shtml
[3] Ибн Мәжә, Бабу Лубсиль Харири уәз зәһәб, 3595-хадис.",October,10,2014,11,2014-10-11,2026-01-08,4107,Dhu al-Hijjah
Можно ли читать Коран в перчатках без омовения?,https://islam.kz/ru/questions/poklonenie/omovenie/mojno-li-chitat-koran-v-perchatkah-bez-omoveniya-13/,"10 октября 2014 г., 10:04",17513,12,Здравствуйте. Разрешается ли человеку без омовения читать Коран в перчатках? Спасибо. Пусть Аллах будет доволен вами. Гулим.,"Здравствуйте, госпожа Гулим! Для начала нужно отметить, что человеку без полного омовения (гусуль) запрещено прикасаться к Корану и читать его по памяти. А, человеку без малого омовения разрешается читать Коран по памяти, но возбраняется прикасаться к нему[1].

Теперь перейдем к вопросу, во всех четырех мазхабах ученые единогласны в том, что к Корану запрещено прикасаться без малого и полного омовения[2]. Потому что в Коране говорится:«Воистину, это благородный Коран, находящийся в хранимом Писании. К нему прикасаются только очищенные».Достопочтенный Пророк Мухаммед (да благословит его Аллах и приветствует) в письме направленный Йеменскому народу велел:«Пусть не прикасается к Корану никто, кроме чистого»[3].

По мазхабу Ханафи и Ханбали, к Корану можно прикасаться без малого и полного омовения, через преграду с теми предметами, которые напрямую не соприкасаются со Священной книгой[4]. Например: футляр, ткань, бумага и др.

Также, большинство ученых Ханафитского мазхаба считают, «что нельзя держать Коран подолом одежды. А также человеку без малого и полного омовения прикасаться Корану даже с помощью рукава одежды считается нежелательным (макрух) поступком (близок к запретному действию)»[5].

В заключении ко всем выводам: «Прикасаться Корану без омовения в перчатках не правильно, потому что и перчатки одетые в руки относится к рукам. То есть, держать Коран в перчатках, все равно что держать его голыми руками».

А что касается случаев покупки Корана из книжного магазина (зимой) и поднять Коран из-под ног в перчатках, то в этих вынужденных обстоятельствах нет ничего осудительного. Потому что, также есть группа ученых Ханафитского мазхаба, которые считают, что «к Корану можно прикасаться без малого и полного омовения подолом чапана и рукавами одежды. А запрещающий хадис подразумевает, прикасаться к Корану без каких-либо преград»[6].","[1] Абу Дауд: Китабут Тахарат –фил джунүб якраул Коран – 229 хадис; Тирмизи – 146; Насаи – 265.
[2] Бидаятуль мужтахид – 39 стр; ан-Науауи, Раузатут талибин – 1/80 стр; ибн ал-Кудама, ал-мугни – 1/137 стр.
[3] Даракутни - №433 хадис.
[4] Ал-Жаухара – 50 стр.; Если внешняя обложка Корана приклеена и пришита, то она считается частью Корана, поэтому нельзя прикасаться к ней без омовения. Если обложка отделена от книги, то к ней разрешается прикасаться без малого и полного омовения.
[5] Фатауа ал-Һиндия – 1/43 стр;
Ал-Бахрур Раик – 1/350 стр, (Хашия).
Ал-Хидая и его шарх ал-Биная-1/652 стр; ал-Бахрур Раик – 1/350 стр;
[6 ].
Ал-Мухытул Бурхани фил фикхи ан-Нугмани – 1/77 стр.",October,10,2014,10,2014-10-10,2026-01-08,4108,Dhu al-Hijjah
Почему нельзя спать на животе?,https://islam.kz/ru/questions/raznoe/pochemu-nelzya-spat-na-jivote-12/,"9 октября 2014 г., 9:40",37002,49,"Ассаламуалейкум!На каком боку желательно спать, когда отправляешься в постель? Канат.","Уа алейкум ассалам, Канат! Сообщается, когда Пророк (да благословит его Аллах и приветствует) перед тем как собирался отдыхать, он совершал омовение, читал молитву и ложился спать на правый бок [1] и правую руку клал под правую щеку[2].

Потому что спать, улегшись на правый бок полезно, во-вторых, в таком положение лучше спится. Полезно тем, что сердца и желудок человека находится на левой стороне, человек, который лежит на левом боку может сплющить эти органы. Но это не означает, что вообще нельзя, ложится на левый бок.

А лежать на спине – дозволено. Потому что, есть хадисы Пророка (да благословит его Аллах и приветствует) о том, что он лежал на спине[3].

Нежелательным (макрух) поступком считается – лежать на животе. Достопочтенный Пророк (да благословит его Аллах и приветствует) порицал спать на животе, об этом сподвижник Абу Зарр сказал следующее: «Как-то я лежал на животе и Пророк (да благословит его Аллах и приветствует) проходя мимо меня, ткнул меня ногой и сказал: «Уа Джунайтаб! Это способ лежания обитателей Огня»[4].

Также в одном хадисе, переданный Абу Хурайрой говорится следующее: «Пророк (да благословит его Аллах и приветствует) увидел человека, спящего на животе, и сказал:«Воистину, такой сон ненавистен Аллаху и Его посланнику»[5].

Медики, также в свою очередь напоминают о вреде такого положения тела. По итогам исследования сексопатологов Испании, спать на животе вредно не только мужчинам, но и женщинам тоже.

А также для тех, кто хочет сохранить красивую внешность, специалисты советуют,приучить себяспать на спине, так у вас будет меньшеморщинна лице. Кстати, японские женщины уже практикуют такой способ сохранения красоты.

Итак, принимая во внимания вышесказанные хадисы, специалисты пришли к следующему выводу: «лежать на правом боку – сунна, лежать на левом боку или спиной – дозволено, а спать на животе - макрух».","[1] Аскалани, Фатхуль Бари – 5955 толкование хадиса.
[2] Бухари, Китабуд Дагауат, 5956-хадис.; Муслим – (683) 1101.; Насаий, Китабус Сиям – 2367.
[3] Бухари, Китабул Либас, Бабуль Истилка – 5624.
[4] Ибн Мажә, Китабуль Адаб – 3224.
[5] Тирмизи, Китабуль Адаб – 2768 хадис.",October,10,2014,9,2014-10-09,2026-01-08,4109,Dhu al-Hijjah
"Можно ли принимать лекарства, в составе которых есть спирт?",https://islam.kz/ru/questions/meditsina/mojno-li-prinimat-lekarstva-v-sostave-kotoryh-est-spirt-10/,"8 октября 2014 г., 19:30",71978,23,"Ассаламуалейкум! Уважаемые сотрудники сайта в прошлый раз, когда я заболел, доктор прописал мне жидкое лекарство,  оказалось,  основная доля состава этого лекарства состоит из спирта. Можно ли пить такое лекарство? Азамат.","Уа алейкум ассалам!Господин Азамат, ислам призывает заболевшего человека лечиться. У достопочтенного Пророка (да благословит его Аллах и приветствует) как-то спросил один бедуин:«О, Пророк! Если мы заболеем, лечиться ли нам?».Тогда Он (да благословит его Аллах и приветствует) ответил:  «Конечно. Эй, рабы Аллаха, если вы заболеете, лечитесь! Всё лечится кроме старости»[1].Но это не означает, что можно принимать любое лекарство. Основное требование шариата, относительно этого, чтобы в лекарствах не содержалось запретные вещества. Потому что Пророк  запрещал лечиться запретными веществами[2]. Принимая во внимания вышесказанное требование, Исламский Союз Фикха в проведенном в 2002 году с 5 по 10 января в городе Мекка в очередном заседании вынес следующее постановление:«… Разрешается принимать лекарства, в составе которых содержится небольшая доля спирта, поназначениюнадёжного врача, в случае если нет аналога, который не содержит спирта. А сам спирт можно использовать, как антисептическое средство для обработки ран, т.е. для наружного применения. Кремыдля тела,  которые содержат спирт,  относятся к категории дозволенного.   Но всё же, призываем фармацевтических центров в мусульманских странах, выпускать медикаменты без спирта и так же, призываем врачей прописывать больным лекарства, в составе которых не содержится спирт… »[3].

Некоторые учёные придерживаются следующей точки зрения:«При производстве лекарствав виде таблеток,они подвергаются термообработке в высоком температуре, в этом случае спирт, превращаясь в пар, теряет своё свойство.  Поэтому эти лекарства не противоречат нормам шариата.  А влекарственных настойкахв основном спирт сохраняет своё свойство, поэтому следует искать другие аналогичные лекарства.   Разрешается принимать лекарства со спиртом только в исключительных случаях, когда нет другой альтернативы»[4].

Итак, для начала нужно проконсультироваться с врачом и попытаться найти лекарства, не содержащие спирта. А если вы не найдёте лекарство без спирта, можете принимать лекарство прописанное вам врачом.","[1] Тирмизи – 4/383
[2] Әбу Дауд – 4/217 бет.; Бухари.
[3] Доктор Ахмәд Сәлүс, Маусуғатуль Қадоял фиқһиятиль мұғасыра – 719-720 бет. Қатар.
[4] Сағдуд Дин Әл Кубби, Әл-Муғамалатуль Малитуль Муғасыра – 388-394 бет.  Бәйрут. 2002 ж.",October,10,2014,8,2014-10-08,2026-01-08,4110,Dhu al-Hijjah
Как относится Ислам к ношению браслетов Power Balance?,https://islam.kz/ru/questions/meditsina/kak-otnositsya-islam-k-nosheniyu-brasletov-power-balance-11/,"8 октября 2014 г., 18:34",6197,14,Ассаламу алейкум!Какое предписание утверждёно по шариату относительно браслетовPowerBalance? Сырым Рахымжан,"Уа алейкумсалам!  Уважаемый Сырым, в сборниках хадисов приводится следующий хадис: однажды Пророк (да благословит его Аллах и приветствует) заметив на кисти рук (или предплечье) у одного мужчины предмет похожее на браслет, спросил:

- Это против слабости[1], - ответил тот человек. Тогда Пророк (да благословит его Аллах и приветствует) сказал ему:

- Это только усилит твою слабость. Сними его. Если бы ты умер в них, ты бы никогда не спасся (от мучения Аллаха)[2] .

Какую бы болезнь ни ниспослал Аллах, Он обязательно ниспосылает и средство её исцеления[3].Есть две пути исцеления от болезни:

1) Лечение чтением определенных сур из Корана и читать дуа из хадисов

2) Лечение с помощью научно доказанных медикаментов.

Шариат запрещает искать пути исцеления по воображению и по вероятности и призывает действовать согласно причине и следствий болезни.

Просматривая страницы в Интернете, мы прочли такую информацию: браслеты Power Balance — сделаны на основе силикона, с голографическим диском, суть работы который базируется на принципах восточной философии и медитации. Также говорится о том, что при их ношении улучшаются результаты в спорте, укрепляет иммунитет перед простудными заболеваниями и якобы сжигает лишний вес[4].

Но медицинская эффективность браслета не доказана медициной. В 2011 году производителю был выдвинут судебный иск и в итоге компания в качестве компенсации каждому покупателю, не удовлетворенному приобретенным браслетом, обязывалась возместить полную стоимость покупки. А также доктора из России и США разграничили использования лечебных продукций из турмалина[5].

Итак, ношения браслета, Power Balance  медицинская эффективность которого еще не выявлена, мы считаем ненужным. Истина – известно Богу.","[1]     قال من الواهنة
[2] Ахмед ибн Ханбал: مُسْنَدُ الْعَشَرَةِ الْمُبَشَّرِينَ بِالْجَنَّةِ ... - №19549 хадис.; Ибн Мәжә - №3530 хадис.
[3] Сахих Бухари – 5678.
[4] http://energybraslet.com/
[5] http://baq.kz/kk/regional_media/post/59319",October,10,2014,8,2014-10-08,2026-01-08,4110,Dhu al-Hijjah
На каком языке будем отвечать в загробной жизни?,https://islam.kz/ru/questions/veroubejdenie/na-kakom-yazyke-budem-otvechat-v-zagrobnoi-jizni-4/,"8 октября 2014 г., 18:05",10915,14,"Здравствуйте! На каком языке будет отвечать человек на вопросы двух ангелов в загробной жизни?

Ассаламуалейкум! Мы часто слышим о том что «Арабский язык – язык рая», является ли это хадисом? На каком языке будем разговаривать в раю? Ардак","Уа алейкумсалам! Тот мир (загробный) – неведомый нам мир, который наш разум не в состоянии понять. Об этом мы можем узнать из слов Всевышнего Аллаха и Пророка (мир ему и благословление Аллаха).

В хадисах было изложено о том, что после погребения усопшего, два ангела будут ему задавать вопросы, и о том, что для муминов откроются двери рая и к нему будут идти ароматы и благоухания рая, могила их расшириться до видимого расстояния. Ну а кяфирам (неверующим) откроются двери ада и к нему будут идти жар и ядовитое зловоние ада, и ужмётся его могила настолько, что рёбра его перепутаются[1]. Но, нет конкретных сведений о том, на каком языке будет отвечать человек на вопросы ангелов в загробной жизни.

А если говорить о рассуждении что «Арабский язык – язык рая», в сборниках хадисов ат-Табарани и ал-Хаким приводится следующий слабый хадис от сподвижника Абдулла ибн Аббас и Абу Хурайра (р.а.) Пророк (мир ему и благословление Аллаха) сказал:

«Любите арабов из-за трёх причин: за то, что я араб, Коран ниспослан на арабском языке и что речь обитателей Рая тоже на арабском языке»[2].

Имам Табарани (р.а.) об этом хадисе сказал следующее:«в цепочке передатчиков есть человек по имени Ъала'ибн ал-Ханафи». Все единогласно согласились что он «слабый передатчик (рауи)[3]».

Также вышесказанный ученый сказал следующее о варианте переданный Абу Хурайрой (р.а.):«В цепочке передатчиков хадиса есть человек по имени Абдулъазиз ибн Ъимран». Хадисы, переданные им не принимаются»[4].

Так как хадис о том, что «Арабский язык – язык рая» является «слабым», трудно основываясь на нём определенно точно сказать что «в раю будем разговаривать на арабском языке».

Как бы там не было, ясно одно, на том свете будет общий язык, который даст возможность  понять  друг-друга.","Пусть Всевышний Аллах смилуется над нами и дарует нам быть из числа обитателей Рая!
[1] Абу Дауд – 4753; Ахмед – 18063.; Мустадрак – (53) 114.
[2] Ал-Хайсәми, Мужмаъуз зауаид – 10/18 стр., №16600 хадис; ал-Мустадрак: Китабу маърифатис сахаба – 4/98 стр.
[3] Передатчик хадисов
[4] Ал-Хайсами, Мужмаъуз зауаид – 10/18 стр.",October,10,2014,8,2014-10-08,2026-01-08,4110,Dhu al-Hijjah
Можно ли наносить «мехенди» (менди) мусульманкам?,https://islam.kz/ru/questions/dlya-jenshin/mojno-li-nanosit-mehendi-mendi-musulmankam-8/,"8 октября 2014 г., 17:20",49527,103,Можно ли наносить роспись по телу хной? То есть «Мехенди» разрешена в Исламе или нет? Мира Миллер.,"«Мехенди» - это красивая роспись по телу хной. Среди учённых нет споров, относительно дозволенности нанесение рисунка хной на руки и ноги.

Потому что Пророк во многих хадисах советует женшинам расписывать руки хной. Так, в одном хадисе Пророк сделал замечание одной женщине, сказав:«Разукрась руки хной. Некоторые из вас не украшают руки, уподобляясь мужчинам»[1], т.е. руки женщины должны быть хрупкой, нежной и приятной, а не грубыми, как у мужчин. После этого случая, та женщина наносила хну на руки до восьмидесяти лет.

Но, по мазхабу Шафий, наносить хну разрешается только замужним женщинам. А незамужним окрашивание хной считается нежелательным (макрух) поступком. По мазхабу Малики и Ханафи вне зависимости от статуса женщины, разрешается наносить хну. Здесь подразумевается нанесение хны без всякого декора.

А нанесение хны с разными узорами разрешается замужней женщине,  с позволением мужа[2].

Примечание:В наше время для сочности цвета в неё (хну) добавляют парафенилендиамин, который может вызвать аллергию. Поэтому при использовании хны нужно учитывать этот факт.","[1] Ахмад ибн Ханбал, муснад.; ал-Һайсами: Мажмаъуз зауаид. В цепочке передатчиков хадиса есть дефект.
[2] Доктор Имаил Мухаммед Шанди: Хукмул Хидзаб фиш Шариғатил Исламия. Кудус. 2003 г.",October,10,2014,8,2014-10-08,2026-01-08,4110,Dhu al-Hijjah
Правда ли что нельзя дарить часы?,https://islam.kz/ru/questions/veroubejdenie/pravda-li-chto-nelzya-darit-chasy-6/,"30 сентября 2014 г., 17:13",31618,16,"Ассаламуалейкумуа рахматуллахи уа баракатух!Я слышал, что если парень с девушкой, муж с женой подарят друг-другу часы, то, что они разойдутся, разведутся. Конечно, каждая вещь от Аллаха. Помогите разобраться насчет этого. Спасибо, пусть Всевышний Аллах будет доволен вами. Нурсила Кайдарова","Уа алейкум ассалам уа рахматуллахи уа баракатух! Уважаемая Нурсила, в нащем обществе, хотя частично, но есть те, кто придерживается данного предубеждения. Мол, часы – знак расставания. Согласно примете, если часы остановятся, то, и отношения молодоженов тоже разорвутся. В Китае если дарят часы, то принимают это как приглашение на похороны. У Славянских народов: если вы дарите часы, значит, вы вместе с ними дарите печаль, несчастье, и сожаление.

Но наша благородная религия ислам призывает каждый случай не клонить к плохой примете и не верить приметам, не менять поведение, основываясь на них. В сборнике хадисов переданный Сахих Бухарии чтимый Пророк (с.а.у.) сказал:«В Исламе Тияра–(толковать как плохая примета)нет, самое лучшее – Фа'л(предполагать к хорошему)». (Тогда рядом стоящие спросили):«Что такое «Фа'л»?.Тогда Пророк сказал:«Хорошее слово, который слышит каждый из вас»[1].

Итак, каждый из нас должен избавиться от ошибочных убеждении и основывать свою жизнь на правдивость. Нужно толковать обнадеживающими словами, стимулирующими к жизни, как говорится «Благое слово-половина достатка».

Поэтому, запрашиваемый вами поверье наша религия не одобряет. Такое утверждение нужно воспринимать как ошибочное мнение некоторых людей.",[1] Сахих Бухари: Китабут Тыб – Бабу аттияра.,September,9,2014,30,2014-09-30,2026-01-08,4118,Dhu al-Hijjah
Можно ли верить прогнозу погоды в Исламе?,https://islam.kz/ru/questions/veroubejdenie/mojno-li-verit-prognozu-pogody-v-islame-5/,"30 сентября 2014 г., 17:10",12846,4,"Сторожилы прогнозируют погоду, глядя, на внешний вид Луны и состояния звезд, на рассвет и закат. Если луна в новолунии обращена рогами к небу, а выпуклою частью к земле, в народе говорят «Удобно для себя, неблагоприятно для народа». Если солнце летом садится во мгле, красноватое — к засухе». Можно ли верить таким предсказаниям? Ведь в шариате нельзя верить астрологам и гадалкам? Не относится, ли веритьастрометеорологиик категории запретной исламом?Ахлима Сембаева,ЮКО.","Госпожа Ахлима, прогноз погоды - это жизненный опыт, накопившиеся веками, который опирается на ежедневные наблюдения над природными явлениями. Это не противоречит нормам шариата, потому что основывается на опыте и науке.  Потому что Всевышний Аллах, сотворил природные законы и многое подвластно им. Человек изучая эти законы, может предположить прогноз погоды на завтрашний день.

Поэтому, нет ничего осудительного в том что, если человек, полагаясь на прогноз погоды,  планирует свои дела на завтрашний день.

Прогнозы о том, что если луна в новолунии обращена рогами к небу, а выпуклою частью к земле, «Удобно для себя, неблагоприятно для народа» -это к морозом и «если на закате небо красноватое, то завтрашний день погода будет ясным» эти предсказания являются результатом наблюдения над природными явлениями кочевого народа.

О том насколько совпадают эти предсказания с астрономией нужно узнать у специалистов астрономии.",,September,9,2014,30,2014-09-30,2026-01-08,4118,Dhu al-Hijjah
Можно ли изгонять джиннов с помощью  растения гармала (адыраспан)?,https://islam.kz/ru/questions/veroubejdenie/mojno-li-izgonyat-djinnov-s-pomoshyu-rasteniya-garmala-adyraspan-3/,"30 сентября 2014 г., 17:01",81876,262,Ассаламу алейкум! Некоторые люди с целью очистить дома и квартиры от сглаза и джиннов зажигают в домах растение гармала. Правильно ли так делать? Шынар,"Уа алейкумсалам! Госпожа Шынар, у казахов действительно есть такое древнее поверье[1]. Такой метод очищения применяется в медицинских целях, а также, озвученной вами - для изгнания джиннов[2].

Вообще гармалу (адыраспан) можно использовать в целях дезинфекций от разных микробов. Но нет конкретных доказательств в мусульманском вероучении, о том, что это растение действительно изгоняет джиннов или о том, что от его запаха избегают джинны.

А для того чтобы определить, что гармала обладает таким свойством,   необходимо специальное исследование.

Поэтому если необходимо очистить дом от джиннов нужно читать суры Корана. Так как Пророк (да благославит его Аллах и приветствует) сказал:«Шайтан убегает из дома, в котором читали суру Бакара».Также в одном хадисе говориться следующее:«Не превращайте свои дома в могилу (совершая намаз, читая Коран, поминайте Аллаха!). Воистину, шайтан сторонится от дома, в котором читали суру Бакара»[3].","[1] Универсальный словарь казахского языка
[2] http://kk.wikipedia.org/wiki/ Адыраспан
[3] Тирмизи, Фазаилуль Коран, 2877 хадис.",September,9,2014,30,2014-09-30,2026-01-08,4118,Dhu al-Hijjah
Можно ли верить в астрологический прогноз?,https://islam.kz/ru/questions/veroubejdenie/mojno-li-verit-v-astrologicheskii-prognoz-1/,"30 сентября 2014 г., 16:49",5375,5,"Ассаламу алейкум! Каждый день в СМИ (по радио, по телевизору, в газетах и журналах)опубликовываютастрологический прогноз? Можно ли руководствуясь им планировать ежедневные дела? Аманжол.","Уа алейкумсалам! Аманжол, до появления ислама арабы, перед тем как воевать, ехать куда-либо, жениться, заниматься торговлей делали прогноз с помощью камней, т.е. гадальными камнями (азлам)[1]. На некоторые из камней писали «Бог поддерживает», а на другие «Бог не одобряет». После перемешивают их, и вытаскивают один из них, и действуют согласно надписи на камушке[2]. После Ислам запретил называя гадание «большим грехом .: «Вам запрещены…гадание по стрелам. Все это есть нечестие»[3]

Так как, данный аят охватывает и астрологический прогноз, нельзя руководствуясь астрологическому прогнозу планировать ежедневные дела[4].","[1] С арабского языка «залам-стрела (без перьев) - для гадания».
[2] Тафсир Табари – 8/72-77 стр.  Каир – Египет.
[3] Сура Трапеза – 3 аят.
[4] Ал Маусугатуль Фикһия – 35/172 стр. Кувейт.",September,9,2014,30,2014-09-30,2026-01-08,4118,Dhu al-Hijjah
Можно ли обтирать голову при омовении  сверху платка?,https://islam.kz/ru/questions/dlya-jenshin/mojno-li-obtirat-golovu-pri-omovenii-sverhu-platka-7/,"25 сентября 2014 г., 17:17",9869,12,"Я слышала, что можно обтирать голову при омовении сверху платка, правда ли это? Айнура","Уважаемая Айнура, женщины, как и мужчины должны при омовении протереть мокрыми руками (масх)[2]минимум одну четвертую[1]  часть головы. Протирание головы сверху платка считается недействительной. Потому что Всевышний Аллах, указывая на части тела, которые должны быть очищены водой приказал:«Протирайтеголову», - т.е. нужно обтиратьмокрыми рукамине платок и не чалму, а именно голову.Предписание Всевышнего Аллаха должно быть выполнено без изменений.

Это фетва по мазхабам Ханафи, Малики и Шафий[3]. По некоторым сведениям Имам Ахмад ибн Ханбал считает, что «женщина должна протирать голову не сверху платка, а просунув свои руки в платок, протирать под платком» [4].

В доказательство можно привести хадис, переданный Абу Бакр ал-Байхакии  (г.с.: Х.458г.) в котором говорится:«Мать правоверных Хазрет Айша при омовении,протиралаголову, просунув руки под платок»[5].

А также, супруга сподвижника Абдулла ибн Омара Сафия бинт Ъубайд при омовении развязывала платок и протирала голову мокрыми руками [6].

В книге сборников хадисов Абу Дауда сообщается, что Анас ибн Сабит сказал:«Я видел как посланник Аллаха (да благословит его Аллах и приветствует), совершал омовение (вудуъ), и на нем была кьитрийская чалма. Он просунул свою руку под чалму, и обтер переднюю часть головы, не развязывая чалму»[7].

Итак, протирания головы женщиной сверху платка – не считается омовением.","[1] Абу Дауд: «Бабул Масхи ъалял Ъамама»- №147хадис. Муслим – №274 хадис. Хидая: Китабут Тахарат. Ал-Биная).
[2] Сура Трапеза – 6 аят.
[3] Ас-Сарахси, ал-Мабсут: «Масху ъалал-Хаффайни» - 1/101стр;
Ал-Кирафи ал-Малики, аз-Зухайра: «Китабут Таһарат» – 1/267 стр.;
[4] Ибн Кудама, ал-Муғни: «Китабут Тахарат» - 1/313 стр.
[5] Ал-Байхаки: «Бабу ижабил масх бир-ра’си» - №283 хадис. 1/101 стр.
[6] Ал-Байхаки: «Бабу ижабил масх бир-ра’си» - №286 хадис. 1/101 стр.
[7] Абу Дауд: Китабут Тахарат – 147. «Аль-Къитр», от которого берет свое название это слово – это поселение в Бахрейне. Также говорят, что здесь имеется в виду вид плаща. См.: Б. аль-‘Айни «Шарх Сунан Абу Дауд», «Ма’аллим ас-Сунан», «‘Аун аль-Ма‘буд».",September,9,2014,25,2014-09-25,2026-01-08,4123,Dhu al-Hijjah
Говорится ли в Коране определённо точно об обязательстве носить платок?,https://islam.kz/ru/questions/dlya-jenshin/govoritsya-li-v-korane-opredelenno-tochno-ob-obyazatelstve-nosit-platok-9/,"23 сентября 2014 г., 17:23",15063,10,"Раньше я слышала из уст первого переводчика Корана на русский язык И. Пороховой, что в Коране конкретно не говориться о том, что женщина должна носить платок. Позже прочитав, текст из Корана суру «Нур» из книги «Коран дар его Превосходительство Президента РК» столкнулась с противоречием. Прошу вас уточнить этот вопрос. Динара Болат","Уважаемая Динара! Говорить, что в Коране нет ясности, относительно об обязательстве носить платок - неправда. Потому что в суре «Нур» говориться следующее:

«О пророк! Скажи своим жёнам, дочерям и женщинам верующих (мужчин), чтобы они пониже опускали свои широкие головные покрывала (покрывая ими одежду)...».

В этом аяте слово «Хумур» означает платок, а «джуйюб» означает разрез в области груди, т.е. из-за свободного покроя одежды, в частности верхней части одежды груди женщины могут остаться не покрытыми. Аят учитывая и это положение, повелел набрасывать головные покрывало на разрезы на груди. Согласно сведениям, до ниспослания посланнику Аллаха (да благословит его Аллах и приветствует) этого досточтимого аята, внешний вид женщин был иным, они повязывали на голову платки, а задняя часть платка болталась на спине, волосы, шея, уши и даже грудь их были открыты (для всеобщего обозрения). После аят повелел, прикрывать все тело кроме лица и кистей рук[1].

http://islam.kz/",[1] Куртуби. Тафсир суры Ан-Нур «Свет». 31 аят.,September,9,2014,23,2014-09-23,2026-01-08,4125,Dhu al-Qi'dah
